id,identifier,title,classification,subject,session_identifier,jurisdiction,organization_classification
ocd-bill/223e43bd-1056-4b71-ab60-4079f89af9d5,HR 1776,New Health Options Act of 2025,['bill'],[],119,United States,lower
ocd-bill/757c0231-d2d1-408a-a06a-202e3d0abef1,S 693,DHS Better Ballistic Body Armor Act,['bill'],[],119,United States,upper
ocd-bill/be153c8b-cb6d-4bc2-a4e8-b4f2474a309a,S 690,Overdose RADAR Act,['bill'],[],119,United States,upper
ocd-bill/aae01c67-1682-43b0-b4d5-86862e3dc2d7,HR 693,Restoring Confidence in the World Anti-Doping Agency Act of 2025,['bill'],[],119,United States,lower
ocd-bill/c3944c75-caca-4e65-ae2d-910575f0ba68,HR 1806,Triple-Negative Breast Cancer Research and Education Act of 2025,['bill'],[],119,United States,lower
ocd-bill/481d3e06-59d0-4d1c-8392-a03752998039,S 392,Sloan Canyon Conservation and Lateral Pipeline Act,['bill'],[],119,United States,upper
ocd-bill/8b015b9a-51f4-4f04-a8d1-e4ae137cc1d4,HR 1593,Disaster Displacement Assistance Improvement Act of 2025,['bill'],[],119,United States,lower
ocd-bill/0cfa368d-18b9-4778-abaa-9d7d329a0386,HR 1639,BOAT Act,['bill'],[],119,United States,lower
ocd-bill/8fbd3dca-79db-4219-8adb-3269a8ae3e53,HR 1595,Defund NPR Act,['bill'],[],119,United States,lower
ocd-bill/d5837e7f-e343-4c2a-9488-479c6a157c7d,HR 1602,Financial Privacy Act of 2025,['bill'],[],119,United States,lower
ocd-bill/ec8e0e1a-ac02-4535-a5ce-801a0926b5c7,HR 216,SEC Act of 2025,['bill'],[],119,United States,lower
ocd-bill/38dafc5b-9506-4651-aa7a-c285569191d5,HR 1620,Finn Sawyer Access to Cancer Testing Act,['bill'],[],119,United States,lower
ocd-bill/ce7930ad-bd4e-45ed-978f-9022b31e75ca,HRES 227,"Expressing support for the designation of March 18, 2025, as ""National Agriculture Day"" and celebrating the importance of agriculture as one of the most impactful industries in the United States.",['resolution'],[],119,United States,lower
ocd-bill/3a77be9b-56c3-4d36-8c2f-8c8af6e1f937,HRES 231,Recognizing the longstanding and invaluable contributions of Black midwives to maternal and infant health in the United States.,['resolution'],[],119,United States,lower
ocd-bill/9a70a4d4-ff11-4b28-a485-ce438b4f786a,HR 211,Equal Access to Contraception for Veterans Act,['bill'],[],119,United States,lower
ocd-bill/bef6e6da-aaba-4e15-a6a5-9ec3dfbb4222,HR 854,DERAIL Act,['bill'],[],119,United States,lower
ocd-bill/6e3fec24-9f04-4c7c-9423-b44f972bab82,HRES 42,Electing Members to certain standing committees of the House of Representatives.,['resolution'],[],119,United States,lower
ocd-bill/030c73e7-b1ab-427a-9701-f7ceb3517d71,S 792,Government Spectrum Valuation Act,['bill'],[],119,United States,upper
ocd-bill/7978fede-f921-4e2f-9f88-cbad41646edd,SRES 97,A resolution honoring the life of Nebraska community leader Howard L. Hawks.,['resolution'],[],119,United States,upper
ocd-bill/a339c277-7efb-4a10-98c8-50f9899d5e9e,S 705,Innovation in Pediatric Drugs Act of 2025,['bill'],[],119,United States,upper
ocd-bill/70b49080-123e-476c-8b73-31b8262bef39,S 721,Sickle Cell Disease Comprehensive Care Act,['bill'],[],119,United States,upper
ocd-bill/9b83c151-e168-4adf-8784-3e7472328707,S 727,U.S. Customs and Border Protection Officer Retirement Technical Corrections Act,['bill'],[],119,United States,upper
ocd-bill/8865ccd5-09f1-4405-90a2-fdbad26f042c,S 718,Eric’s Law,['bill'],[],119,United States,upper
ocd-bill/cbe7e4a3-b6bc-43fa-810f-04ea7eb86208,S 724,Temporary Extension of Fentanyl-Related Substances Scheduling Act,['bill'],[],119,United States,upper
ocd-bill/28764423-5cde-49d6-83e2-278d50560f83,S 711,Transportation Freedom Act,['bill'],[],119,United States,upper
ocd-bill/868f1d85-6e6e-41e9-b4a3-a76e5715a6bf,S 730,African Burial Ground International Memorial Museum and Educational Center Study Act,['bill'],[],119,United States,upper
ocd-bill/15585f19-6d64-4f54-8286-db8532020cf9,S 220,Ending Presidential Overreach on Public Lands Act,['bill'],[],119,United States,upper
ocd-bill/3789a0ac-81e4-4cd4-bf9a-ea49b2f2a9ad,HR 1582,Volunteer Driver Tax Appreciation Act of 2025,['bill'],[],119,United States,lower
ocd-bill/9deee814-f763-41fd-8bf4-34439c83e63f,HR 1583,PAR Act,['bill'],[],119,United States,lower
ocd-bill/343cdab7-6c48-48ea-b60c-e0da96d5aaab,HR 1535,BAD DOGE Act,['bill'],[],119,United States,lower
ocd-bill/906c58e1-f1d7-4607-ad54-d67503183f6d,HR 1556,Eric’s Law,['bill'],[],119,United States,lower
ocd-bill/a2bfe2f6-3bae-4401-93a6-491923c3df1d,HR 1553,Empowering and Enforcing Environmental Justice Act of 2025,['bill'],[],119,United States,lower
ocd-bill/ccf0f16c-6973-404b-a156-c265571c325a,HR 1571,Bureaucratic Labor Adjustment and Downsizing Effort Act,['bill'],[],119,United States,lower
ocd-bill/5bcde502-2ad3-436d-a825-e6f16305ed73,HR 1587,Protecting International Pipelines for Energy Security Act,['bill'],[],119,United States,lower
ocd-bill/ede0009b-1e2a-4278-8cc5-43c4c609713b,HR 561,Overtime Pay Tax Relief Act of 2025,['bill'],[],119,United States,lower
ocd-bill/196e77df-32c9-4b37-82de-2d15754a4f8c,HRES 165,"Expressing support for the designation of February 28, 2025, as Community Arts Education Day.",['resolution'],[],119,United States,lower
ocd-bill/eb5aa4d3-25b5-438a-9135-83734609919a,S 743,Ag Disputes Act,['bill'],[],119,United States,upper
ocd-bill/06eebc43-2b57-496d-a924-7b9d428e6c4e,S 739,9/11 Responder and Survivor Health Funding Correction Act of 2025,['bill'],[],119,United States,upper
ocd-bill/6e956964-6cf3-4d6c-a71d-a8339c21d700,S 755,Finn Sawyer Access to Cancer Testing Act,['bill'],[],119,United States,upper
ocd-bill/ae544282-ba4e-456c-ac80-7d738d219298,S 747,Improper Payments Transparency Act,['bill'],[],119,United States,upper
ocd-bill/220f2db9-ef71-45f1-88db-67bc66669867,HR 811,Mentoring to Succeed Act of 2025,['bill'],[],119,United States,lower
ocd-bill/0bfe7f0e-af53-48b4-be96-1327be726bcc,S 303,Defund the CFPB Act,['bill'],[],119,United States,upper
ocd-bill/62dc0e88-2677-4d21-969f-eb4c6ea69f28,S 675,Theodore Roosevelt Presidential Library Museum Artifacts Act,['bill'],[],119,United States,upper
ocd-bill/bc60fe14-f07b-43e6-ab8a-7f0c1008355a,S 648,SCRUB Act of 2025,['bill'],[],119,United States,upper
ocd-bill/9a8805cf-32cf-45ab-8a6a-dd5b59f6dd05,S 646,Born in the USA Act,['bill'],[],119,United States,upper
ocd-bill/9208360a-51e7-441f-9440-b8709dc2553f,S 662,MERIT Act of 2025,['bill'],[],119,United States,upper
ocd-bill/f79dc2f9-b719-4143-a63e-781908ded6f0,S 664,NIH Reform Act,['bill'],[],119,United States,upper
ocd-bill/658a525b-5dbb-40c3-8280-f2bc9995b811,S 669,DEFUND Act of 2025,['bill'],[],119,United States,upper
ocd-bill/c92078a2-bbe3-47fe-b8a2-03834074a916,S 670,Protect the West Act of 2025,['bill'],[],119,United States,upper
ocd-bill/1f991453-716a-4140-85b8-84c7708da0b9,S 666,First Responders Wellness Act,['bill'],[],119,United States,upper
ocd-bill/684f5701-16d9-43be-83c7-4062f6ad1110,S 657,Retirement Security for American Hostages Act of 2025,['bill'],[],119,United States,upper
ocd-bill/727a12c6-2904-4da5-bb8c-c5b6b780e8e4,S 681,Wyoming Public Lands Initiative Act of 2025,['bill'],[],119,United States,upper
ocd-bill/640e5700-5a31-48cc-954b-5059cd3eb069,S 652,Protecting Patients from Deceptive Drug Ads Act,['bill'],[],119,United States,upper
ocd-bill/f7c85fc1-d314-45db-855d-4a29bf41e1fd,S 651,Unplug the Electric Vehicle Charging Stations Programs Act,['bill'],[],119,United States,upper
ocd-bill/70a8c22d-3039-41be-aed1-6b75a03a91e5,S 650,America's National Churchill Museum National Historic Landmark Act,['bill'],[],119,United States,upper
ocd-bill/1aa8d10f-d609-493a-9217-da71c136cbe5,HR 2169,"Proper Celebration of Martin Luther King, Jr. Day and Inauguration Day Act",['bill'],[],119,United States,lower
ocd-bill/b99025e2-6c8c-4413-b60f-e5b6361d0c33,HR 2235,Habitat Connectivity on Working Lands Act of 2025,['bill'],[],119,United States,lower
ocd-bill/c8f24a1e-0956-4411-9ae7-cabf38c8cb42,HR 2220,PARA–EMT Act of 2025,['bill'],[],119,United States,lower
ocd-bill/e1dc7626-80c1-4e92-b3f5-39f3621ce64a,HR 2239,Strengthen Wood Product Supply Chains Act of 2025,['bill'],[],119,United States,lower
ocd-bill/fadd0254-afbf-41dc-9ccc-f33486148494,HR 2205,NEDD Act,['bill'],[],119,United States,lower
ocd-bill/26c91471-4d92-4c06-a621-acab4dcdb134,HR 2196,To provide for an extension of the legislative authority of the National Emergency Medical Services Memorial Foundation to establish a commemorative work in the District of Columbia and its environs.,['bill'],[],119,United States,lower
ocd-bill/62b09776-f2a0-4a8a-bea0-374a2753747e,HR 2214,DRUG Act,['bill'],[],119,United States,lower
ocd-bill/c31048a4-b048-4e0f-9993-e4ffe89b8a16,HR 2231,To amend the Internal Revenue Code of 1986 to make permanent the 7-year recovery period for motorsports entertainment complexes.,['bill'],[],119,United States,lower
ocd-bill/01f62b93-2bd0-44bd-98ca-9e6de9fcedc9,HR 2186,To amend the Internal Revenue Code of 1986 to restore the limitation on downward attribution of stock ownership in applying constructive ownership rules.,['bill'],[],119,United States,lower
ocd-bill/47bd9e28-5ecd-4601-a8b8-d3d84b167999,HR 2213,"To authorize the President to enter into trade agreements for the reciprocal elimination of duties or other import restrictions with respect to medical goods to contribute to the national security and public health of the United States, and for other purposes.",['bill'],[],119,United States,lower
ocd-bill/deb4d9e0-53c6-4e6c-a1ab-75adef92e3a9,HR 2176,Saving NEMO Act of 2025,['bill'],[],119,United States,lower
ocd-bill/21fbb132-368d-499d-a508-4639de0f4e02,HR 644,Harmful Algal Bloom and Hypoxia Research and Control Amendments Act of 2025,['bill'],[],119,United States,lower
ocd-bill/a10f9203-4c21-4d2b-810f-de96c907450c,HR 2237,Farm Workforce Support Act of 2025,['bill'],[],119,United States,lower
ocd-bill/2c43a129-db12-4d43-9aec-8bfd75ff5a61,HR 2172,Preserving Patient Access to Home Infusion Act,['bill'],[],119,United States,lower
ocd-bill/4aa354cd-d5e4-48d3-b1a3-6a54c777dce5,HR 2188,COST Act,['bill'],[],119,United States,lower
ocd-bill/13c6e45c-2b8c-4b15-9a46-04ff49cbee18,HJRES 77,"Establishing that it shall be the policy of the Government of the United States to recognize the sovereignty, independence, and territorial integrity of Ukraine within that nation's internationally recognized borders as established in 1991.",['resolution'],[],119,United States,lower
ocd-bill/ecc86e60-ddf7-40f6-9c7c-057a00a44826,SRES 87,"A resolution designating February 2025 as ""American Heart Month"".",['resolution'],[],119,United States,upper
ocd-bill/be8944ea-7e8c-4eff-adb0-c75960905bda,HR 44,Rural 340B Access Act of 2025,['bill'],[],119,United States,lower
ocd-bill/89306ec6-445e-4ee4-941d-f8f610c86f82,HR 182,Default Prevention Act,['bill'],[],119,United States,lower
ocd-bill/1e8065ae-2d4e-4c5d-ac74-8cc681629499,HR 56,Secret Service Prioritization Act of 2025,['bill'],[],119,United States,lower
ocd-bill/91625c16-3d56-4600-b173-203dc82b49af,HR 95,"One Bill, One Subject Transparency Act",['bill'],[],119,United States,lower
ocd-bill/bc2bc5ac-2c84-445f-abb1-db486937786f,HR 158,CLEAN Elections Act,['bill'],[],119,United States,lower
ocd-bill/51068856-51ba-4671-b32d-9441507c018a,HJRES 11,.Proposing a balanced budget amendment to the Constitution requiring that each agency and department's funding is justified.,['resolution'],[],119,United States,lower
ocd-bill/21b2108b-9a3c-4461-86d9-aca0dfc4b673,HR 146,Prohibition on IOER Act of 2025,['bill'],[],119,United States,lower
ocd-bill/39cca68c-ff9a-4194-b027-9c8103eb0e52,HJRES 2,Proposing a balanced budget amendment to the Constitution of the United States.,['resolution'],[],119,United States,lower
ocd-bill/ce4137d1-b084-42df-951a-43696da3e768,HR 119,"To prohibit any entity that receives Federal funds from the COVID relief packages from mandating employees receive a COVID19 vaccine, and for other purposes.",['bill'],[],119,United States,lower
ocd-bill/5cf3621b-8d35-4277-9fe2-28f526013428,HR 114,Responsible Path to Full Obamacare Repeal Act,['bill'],[],119,United States,lower
ocd-bill/655c3449-0429-4a7d-9356-f37465946466,HR 147,FinCEN Oversight and Accountability Act of 2025,['bill'],[],119,United States,lower
ocd-bill/53b5c726-c776-4934-a7ac-b58f6af4cd1e,HR 68,Housing Fairness Act of 2025,['bill'],[],119,United States,lower
ocd-bill/d42fac9d-3587-49d7-b526-632b448bfde8,HR 86,NOSHA Act,['bill'],[],119,United States,lower
ocd-bill/10a390ea-d8bc-41a4-9950-32787b3bf1e8,HR 96,Buzz Off Act,['bill'],[],119,United States,lower
ocd-bill/ad4485ef-725c-433f-a9d1-89c960aa434e,HR 91,Freedom for Farmers Act of 2025,['bill'],[],119,United States,lower
ocd-bill/885caec0-ba98-46a9-b1f5-ec72880a995d,HJRES 6,Proposing an amendment to the Constitution of the United States to provide for balanced budgets for the Government.,['resolution'],[],119,United States,lower
ocd-bill/980f4889-a333-4f0b-bcfc-5a0168d21045,HR 73,Abortion Is Not Health Care Act of 2025,['bill'],[],119,United States,lower
ocd-bill/71c348af-9ded-426f-91c3-d69845c31ea2,HR 194,Venue Named Under Exception Act,['bill'],[],119,United States,lower
ocd-bill/12cbc1cb-b6db-402d-a70f-c4c1dafa6378,HR 157,CLEAN Congress Act,['bill'],[],119,United States,lower
ocd-bill/87407add-c77b-4bf6-8205-fcb644d98063,HR 150,People CARE Act,['bill'],[],119,United States,lower
ocd-bill/4a498093-7a50-4447-a87f-17ce1118a741,HR 199,Implementing DOGE Act,['bill'],[],119,United States,lower
ocd-bill/0ccb8344-4ee4-43a4-af4c-7587848e7750,HR 110,Small Business Prosperity Act of 2025,['bill'],[],119,United States,lower
ocd-bill/f2029316-6299-4db3-afaa-f3fdcd8c3084,HR 173,High Rise Fire Sprinkler Incentive Act of 2025,['bill'],[],119,United States,lower
ocd-bill/8542c21d-dc5f-45af-bd05-ef46517bee22,HR 55,To repeal the National Voter Registration Act of 1993.,['bill'],[],119,United States,lower
ocd-bill/76785d11-db9a-4f63-9518-93426af756fb,HR 170,USPS Subpoena Authority Act,['bill'],[],119,United States,lower
ocd-bill/4be81626-661b-4d54-9293-f595f10c0197,HR 209,Inaction Has Consequences Act,['bill'],[],119,United States,lower
ocd-bill/88236a5f-62a1-407c-8df5-79a37cb7c83d,HR 200,Federal Freeze Act,['bill'],[],119,United States,lower
ocd-bill/23673e5e-e2ff-4c40-a324-f5163ac7b493,HR 66,Federal Employee Student Debt Transparency Act,['bill'],[],119,United States,lower
ocd-bill/00b77548-9ce5-4b59-878f-8318cfd9458b,HR 64,Grant’s Law,['bill'],[],119,United States,lower
ocd-bill/ec20cbac-9da2-4c32-aa1d-c9fe895ce8b7,HR 118,No Federal Funds for Political Prosecutions Act,['bill'],[],119,United States,lower
ocd-bill/ef3e0e09-5ece-4eba-a6e7-1f121c77e206,HR 61,Ensuring United Families at the Border Act,['bill'],[],119,United States,lower
ocd-bill/313d3d2f-db17-4129-871f-4c7ec8ad1b6c,HR 120,No Mandates Act,['bill'],[],119,United States,lower
ocd-bill/b42ee3a7-973d-47a2-8f2a-a2d562d177db,HR 133,Protecting American Energy Production Act,['bill'],[],119,United States,lower
ocd-bill/be8dec28-5e47-47c2-997d-ad1aa5b0752b,HR 202,Commission to Relocate the Federal Bureaucracy Act,['bill'],[],119,United States,lower
ocd-bill/a818d443-22b5-4ef1-824d-121999992444,HR 58,Voter Integrity Protection Act,['bill'],[],119,United States,lower
ocd-bill/03cc0359-6e34-4651-a624-4ebd92cb6e5d,HR 115,No Free Rent for Freeloaders Act of 2025,['bill'],[],119,United States,lower
ocd-bill/ad88a3ef-d57a-4780-943c-c1be07254fbc,HR 126,Original Students Voicing Opinions in Today’s Elections (VOTE) Act,['bill'],[],119,United States,lower
ocd-bill/86be0ce3-8dfa-4a94-bbd9-3a59fd39b565,HR 53,Responsible Borrower Protection Act of 2025,['bill'],[],119,United States,lower
ocd-bill/e79042bc-b9e4-443b-8d87-95efd4578ef8,HR 206,Landlord Accountability Act of 2025,['bill'],[],119,United States,lower
ocd-bill/b225c4ab-da23-4a6d-9bef-0d2d08aae56c,HR 97,Injunctive Authority Clarification Act of 2025,['bill'],[],119,United States,lower
ocd-bill/0cbbcf21-ff80-4b81-af64-b03f7c26b450,HR 129,Abolish the ATF Act,['bill'],[],119,United States,lower
ocd-bill/2f6c2f86-bafd-4ef6-b1f8-81a36933e460,HR 180,Endangered Species Transparency and Reasonableness Act of 2025,['bill'],[],119,United States,lower
ocd-bill/94cb3899-22d9-46bf-b8e4-884e71ae4697,HR 78,Pregnant Women Health and Safety Act of 2025,['bill'],[],119,United States,lower
ocd-bill/ecb55bb0-d906-4ed9-863c-da7eba6993eb,HR 90,Health Coverage Choice Act,['bill'],[],119,United States,lower
ocd-bill/bdadc9bc-6035-478a-a830-c7b02fbda6b5,HR 52,Stop Woke Investing Act,['bill'],[],119,United States,lower
ocd-bill/fb595e15-5fe5-4755-8ba5-c9f82f1523be,HR 76,Fund and Complete the Border Wall Act,['bill'],[],119,United States,lower
ocd-bill/3ae313bf-bf89-495a-97cb-975294c7a078,HR 174,Consequences for Social Security Fraud Act,['bill'],[],119,United States,lower
ocd-bill/0fc19adf-a888-4c27-ab94-9b0d29ce6e0a,HR 168,TORCH Act,['bill'],[],119,United States,lower
ocd-bill/fe997df8-2462-4a90-a0d5-825a6a4f9852,HR 82,Defund National Endowment for the Humanities Act of 2025,['bill'],[],119,United States,lower
ocd-bill/7890ed97-9ff7-4534-b024-e2b3d91a1e1b,HR 132,Western Water Accelerated Revenue Repayment Act,['bill'],[],119,United States,lower
ocd-bill/706c1e64-f503-4a30-8a45-9c63b4f22b43,HJRES 5,Proposing an amendment to the Constitution of the United States to limit the number of terms an individual may serve as a Member of Congress.,['resolution'],[],119,United States,lower
ocd-bill/8e5a8b77-3659-4ec0-ae74-b21b254bfe27,HJRES 8,Proposing an amendment to the Constitution of the United States to provide certain line item veto authority to the President.,['resolution'],[],119,United States,lower
ocd-bill/4833d4f9-87a4-4766-b4bb-ad6104ef1e9e,HJRES 3,Proposing an amendment to the Constitution of the United States relative to balancing the budget.,['resolution'],[],119,United States,lower
ocd-bill/ca9d3ffc-89d2-4de3-aa7f-7c77bf22b96f,HJRES 4,Proposing an amendment to the Constitution of the United States to provide that debate upon legislation pending before the Senate may not be brought to a close without the concurrence of a minimum of three-fifths of the Senators.,['resolution'],[],119,United States,lower
ocd-bill/252bf01f-4ad5-4a91-ae6e-0e50d145eac2,HJRES 9,Proposing an amendment to the Constitution of the United States prohibiting the United States Government from increasing its debt except for a specific purpose by law adopted by three-fourths of the membership of each House of Congress.,['resolution'],[],119,United States,lower
ocd-bill/efd4ad1a-9927-42c8-8cd9-4ba6e6e3f714,SRES 4,A resolution notifying the President of the United States of the election of a President pro tempore.,['resolution'],[],119,United States,upper
ocd-bill/9d2e00d7-31de-48f3-9cfc-13eaf80f8727,SRES 14,"A resolution electing Robert M. Duncan, of the District of Columbia, as Secretary for the Majority of the Senate.",['resolution'],[],119,United States,upper
ocd-bill/943c19c1-93ac-4b9c-a11a-fd8c7ef85474,SRES 8,A resolution electing Jackie Barber as Secretary of the Senate.,['resolution'],[],119,United States,upper
ocd-bill/a9b44e97-5f8b-455b-b643-a6720253c386,SRES 9,A resolution notifying the President of the United States of the election of a Secretary of the Senate.,['resolution'],[],119,United States,upper
ocd-bill/62aa47f9-1252-4efe-9362-b02f4306a053,HR 1547,SSA Reform Act of 2025,['bill'],[],119,United States,lower
ocd-bill/5404e3e9-9ba6-47f9-9b39-c88766321fdc,HR 1523,PREVENT DIABETES Act,['bill'],[],119,United States,lower
ocd-bill/b9c6618e-f738-404c-8a1b-2150d410e8d9,HR 1528,America Works Act of 2025,['bill'],[],119,United States,lower
ocd-bill/487ae622-c714-42d4-a326-394d6c31886e,HR 1533,PIIA Reform Act,['bill'],[],119,United States,lower
ocd-bill/6152c7e5-3fa9-4d6e-8e30-c4401e44e096,HR 1529,Access Technology Affordability Act of 2025,['bill'],[],119,United States,lower
ocd-bill/c829da32-5159-42ff-a5de-bc352bb9da82,HR 1536,PIFAA,['bill'],[],119,United States,lower
ocd-bill/0635dd74-e735-4dc7-b563-bb9d6685bc7b,HR 32,No Bailout for Sanctuary Cities Act,['bill'],[],119,United States,lower
ocd-bill/bcb3a753-0ecc-4aad-baf2-aa7964b7df6d,HR 214,District of Columbia Legislative Home Rule Act,['bill'],[],119,United States,lower
ocd-bill/06f57cdb-42a2-4452-be1f-377a51b7362a,SRES 13,A resolution notifying the House of Representatives of the election of a Sergeant at Arms and Doorkeeper of the Senate.,['resolution'],[],119,United States,upper
ocd-bill/8d3ca2c6-d6cd-4e08-a385-ed198ab1df2f,HR 215,Adoption Information Act,['bill'],[],119,United States,lower
ocd-bill/3fdb5bed-07c1-4047-8daf-78790946101b,SRES 5,A resolution notifying the House of Representatives of the election of a President pro tempore.,['resolution'],[],119,United States,upper
ocd-bill/215035b7-a25f-407a-90b1-6f5d9503b1e0,SRES 2,A resolution informing the House of Representatives that a quorum of the Senate is assembled.,['resolution'],[],119,United States,upper
ocd-bill/525ec89d-3468-44d6-811d-bcad5cc373e1,HRES 13,Electing Members to certain standing committees of the House of Representatives.,['resolution'],[],119,United States,lower
ocd-bill/cca4808c-9340-46c8-8e70-e338c703f170,SCONRES 1,A concurrent resolution extending the life of the Joint Congressional Committee on Inaugural Ceremonies.,['resolution'],[],119,United States,upper
ocd-bill/07fc88d1-a3f6-446f-a7fe-6a0de52d1ab6,SRES 10,A resolution notifying the House of Representatives of the election of a Secretary of the Senate.,['resolution'],[],119,United States,upper
ocd-bill/7ff75095-4c1e-4ead-99fc-4bf3961df57e,S 715,No American Land for Communist China Act,['bill'],[],119,United States,upper
ocd-bill/c470d4e8-c5ae-4b10-9d0c-ad5f955be287,S 733,Taiwan Travel and Tourism Coordination Act,['bill'],[],119,United States,upper
ocd-bill/6cba008a-f7bf-4a5a-8062-65cdd29883c5,S 710,Crypto ATM Fraud Prevention Act of 2025,['bill'],[],119,United States,upper
ocd-bill/80984460-38c8-47b8-8b5c-6d175e2ae9fb,S 736,Lieutenant Osvaldo Albarati Stopping Prison Contraband Act,['bill'],[],119,United States,upper
ocd-bill/9fa0af83-4242-4b9a-8927-1dfea6c405d5,S 713,Broadband Buildout Accountability Act,['bill'],[],119,United States,upper
ocd-bill/bd4cc536-45c1-4546-b12b-3dd1250e397e,S 737,SCREEN Act,['bill'],[],119,United States,upper
ocd-bill/9d2376ee-9647-41fe-af6e-71dd41856d77,S 738,Dangerous Viral Gain of Function Research Moratorium Act,['bill'],[],119,United States,upper
ocd-bill/8fa721fe-83f7-4700-b6f2-cbb429d9bc48,S 712,Regulation Decimation Act,['bill'],[],119,United States,upper
ocd-bill/d4617e9f-c53e-4fd1-afa3-77bd51de7f6d,HR 1568,African Burial Ground International Memorial Museum and Educational Center Act,['bill'],[],119,United States,lower
ocd-bill/fb829186-13c3-47b2-b434-44a0e2985048,HR 1652,Rectifying UDAAP Act,['bill'],[],119,United States,lower
ocd-bill/ca59d378-0beb-4866-9f80-91d75eeda913,HR 1614,To amend title XVIII of the Social Security Act to expand practitioners eligible to furnish telehealth services under the Medicare program.,['bill'],[],119,United States,lower
ocd-bill/0cabbba6-2d21-4666-9470-231d4ee0d048,HR 1612,Flatside Wilderness Additions Act,['bill'],[],119,United States,lower
ocd-bill/4d828a76-7efc-4c89-9f31-689e09367f77,HR 1636,Securing our Radioactive Materials Act,['bill'],[],119,United States,lower
ocd-bill/81b6b878-0b2c-43c4-a5d6-11e4afd4986d,HR 1537,District of Columbia Superior Court Jury Duty for Seniors Opt Out Act of 2025,['bill'],[],119,United States,lower
ocd-bill/31fdfda5-9bac-4b44-a311-009e302c5934,HR 1516,"To require the Secretary of State to report an assessment of the Conflict and Stabilization Operations Bureau, including whether the Bureau should be maintained, explanations of its function, and cost analysis of the Bureau.",['bill'],[],119,United States,lower
ocd-bill/28de115b-9376-4488-986f-4f33fe571664,HR 1635,Pell to Grad Act,['bill'],[],119,United States,lower
ocd-bill/ddf2e661-9654-47de-b9c7-d60f199c9d26,SRES 92,"A resolution designating February 16, 2025, as ""National Elizabeth Peratrovich Day"".",['resolution'],[],119,United States,upper
ocd-bill/f8a521b3-7967-4910-97d8-0a6679086131,SRES 90,An original resolution authorizing expenditures by the Committee on Foreign Relations.,['resolution'],[],119,United States,upper
ocd-bill/06af70d7-3151-48a6-8548-80bbe96a863b,S 686,The Farmhouse-to-Workforce Housing Act of 2025,['bill'],[],119,United States,upper
ocd-bill/466e07bb-f5b1-4f85-8f4c-ded4b339d938,S 698,Federal Prisons Accountability Act of 2025,['bill'],[],119,United States,upper
ocd-bill/5b28e1ff-0db7-4656-84fd-258bb5fa6619,S 695,Small Business Investment Act of 2025,['bill'],[],119,United States,upper
ocd-bill/e9b2f17a-7e37-464c-9bb4-f415b732a425,S 692,Sustainable Vessel Fuel Act,['bill'],[],119,United States,upper
ocd-bill/f2bd860f-6deb-453d-b9df-e53dd0ecda82,S 689,Tule River Tribe Reserved Water Rights Settlement Act of 2025,['bill'],[],119,United States,upper
ocd-bill/4871e59a-f56e-472a-82cf-8df40ee3c9f4,S 697,Air Traffic Control Workforce Development Act of 2025,['bill'],[],119,United States,upper
ocd-bill/9b6cf181-8657-4d76-bb56-05f044fbff2e,S 683,More Behavioral Health Providers Act of 2025,['bill'],[],119,United States,upper
ocd-bill/aa8ede7f-135f-4094-bf4b-0cbcff845add,HR 1519,Public Safety Communications Act,['bill'],[],119,United States,lower
ocd-bill/f2cc1810-9cea-483b-b938-e50bf78981e2,HRES 1,Electing officers of the House of Representatives.,['resolution'],[],119,United States,lower
ocd-bill/df57fa63-f426-4ef9-9d9a-52fecfeb0b8e,S 26,A bill to exclude locality adjustments from average pay for purposes of computing the amount of retirement annuities of new employees.,['bill'],[],119,United States,upper
ocd-bill/56136552-77bc-40c3-a83b-74fc86b720ae,HRES 17,Condemning Turkey for its illegal occupation of Cyprus and encouraging President Trump to make the resolution of the Cyprus problem a top foreign policy priority.,['resolution'],[],119,United States,lower
ocd-bill/fd965200-caf5-454b-b905-6a6a6ed39560,SRES 16,"A resolution to constitute the majority party's membership on certain committees for the One Hundred Nineteenth Congress, or until their successors are chosen.",['resolution'],[],119,United States,upper
ocd-bill/d2bf716b-2242-4f30-973f-f5ff95133aae,HRES 4,Authorizing the Clerk to inform the President of the election of the Speaker and the Clerk.,['resolution'],[],119,United States,lower
ocd-bill/34bf8582-1386-4c6c-bf50-ef16d0df23e3,S 21,REMOTE Act,['bill'],[],119,United States,upper
ocd-bill/3e2b0f95-feb9-4de1-8353-5f6161cb1128,HRES 14,Electing Members to certain standing committees of the House of Representatives.,['resolution'],[],119,United States,lower
ocd-bill/dd517839-c971-4308-977c-38a7b7702471,HRES 6,Fixing the daily hour of meeting of the First Session of the One Hundred Nineteenth Congress.,['resolution'],[],119,United States,lower
ocd-bill/98314f72-5e20-4344-86c5-41c060461aec,HCONRES 2,Reclaiming Congress’s Constitutional Mandate in Trade Resolution,['resolution'],[],119,United States,lower
ocd-bill/d6c44d7e-e9fb-43bc-bb2d-2f5fb0b82266,HRES 2,To inform the Senate that a quorum of the House has assembled and of the election of the Speaker and the Clerk.,['resolution'],[],119,United States,lower
ocd-bill/6f664acc-3110-4120-9ad1-3e548f70ae37,HRES 18,Expressing the sense of the House of Representatives that the Parthenon Marbles should be returned to Greece.,['resolution'],[],119,United States,lower
ocd-bill/ee3dee5f-0332-4598-adae-1c8268161582,S 27,Federal Employee Return to Work Act,['bill'],[],119,United States,upper
ocd-bill/f1817aac-8cab-4816-8763-c85d620057a0,HRES 3,Authorizing the Speaker to appoint a committee to notify the President of the assembly of the Congress.,['resolution'],[],119,United States,lower
ocd-bill/b309ae7b-e746-4923-b93d-742fa336e4b6,HRES 7,"Recognizing the importance of access to comprehensive, high-quality, life-affirming medical care for women of all ages.",['resolution'],[],119,United States,lower
ocd-bill/c1ae70fb-b332-4b56-a328-079a979e737d,S 22,SWAMP Act,['bill'],[],119,United States,upper
ocd-bill/7cf55abc-9b0e-44e8-80b3-2a1a4a31362d,HRES 20,Establishing the Select Committee on Electoral Reform.,['resolution'],[],119,United States,lower
ocd-bill/f708f164-8d69-4c4d-a26e-1fb45d526ff9,HRES 19,Providing the sense of the House of Representatives that the House should not adjourn until the annual appropriation bills within the jurisdiction of all the subcommittees of the Committee on Appropriations for the current fiscal year are enacted into law.,['resolution'],[],119,United States,lower
ocd-bill/e03b2d7f-f5c0-4d3b-87db-dc59ae39fdd3,HR 1018,INSTRUCT Act of 2025,['bill'],[],119,United States,lower
ocd-bill/605b9f28-aa10-4bca-ae29-4b5fc1f9d51b,HR 42,Alaska Native Settlement Trust Eligibility Act,['bill'],[],119,United States,lower
ocd-bill/104d5da1-80d3-4490-a40a-5029a70fbd4b,HR 41,Unrecognized Southeast Alaska Native Communities Recognition and Compensation Act,['bill'],[],119,United States,lower
ocd-bill/257f2f90-b652-404d-b39b-99d464b463c4,HR 25,FairTax Act of 2025,['bill'],[],119,United States,lower
ocd-bill/d54854a2-dacb-4d48-a2fe-5a21c003d621,HR 235,National Museum of Play Recognition Act,['bill'],[],119,United States,lower
ocd-bill/8f3a0cdd-c6f0-4ff2-a2ee-6055b7e8947e,HRES 10,HEALTH Act,['resolution'],[],119,United States,lower
ocd-bill/94cf73be-4310-4f5b-870a-13b9d7c9f87d,HR 222,Sustainable Budget Act of 2025,['bill'],[],119,United States,lower
ocd-bill/3fbb7c32-37f2-415d-ab96-b85dafa5df28,HR 227,Clergy Act,['bill'],[],119,United States,lower
ocd-bill/cbedbce0-3c1d-4f19-b677-2aeb8332f04f,HR 232,SALT Fairness and Marriage Penalty Elimination Act,['bill'],[],119,United States,lower
ocd-bill/e2d160ee-91fe-4500-a8f7-8102c96581e5,HR 228,To amend the Internal Revenue Code of 1986 to increase and adjust for inflation the above-the-line deduction for teachers.,['bill'],[],119,United States,lower
ocd-bill/7f8e8b96-6ec5-4e46-9052-8575799dacb6,HR 1096,HOPE and Mental Wellbeing Act of 2025,['bill'],[],119,United States,lower
ocd-bill/19576803-5278-47a3-82c3-e15b33fdce8f,HR 183,Law Enforcement Officer Recreation Pass Act,['bill'],[],119,United States,lower
ocd-bill/5858480e-11c1-4cd2-a353-c7173293395a,HR 184,Action Versus No Action Act,['bill'],[],119,United States,lower
ocd-bill/461ce7ce-50be-4d0c-8d3e-b2cb8cd3eb04,HR 564,Repeal the TikTok Ban Act,['bill'],[],119,United States,lower
ocd-bill/99b4b37b-6390-4ba1-82fb-9c88197242b9,HR 577,Treatment and Homelessness Housing Integration Act of 2024,['bill'],[],119,United States,lower
ocd-bill/b621c511-f38f-4be9-8eaa-ea5d1aa32ad6,S 386,Critical Water Resources Prioritization Act of 2025,['bill'],[],119,United States,upper
ocd-bill/2ef5368b-4e02-4911-a7e0-799e305450e0,S 37,VALOR Act of 2025,['bill'],[],119,United States,upper
ocd-bill/0b55159f-af5b-4ce8-b161-a72a424d8a15,HR 639,Doctor Knows Best Act of 2025,['bill'],[],119,United States,lower
ocd-bill/833178fb-e46a-4629-9411-5c74d15ae1f7,HR 606,Energy Opportunities for All Act,['bill'],[],119,United States,lower
ocd-bill/0a9e5bbe-cfe3-442a-8c81-1dc990030a14,HR 615,To amend the Internal Revenue Code of 1986 to establish a refundable tax credit for individuals for amounts paid for gas and electricity for primary residences.,['bill'],[],119,United States,lower
ocd-bill/d8f14cb1-7abd-4a67-96fe-192bb1b9c6b6,S 34,Justice for 9/11 Act,['bill'],[],119,United States,upper
ocd-bill/9c1e4f12-eb31-43a8-a8cf-437388c7769d,S 174,Amtrak Transparency Act,['bill'],[],119,United States,upper
ocd-bill/1740b280-bef0-4261-aef2-46da6ddddc25,S 170,BIG OIL from the Cabinet Act,['bill'],[],119,United States,upper
ocd-bill/9747dde9-3601-4345-b033-739b444c4e9f,S 173,Fueling Alternative Transportation with a Carbon Aviation Tax Act of 2025,['bill'],[],119,United States,upper
ocd-bill/f0f1c46c-1d74-40e2-abfd-3c490c664921,S 154,Colorado River Basin System Conservation Extension Act,['bill'],[],119,United States,upper
ocd-bill/33b3ec16-b883-4faa-a7c4-568eaaea79af,HR 250,To direct the Joint Committee on the Library to procure a statue of Benjamin Franklin for placement in the Capitol.,['bill'],[],119,United States,lower
ocd-bill/7d757765-47ac-48dd-8420-90b1f3d8a853,HR 112,FUEL Reform Act,['bill'],[],119,United States,lower
ocd-bill/31626d71-ef85-4f86-aa93-112b948ddfb0,HR 291,CAREERS Act,['bill'],[],119,United States,lower
ocd-bill/6e0290aa-003b-42d5-839d-f16da2637def,S 791,Justice Thurgood Marshall National Historic Site Establishment Act of 2025,['bill'],[],119,United States,upper
ocd-bill/2ec509fa-b159-4db5-95ad-250491f197e9,HR 565,District of Columbia Federal Judicial Officials Residency Equality Act of 2025,['bill'],[],119,United States,lower
ocd-bill/8fa799e0-7cdb-4040-a733-0e5697db490c,HR 667,Noncontiguous Shipping Relief Act of 2024,['bill'],[],119,United States,lower
ocd-bill/6e60c9f5-107c-48a7-b0c7-9c789e3a1cd9,S 663,DEFENSE Act,['bill'],[],119,United States,upper
ocd-bill/6646f241-7079-445e-a76c-61345d755208,HR 140,Hurricane Helene and Milton Tax Relief Act of 2025,['bill'],[],119,United States,lower
ocd-bill/b9728e23-77eb-47fb-9725-f2a760beeb52,HR 1471,VA Appeals Reform Act of 2025,['bill'],[],119,United States,lower
ocd-bill/7d83650e-fb5d-42fe-9b04-4b23b1907fe4,HR 1493,"To reauthorize and make improvements to Federal programs relating to the prevention, detection, and treatment of traumatic brain injuries, and for other purposes.",['bill'],[],119,United States,lower
ocd-bill/cf31154a-8097-40a5-b59f-0ca9d2c292ce,HR 1489,Reinforcing Sanctions on Iranian Terrorists Act,['bill'],[],119,United States,lower
ocd-bill/6cdf78be-fabe-4ad3-b22e-f4786314a2ae,HR 1446,Validate Prior Learning to Accelerate Employment Act,['bill'],[],119,United States,lower
ocd-bill/4f0c8fff-5059-49d2-a386-0cdac574e64c,S 642,Keweenaw Bay Indian Community Land Claim Settlement Act of 2025,['bill'],[],119,United States,upper
ocd-bill/39bd4489-1586-4cc5-9604-bc226a2e5693,HR 818,SPUR Act,['bill'],[],119,United States,lower
ocd-bill/b2616ddc-ef5b-4771-aa0b-7d2795a6a672,S 148,RED TAPE Act,['bill'],[],119,United States,upper
ocd-bill/97fde2ae-b45e-4b7e-ad44-a95a95ac3f9f,S 149,Public Safety First Act,['bill'],[],119,United States,upper
ocd-bill/cb298036-6dd3-4fe3-911b-d50bbc03886a,HR 529,RACE Act,['bill'],[],119,United States,lower
ocd-bill/4a4496c4-3ffb-4a24-8f49-378c0b7b2b0e,HR 537,INCREASE Housing Affordability Act,['bill'],[],119,United States,lower
ocd-bill/f8189369-8672-4421-91e7-c90150bed82b,HR 490,Constitutional Emoluments Protection of American Interests Act of 2025,['bill'],[],119,United States,lower
ocd-bill/8fa6aa50-5c19-4746-aadc-5e23dfff671b,HR 543,Iron Pipeline Review Act,['bill'],[],119,United States,lower
ocd-bill/74673f03-17f1-4cd3-a96b-3171cd160bf1,HR 512,Imported Seafood Safety Standards Act,['bill'],[],119,United States,lower
ocd-bill/6dc909df-62a7-46a5-bd05-bd8882cc0e01,HJRES 21,"Disapproving of the rule submitted by the Department of Homeland Security relating to ""Modernizing H-2 Program Requirements, Oversight, and Worker Protections"".",['resolution'],[],119,United States,lower
ocd-bill/fce5ff38-7cb2-452e-b315-72cffe5b1a63,HR 508,Bring American Companies Home Act,['bill'],[],119,United States,lower
ocd-bill/80f3a88c-1d13-49b2-aef1-ea2f69267e68,HR 520,Empowering Law Enforcement To Fight Sex Trafficking Demand Act of 2025,['bill'],[],119,United States,lower
ocd-bill/880da152-5da7-4070-aca0-3d9d3eab09fe,HR 532,Handgun Permit to Purchase Act,['bill'],[],119,United States,lower
ocd-bill/2a13cb92-db8f-44ed-b7de-470447fb2ff5,HR 535,Inaugural Fund Integrity Act,['bill'],[],119,United States,lower
ocd-bill/ad69f75c-0574-472f-8075-3a13d9f51c97,HR 536,Agricultural Environmental Stewardship Act of 2025,['bill'],[],119,United States,lower
ocd-bill/ae8ed841-2f9c-497b-bb99-f72020c865ff,HR 506,Security First Act,['bill'],[],119,United States,lower
ocd-bill/8855782f-dcd4-437d-9d11-45c3e0e6d5be,HR 510,Regulatory Cooling Off Act of 2025,['bill'],[],119,United States,lower
ocd-bill/bcaafea5-01ad-4924-80de-8153e9a97229,HR 687,MERIT Act of 2025,['bill'],[],119,United States,lower
ocd-bill/a66a7af6-fd93-43f4-b38a-b5557bcc6806,HR 523,Permanent Tax Cuts for American Families Act of 2025,['bill'],[],119,United States,lower
ocd-bill/3a30f091-ab69-4c41-b7ae-7192789dc528,HR 533,Bank Privacy Reform Act,['bill'],[],119,United States,lower
ocd-bill/2288dc3d-2b69-4378-90c6-7d6c99eb666f,HR 518,Troops Before Politicians Act,['bill'],[],119,United States,lower
ocd-bill/85bfacc3-2820-490f-90ad-fe6b8f62bf13,HR 538,Critical Access Hospital Relief Act of 2025,['bill'],[],119,United States,lower
ocd-bill/9b29d138-6135-45d2-89fd-169a071902b7,HR 528,Post-Disaster Reforestation and Restoration Act of 2025,['bill'],[],119,United States,lower
ocd-bill/38a26636-696a-4463-af95-768c64758910,HR 552,Veterans Collaboration Act,['bill'],[],119,United States,lower
ocd-bill/d8264b3e-516e-455c-9ee6-c87e5da27c16,HR 479,Healthy SNAP Act of 2025,['bill'],[],119,United States,lower
ocd-bill/225877c3-421a-499c-9814-69ae56c3754c,HR 548,HSA Modernization Act,['bill'],[],119,United States,lower
ocd-bill/ec3166b2-2dc1-447e-a6d9-5d29cf4ad211,HR 542,No Foreign Gifts Act of 2025,['bill'],[],119,United States,lower
ocd-bill/2bd2534b-a761-4d01-af2c-81055f37175f,HR 547,No Child Tax Credit for Illegals Act of 2025,['bill'],[],119,United States,lower
ocd-bill/7cd27924-f534-47b1-9308-f1486ef13378,HR 555,Veterans Affairs Transfer of Information and Sharing of Disability Examination Procedures With DOD Doctors Act,['bill'],[],119,United States,lower
ocd-bill/b321a4a0-f7d7-4512-9992-489da344ba7d,HR 550,Wildfire Insurance Coverage Study Act of 2025,['bill'],[],119,United States,lower
ocd-bill/1071db5b-1256-41b5-a3a4-948c9ffc53b3,HR 549,To amend the Internal Revenue Code of 1986 to repeal the clean fuel production credit.,['bill'],[],119,United States,lower
ocd-bill/f9507064-0be5-4cba-bbef-084bed23193b,HR 509,Western Hemisphere Nearshoring Act,['bill'],[],119,United States,lower
ocd-bill/d1325b9b-8ef2-4b19-8096-00f7243083fd,HR 507,Veterans Member Business Loan Act,['bill'],[],119,United States,lower
ocd-bill/a03b80b3-401f-4449-a65c-1ce1092751ef,HR 483,Health Care Efficiency Through Flexibility Act,['bill'],[],119,United States,lower
ocd-bill/a0ec9d30-271d-4465-ae4e-ad0cc0219f58,HR 496,Veterans 2nd Amendment Restoration Act of 2025,['bill'],[],119,United States,lower
ocd-bill/ba9094f7-ed15-4369-81ad-7fea167666d2,HR 476,No Russian Tunnel to Crimea Act,['bill'],[],119,United States,lower
ocd-bill/a1991c33-c9d0-4bc1-a3fc-1190416872cb,HR 554,Veteran’s Choice Accountability Act,['bill'],[],119,United States,lower
ocd-bill/d8e6f381-f1ee-450f-a75c-31509d36719a,HR 525,HONDURAS Act,['bill'],[],119,United States,lower
ocd-bill/55c94d8e-0da5-4d41-a914-07dab7e3a0f1,HR 540,911 SAVES Act of 2025,['bill'],[],119,United States,lower
ocd-bill/c1832ee3-149c-416c-9d8a-1b76d174c5cb,HR 477,MACH Act,['bill'],[],119,United States,lower
ocd-bill/eb868967-a221-4b33-9a73-52f77dcf1596,HR 480,Methane Border Adjustment Mechanism Act,['bill'],[],119,United States,lower
ocd-bill/e18192e9-723d-4b83-9d29-bab2f844e820,HR 474,Lumbee Fairness Act,['bill'],[],119,United States,lower
ocd-bill/660d402f-7b68-4d45-a031-495d8df3f0b5,HR 505,To impose additional duties on imports of goods into the United States.,['bill'],[],119,United States,lower
ocd-bill/ca2bbaf7-d689-4a56-ac32-cae81c85e214,HR 481,Protecting Homeowners from Disaster Act of 2025,['bill'],[],119,United States,lower
ocd-bill/a211a8e4-21ad-417c-ac05-c6817cef25bb,HJRES 22,"Disapproving of the rule submitted by the Department of Homeland Security relating to ""Modernizing H-1B Requirements, Providing Flexibility in the F-1 Program, and Program Improvements Affecting Other Nonimmigrant Workers"".",['resolution'],[],119,United States,lower
ocd-bill/65f7cce5-88ec-4cb2-88ef-3c134efc66bb,HR 545,"To direct the Attorney General to conduct a study on the efficacy of extreme risk protection orders on reducing gun violence, and for other purposes.",['bill'],[],119,United States,lower
ocd-bill/159c050e-2712-43cc-8f3d-dd7edb70d1b6,HR 473,SHOW UP Act of 2025,['bill'],[],119,United States,lower
ocd-bill/9433d718-1261-43d3-8e15-8cfbabd84dda,HR 527,Strengthening Wildfire Resiliency Through Satellites Act of 2025,['bill'],[],119,United States,lower
ocd-bill/44591058-201c-4c78-b42a-d8d27111fc6e,HR 162,First Amendment Accountability Act,['bill'],[],119,United States,lower
ocd-bill/33a0c22a-2f03-4199-a443-5bfde5dda681,HR 26,Protecting American Energy Production Act,['bill'],[],119,United States,lower
ocd-bill/1b41ed69-cd49-4afb-9c1d-6778905d8d2b,HR 205,No Congressional Funds for Sanctuary Cities Act,['bill'],[],119,United States,lower
ocd-bill/b4e4172b-a507-4a9d-ac7d-351994e610fe,HR 59,Mens Rea Reform Act of 2025,['bill'],[],119,United States,lower
ocd-bill/ac7c3959-54d5-4810-a94b-5112edc3b3db,HR 489,Federal Agency Sunset Commission Act of 2025,['bill'],[],119,United States,lower
ocd-bill/35b64271-7f3a-4577-8c81-17edf0239cdd,HR 128,Fentanyl is a WMD Act,['bill'],[],119,United States,lower
ocd-bill/cce79573-7e0b-4ce9-bafd-68e989e5d87a,HR 48,Ultrasound Informed Consent Act,['bill'],[],119,United States,lower
ocd-bill/71fb724b-9f27-4e0e-9aa6-be29fa075336,HR 135,Manatee Protection Act of 2025,['bill'],[],119,United States,lower
ocd-bill/83cce898-5dbb-41c6-9504-564cd1d09602,HR 138,Lowering Costs for Caregivers Act of 2025,['bill'],[],119,United States,lower
ocd-bill/aa0315d2-f5ce-4220-a7c2-01d98495ac2c,HR 275,Special Interest Alien Reporting Act of 2024,['bill'],[],119,United States,lower
ocd-bill/86be38ef-08da-42c0-a83d-8b0881617710,HR 223,Preventing Unjust Red Flag Laws Act of 2025,['bill'],[],119,United States,lower
ocd-bill/07cf6d93-d781-444d-b372-2e0bfdbd02df,HR 264,Train EATS Act,['bill'],[],119,United States,lower
ocd-bill/fae7cd01-71c0-4219-8fdf-dd9126022fb0,HR 265,Train FOOD Act,['bill'],[],119,United States,lower
ocd-bill/d0a86f16-6e29-4a2a-bf84-d0a11679fddf,HR 262,Disaster Reforestation Act,['bill'],[],119,United States,lower
ocd-bill/85ede9c8-02a1-4540-a490-a8d6f281a252,HR 295,Fair Milk Pricing for Farmers Act,['bill'],[],119,United States,lower
ocd-bill/91f64764-7b56-4d83-a298-487cf5169feb,HR 320,Make Marriage Great Again Act of 2025,['bill'],[],119,United States,lower
ocd-bill/b0e86b50-84a4-4d0b-baa9-59bc2df48de5,HR 221,Abolish the ATF Act,['bill'],[],119,United States,lower
ocd-bill/60752418-29de-4fbf-b718-cf829beb7bbd,HR 243,Georgian Nightmare Non-Recognition Act,['bill'],[],119,United States,lower
ocd-bill/938ffbb6-2d5c-4f70-b195-1d1c3ed6d329,HR 324,PPP Shell Company Discovery Act,['bill'],[],119,United States,lower
ocd-bill/c14ebcdc-a8e0-47f9-a33d-03107c25aa6d,HR 325,"To designate a peak in the State of Nevada as Maude Frazier Mountain, and for other purposes.",['bill'],[],119,United States,lower
ocd-bill/3546296a-435f-4ef9-aca6-547a74c2c8a5,HR 319,To authorize an additional district judgeship for the district of Idaho.,['bill'],[],119,United States,lower
ocd-bill/034d40b3-532f-4d52-b496-5c8593d7c245,HR 266,Educational Opportunity and Success Act of 2025,['bill'],[],119,United States,lower
ocd-bill/99418eda-07df-4e2d-a20e-0951ed25495c,HR 313,Natural Gas Tax Repeal Act,['bill'],[],119,United States,lower
ocd-bill/1d5c1eb1-ec60-4d23-873e-4c66fd703217,HR 317,Healthcare Freedom Act of 2025,['bill'],[],119,United States,lower
ocd-bill/d6fe9e97-1282-4936-9c24-0c39ac5e3f15,HR 279,"To direct the United States Postal Service to designate a single, unique ZIP Code for Fairlawn, Virginia, and for other purposes.",['bill'],[],119,United States,lower
ocd-bill/f91f271f-d525-4470-82a6-d5bc07ff210c,HR 311,Restoring Fuel Market Freedom Act of 2025,['bill'],[],119,United States,lower
ocd-bill/61e1c6ae-ff48-412d-8435-3baf6f6ca04a,HR 267,Health Care PRICE Transparency Act,['bill'],[],119,United States,lower
ocd-bill/e5fa2e8d-d791-46b2-85bb-b9a7e8f7f00b,HR 278,BROADBAND Leadership Act,['bill'],[],119,United States,lower
ocd-bill/c322e65c-31da-49c7-a0f5-99d0b00d90d0,HR 294,Dairy Farm Resiliency Act,['bill'],[],119,United States,lower
ocd-bill/6923812f-3674-41ba-8d1a-b3343b37049f,HR 251,Legal Workforce Act,['bill'],[],119,United States,lower
ocd-bill/d98b4d54-2c08-4468-9107-55e142dcb61b,HR 241,Sergeant Ted Grubbs Mental Healthcare for Disabled Veterans Act,['bill'],[],119,United States,lower
ocd-bill/6cb44fcf-0082-4a5e-a35d-be457a73842f,HR 260,No Tax Dollars for Terrorists Act,['bill'],[],119,United States,lower
ocd-bill/7a25cc79-b0bd-40f0-89d3-51fd84cf31e1,HR 314,Empowering Nonprofits Act,['bill'],[],119,United States,lower
ocd-bill/bc6cc40c-772a-4db5-8770-f1a8bb373554,HR 299,Transparency of Migration Act,['bill'],[],119,United States,lower
ocd-bill/1c840a97-019d-40a2-8694-9b018e498ce8,HR 156,Securing our Elections Act of 2025,['bill'],[],119,United States,lower
ocd-bill/4cb2ee1e-5b8e-44cf-ae44-fbdf76aa53bc,HR 297,HELP PETS Act,['bill'],[],119,United States,lower
ocd-bill/082ec3cf-efe5-458d-a3e1-156cd8baedc6,HR 242,MANAGER Act,['bill'],[],119,United States,lower
ocd-bill/5d261eb0-a472-4517-b14a-a14ab098c5db,HR 286,Preserving Safe Communities by Ending Swatting Act of 2025,['bill'],[],119,United States,lower
ocd-bill/c0ee050c-3225-46fa-be9b-da6b3d3558b0,HR 269,Secretary General Jens Stoltenberg Congressional Gold Medal Act,['bill'],[],119,United States,lower
ocd-bill/d9dde5a5-763f-4add-9348-c78453105b1c,HR 285,Advanced Border Coordination Act of 2025,['bill'],[],119,United States,lower
ocd-bill/2e18c3a7-2d44-49f3-8728-c2b88593e2d1,HR 246,SALT Fairness for Working Families Act,['bill'],[],119,United States,lower
ocd-bill/65d55891-b224-45a1-8f3f-cd8de9fcd4fb,HR 316,Natural Disaster Recovery Program Act of 2025,['bill'],[],119,United States,lower
ocd-bill/e4a04940-2988-4caf-a59e-50139f7abbbc,HR 306,ESCRA Act,['bill'],[],119,United States,lower
ocd-bill/de71a4c7-aa51-4883-8a2e-16064e021a82,HR 310,Restoring Energy Market Freedom Act,['bill'],[],119,United States,lower
ocd-bill/76da7f93-cd62-4ea2-9a47-b7b7dce8ed7a,HR 328,REVOCAR Act of 2025,['bill'],[],119,United States,lower
ocd-bill/ba3244af-9910-4e34-a23d-09e00341d9ea,HR 300,Daylight Act,['bill'],[],119,United States,lower
ocd-bill/ffcdf179-44d6-4165-9b53-1d405fb66218,HR 245,Grant Integrity and Border Security Act,['bill'],[],119,United States,lower
ocd-bill/c7c229a5-3ef5-4078-9e20-02f9a5fe2d3a,HR 303,Retired Pay Restoration Act,['bill'],[],119,United States,lower
ocd-bill/2cd4b41e-2a54-4a2b-ae1e-1aa720d0cbf1,HR 298,To eliminate certain limitations and exclusions regarding defense articles and requirements regarding security assistance and sales with respect to the Republic of Cyprus.,['bill'],[],119,United States,lower
ocd-bill/8c3af5ad-90de-44fe-ab67-f45be0cba77d,HR 277,"To amend title 18, United States Code, to provide protections for nonviolent political protesters, and for other purposes.",['bill'],[],119,United States,lower
ocd-bill/c27a081c-27aa-4cc2-aab2-06731fa4809b,HR 312,Restoring Vehicle Market Freedom Act of 2025,['bill'],[],119,United States,lower
ocd-bill/db3971e2-e0da-47b1-93f1-0b8d515c0ebc,HR 287,Mobile Post Office Relief Act,['bill'],[],119,United States,lower
ocd-bill/b93cc951-f7e3-41a9-ad8a-77d340fb5855,HR 329,Expanding Penalty Free Withdrawal Act,['bill'],[],119,United States,lower
ocd-bill/87426e02-70f8-470f-97ce-4c87becadfa1,HR 1631,Safe Access to Cash Act of 2025,['bill'],[],119,United States,lower
ocd-bill/c4af9545-fcaa-4ecb-aa68-b7a65deadf46,HJRES 60,"Providing for congressional disapproval under chapter 8 of title 5, United States Code, of the rule submitted by the National Park Service relating to ""Glen Canyon National Recreation Area: Motor Vehicles"".",['resolution'],[],119,United States,lower
ocd-bill/3f33943e-5e2f-4a50-9e6b-2ba3f73dd4c3,HR 263,Transnational Criminal Organization Illicit Spotter Prevention and Elimination Act,['bill'],[],119,United States,lower
ocd-bill/4a7a3e43-6c9a-4730-a064-5746374a5530,HRES 144,"Expressing support for the designation of the month of March 2025 as ""National March into Literacy Month"".",['resolution'],[],119,United States,lower
ocd-bill/733f04f9-ab1c-4b8d-a7a2-d14ed16b9350,HRES 21,Electing Members to certain standing committees of the House of Representatives.,['resolution'],[],119,United States,lower
ocd-bill/1be20a77-77c2-47ec-ac63-28a7bdb7fb7f,HRES 150,Providing amounts for the expenses of the Committee on House Administration in the One Hundred Nineteenth Congress.,['resolution'],[],119,United States,lower
ocd-bill/d5c2bdd5-e69e-43c8-82ff-6fb529d8558a,HRES 146,"Honoring the legacy of the Harlem Renaissance, a cultural, social, and political movement in American history.",['resolution'],[],119,United States,lower
ocd-bill/c21824f3-4fe5-4272-8946-00b90a2a4e68,HR 1454,Rural Historic Tax Credit Improvement Act,['bill'],[],119,United States,lower
ocd-bill/e3f554f0-2658-4c79-8d76-b065d86e4f78,HR 1460,Drain the Swamp Act of 2025,['bill'],[],119,United States,lower
ocd-bill/c94b97d7-23d8-4f94-a33a-42b9dc0bd4ef,HR 1469,Senior Security Act of 2025,['bill'],[],119,United States,lower
ocd-bill/402ee6ac-7971-43ec-a3d8-b5977c4fcdde,HR 280,COAL Act of 2025,['bill'],[],119,United States,lower
ocd-bill/06f70c78-c090-4974-836b-9a3e6c85ae9f,HR 258,To cancel certain proposed changes to loan level price adjustments by the Federal National Mortgage Association and credit fees charged by the Federal Home Loan Mortgage Corporation.,['bill'],[],119,United States,lower
ocd-bill/9371801d-3ea1-4bde-af6a-fab5e48d8c3f,HR 257,SEC Act of 2025,['bill'],[],119,United States,lower
ocd-bill/a512fcd8-6554-4c22-9c7a-c6b524886b0e,HRES 27,Expressing opposition to Central Business District Tolling Program of New York City.,['resolution'],[],119,United States,lower
ocd-bill/726461f7-f949-41b1-9213-75c91c368bf2,HR 1510,Due Process Continuity of Care Act,['bill'],[],119,United States,lower
ocd-bill/9df23577-24b6-4275-aa72-b9cd3e5ef727,HRES 15,"Rescinding the subpoenas issued by the January 6th Select Committee on September 23, 2021, October 6, 2021, and February 9, 2022, and withdrawing the recommendations finding Stephen K. Bannon, Mark Randall Meadows, Daniel Scavino, Jr., and Peter K. Navarro in contempt of Congress.",['resolution'],[],119,United States,lower
ocd-bill/40cd4be1-8d5e-4205-a91a-b2b9f69ce0a2,HR 1467,POLE Act,['bill'],[],119,United States,lower
ocd-bill/79fe8633-472f-4d47-9809-e06ccb722b03,HJRES 15,"Providing for congressional disapproval under chapter 8 of title 5, United States Code, of the rule submitted by the Department of Energy relating to ""Energy Conservation Program: Energy Conservation Standards for Commercial Water Heating Equipment"".",['resolution'],[],119,United States,lower
ocd-bill/feaf3ae5-a7cc-4ab9-bc2e-f49ef31fd9ce,HR 1465,Protecting Life in Foreign Assistance Act,['bill'],[],119,United States,lower
ocd-bill/9377256d-6834-43ab-9f40-3eb82b0b516b,HR 1473,Postal Processing Protection Act,['bill'],[],119,United States,lower
ocd-bill/72fbaaf2-aff3-44bb-99b0-c55bd6fea515,HRES 26,Deeming certain conduct of members of Antifa as domestic terrorism and designating Antifa as a domestic terrorist organization.,['resolution'],[],119,United States,lower
ocd-bill/8b861c3d-2e93-4225-bfc6-7ed7fcbaaecd,HR 1480,Rural Health Innovation Act of 2025,['bill'],[],119,United States,lower
ocd-bill/21b5fd6d-c1cf-41bc-8f2e-ed7dc88f6b3a,HR 330,Organ Donation Referral Improvement Act,['bill'],[],119,United States,lower
ocd-bill/e170587b-c353-4fa2-bb4e-147aa594affe,HR 1506,SWIM Act of 2025,['bill'],[],119,United States,lower
ocd-bill/50caa6df-573d-4d60-b2d8-0be8b5b7a6a4,HR 1476,PLASMA Act,['bill'],[],119,United States,lower
ocd-bill/7dd7a17a-898b-4b8c-8242-8307f3428db0,HR 1497,NIH Reform Act,['bill'],[],119,United States,lower
ocd-bill/94fe8043-273e-4cf2-82fc-0c10e69f71ab,S 67,Censorship Accountability Act,['bill'],[],119,United States,upper
ocd-bill/9ebbe32a-7984-4e96-8ee3-942d0a4ac7c9,HRES 28,BRIDGE to Congress Resolution,['resolution'],[],119,United States,lower
ocd-bill/e34882c6-a3b9-46c3-aa56-9f45b033735e,HJRES 16,Proposing an amendment to the Constitution of the United States extending the right to vote to citizens sixteen years of age or older.,['resolution'],[],119,United States,lower
ocd-bill/c07ae73a-2694-40b3-a36f-aec5a277f6a1,HR 1453,Clean Energy Demonstration Transparency Act of 2025,['bill'],[],119,United States,lower
ocd-bill/d2c9f95a-88b3-41a2-b5ed-8ba3f8538715,HR 1500,Building Native Habitats at Federal Facilities Act,['bill'],[],119,United States,lower
ocd-bill/092baa75-321f-4ca8-a282-4644541fcd42,HR 1495,Digital Economy Cybersecurity Advisory Act of 2025,['bill'],[],119,United States,lower
ocd-bill/06ffa033-e728-4b3c-a1ab-20a4e743b2da,HR 1502,North Platte Canteen Congressional Gold Medal Act,['bill'],[],119,United States,lower
ocd-bill/24596806-9c4a-4e5f-b7f5-70be83e0ee0f,HR 1470,SOS Act of 2025,['bill'],[],119,United States,lower
ocd-bill/4dc08288-22fb-423b-b58f-86f6463f087d,HR 1478,One Seat Ride Act,['bill'],[],119,United States,lower
ocd-bill/e0f4ea8e-08c4-4562-9e6b-bad6107c2003,HR 268,STOP MADURO Act,['bill'],[],119,United States,lower
ocd-bill/62b09004-4654-4d2e-a635-5db5b9ad4f2f,HR 1513,Unplug the Electric Vehicle Charging Stations Program Act,['bill'],[],119,United States,lower
ocd-bill/a4215de2-66e3-4846-ba36-59c759a572f8,HR 292,GRAPE Act,['bill'],[],119,United States,lower
ocd-bill/32ba290f-49e9-43f8-bf6b-31e944e90f95,HR 1472,Wyoming Public Lands Initiative Act of 2025,['bill'],[],119,United States,lower
ocd-bill/6221f687-2063-468b-b343-55ad50289c77,SRES 18,A resolution providing for sufficient time for legislation to be read.,['resolution'],[],119,United States,upper
ocd-bill/202afe24-dc45-4191-86f2-eaf994745f42,HRES 11,Fair Representation Amendment,['resolution'],[],119,United States,lower
ocd-bill/f1132d0d-37b5-4036-8624-70d54420ecbe,HRES 22,Electing Members to certain standing committees of the House of Representatives.,['resolution'],[],119,United States,lower
ocd-bill/814c8249-7b26-43ae-a651-3aacf059fa1e,HR 301,GEO Act,['bill'],[],119,United States,lower
ocd-bill/2f787c99-b312-4763-bd67-b8f89df5270d,HR 1466,Cardiac Arrest Survival Act of 2025,['bill'],[],119,United States,lower
ocd-bill/d489b19a-91e8-4f39-9f58-1a90e2b532b6,S 69,COLLUDE Act,['bill'],[],119,United States,upper
ocd-bill/4414dd1b-c0fa-440d-a004-e5a7d09dfaed,S 61,National Human Trafficking Database Act,['bill'],[],119,United States,upper
ocd-bill/e23f6e7d-f079-4bf3-bb63-cc6f43afba5c,HR 1450,OFAC Licensure for Investigators Act,['bill'],[],119,United States,lower
ocd-bill/80d478e8-c99a-4219-abee-55972669fc32,S 54,A bill to authorize an additional district judgeship for the district of Idaho.,['bill'],[],119,United States,upper
ocd-bill/e7b5eef3-c78b-4e11-a316-154a57288442,S 41,Advanced Border Coordination Act of 2025,['bill'],[],119,United States,upper
ocd-bill/11800361-75d9-41f3-8d52-e0fd95e53d0b,S 48,SAVE Girls Act,['bill'],[],119,United States,upper
ocd-bill/a5f9d423-07d2-40d9-bdd2-b3b98e433a0a,S 45,Balanced Budget Accountability Act,['bill'],[],119,United States,upper
ocd-bill/228d1b82-8b21-480d-9c5b-bd072de8acf2,HR 1481,CART Act of 2025,['bill'],[],119,United States,lower
ocd-bill/1a84f71a-e06a-4673-8d06-173748af75c3,S 55,Read the Bills Act,['bill'],[],119,United States,upper
ocd-bill/de3e4a60-98d7-42fe-a47a-3b8b1e07f0ec,S 59,One Subject at a Time Act,['bill'],[],119,United States,upper
ocd-bill/c446a2f3-337b-41de-8538-2c20763ba013,S 52,End Child Trafficking Now Act,['bill'],[],119,United States,upper
ocd-bill/3bbba0b5-1978-4c2a-ae78-1b56677981f3,S 56,SAP Act,['bill'],[],119,United States,upper
ocd-bill/7f12f3d1-e7ce-4662-832b-a5b9e89c9b71,S 39,STOP MADURO Act,['bill'],[],119,United States,upper
ocd-bill/bfdd9862-d003-43ad-bb8d-653fd381464e,S 49,Expel Illegal Chinese Police Act of 2025,['bill'],[],119,United States,upper
ocd-bill/323d425c-07fc-4659-9e24-953d58e0f35f,HR 1503,Stop Forced Organ Harvesting Act of 2025,['bill'],[],119,United States,lower
ocd-bill/dc08b8da-64aa-424b-815d-e79fb7b6ce9b,S 64,"A bill to direct the United States Postal Service to designate a single, unique ZIP Code for Fairlawn, Virginia, and for other purposes.",['bill'],[],119,United States,upper
ocd-bill/3e714cef-5c77-4460-925a-827d8232983f,S 43,"Skinny Labels, Big Savings Act",['bill'],[],119,United States,upper
ocd-bill/9485e3a3-eeb1-48d6-baf9-7ce730701e8d,S 60,Write the Laws Act,['bill'],[],119,United States,upper
ocd-bill/ce3e14c4-b7d8-404f-a605-4897882777d7,S 44,A bill to direct the Joint Committee of Congress on the Library to procure a statue of Benjamin Franklin for placement in the United States Capitol.,['bill'],[],119,United States,upper
ocd-bill/69773db9-e3d5-4b45-9aed-e961d1155195,HR 1504,China Trade Relations Act of 2025,['bill'],[],119,United States,lower
ocd-bill/2f389bb7-862d-47d2-aeae-248246f0235e,HR 1501,Protecting Domestic Mining Act of 2025,['bill'],[],119,United States,lower
ocd-bill/4e6ca12c-db58-4d8c-8f68-3874667ebf29,HJRES 23,"Disapproving of the rule submitted by the Department of Homeland Security relating to ""Increase of the Automatic Extension Period of Employment Authorization and Documentation for Certain Employment Authorization Document Renewal Applicants"".",['resolution'],[],119,United States,lower
ocd-bill/ce3425c6-8f69-4a1e-bed1-bc68d92d3645,HR 1486,Economic Espionage Prevention Act,['bill'],[],119,United States,lower
ocd-bill/0926b607-2689-4af2-8cb9-77a39df68106,S 300,DLARA,['bill'],[],119,United States,upper
ocd-bill/3e738cb3-1f10-4991-8696-69af066ce3d8,HR 1464,MODERN WIC Act of 2025,['bill'],[],119,United States,lower
ocd-bill/d81cdade-829f-42ae-bccb-25700bb9b979,S 24,"A bill to designate the facility of the United States Postal Service located at 154 First Avenue East in Jerome, Idaho, as the ""Representative Maxine Bell Post Office"".",['bill'],[],119,United States,upper
ocd-bill/feb60dd5-5d54-4129-870f-04b7049443dd,HR 240,Protect Local Farms Act,['bill'],[],119,United States,lower
ocd-bill/311f4c23-187b-4250-bfa8-d786b90a8416,HR 167,Community Reclamation Partnerships Act of 2025,['bill'],[],119,United States,lower
ocd-bill/1304539d-1827-4928-8558-58c8b0eddfda,HR 225,HUD Transparency Act of 2025,['bill'],[],119,United States,lower
ocd-bill/147e7bf0-3cac-492d-ab8d-6b63fc8b7e0e,HR 230,"To prohibit the implementation of the Approved Resource Management Plan Amendment for the Buffalo, Wyoming Field Office of the Bureau of Land Management.",['bill'],[],119,United States,lower
ocd-bill/50d74e5b-6d66-4ace-bcba-dc9911f8844e,HR 239,JFK Act of 2025,['bill'],[],119,United States,lower
ocd-bill/5abaf421-93a6-4435-a232-34c14a69400d,HR 233,HELP PETS Act,['bill'],[],119,United States,lower
ocd-bill/64171705-46e3-4d19-9aee-f0576f251d0c,HR 237,Paws Off Act of 2025,['bill'],[],119,United States,lower
ocd-bill/ebf7d512-1463-402a-8e6d-1f72b62f868b,HR 256,SAVE Act,['bill'],[],119,United States,lower
ocd-bill/c8999d85-1018-4cc7-a1b0-4cae7ff7a2d2,HR 238,Healthy Technology Act of 2025,['bill'],[],119,United States,lower
ocd-bill/00688b9b-fe3c-4fbb-a96d-40911c17f69a,HR 270,To authorize the waiver of costs of activities relating to evacuation of United States citizens when their lives are endangered by war or acts of terrorism.,['bill'],[],119,United States,lower
ocd-bill/68e5c11a-f4af-41ac-9a14-134384c11596,S 769,United States Research Protection Act of 2025,['bill'],[],119,United States,upper
ocd-bill/ba46bbea-b563-4d1a-aa92-fc5aebbb886f,S 760,Kids’ Access to Primary Care Act of 2025,['bill'],[],119,United States,upper
ocd-bill/eb652b6b-0aef-410d-b4f6-98b8006a10ab,HR 511,AMERICANS Act,['bill'],[],119,United States,lower
ocd-bill/d5550caa-01e7-4754-b3bf-00baafe4e351,HR 431,Pony Up Act,['bill'],[],119,United States,lower
ocd-bill/438f52b9-d1bb-407f-87c0-3f5fa02d3590,HR 911,Patriot Day Act,['bill'],[],119,United States,lower
ocd-bill/17c98a8d-0498-405b-bb30-964443ec6402,HR 929,Dr. Lorna Breen Health Care Provider Protection Reauthorization Act,['bill'],[],119,United States,lower
ocd-bill/054575f5-0dcb-4566-bb82-2751db73badf,HR 1433,Kids’ Access to Primary Care Act of 2025,['bill'],[],119,United States,lower
ocd-bill/d115b22b-0d6e-4ce6-81de-eff77ba97fdd,S 735,"Sickle Cell Disease and Other Heritable Blood Disorders Research, Surveillance, Prevention, and Treatment Act of 2025",['bill'],[],119,United States,upper
ocd-bill/336e6932-f49b-4796-b659-9d56529175d4,HR 926,Fort Pillow National Battlefield Park Study Act,['bill'],[],119,United States,lower
ocd-bill/b8f93b66-66b3-47ef-a737-a1dd576840b2,HR 948,SAFE HOME Act,['bill'],[],119,United States,lower
ocd-bill/39ca7e58-1a25-46fe-8248-a9837df2be09,HR 913,Streamlining Aviation for Eligible Veterans Act of 2025,['bill'],[],119,United States,lower
ocd-bill/eae57354-ae58-44ec-823b-10de59927d86,HR 941,Small LENDER Act,['bill'],[],119,United States,lower
ocd-bill/5e05095a-9b48-48f2-b15b-9a5dc3ed3fc6,HR 954,SOAR Permanent Authorization Act,['bill'],[],119,United States,lower
ocd-bill/ad998d04-f839-49b1-89e0-22fd3bc6010d,HR 935,Health Care Workforce Innovation Act of 2025,['bill'],[],119,United States,lower
ocd-bill/e85c73aa-c63e-4507-9eeb-654cd5ceb876,HR 920,Federal Initiative to Guarantee Health by Targeting Fentanyl Act,['bill'],[],119,United States,lower
ocd-bill/b6f082ce-73af-481a-9dbf-3d1f93848ccc,HR 933,Defending Domestic Orange Juice Production Act of 2025,['bill'],[],119,United States,lower
ocd-bill/8825dae9-ad8c-46a8-984b-b0a342e4739e,HR 917,Mortgage Debt Tax Forgiveness Act of 2025,['bill'],[],119,United States,lower
ocd-bill/efba880a-a1bd-4740-a0c0-9736222b1bd5,HR 915,Small Business Technological Act of 2025,['bill'],[],119,United States,lower
ocd-bill/e55d0f74-b43c-4c8c-8536-02d95ad34a47,HR 921,Master Sergeant Roddie Edmonds Congressional Gold Medal Act,['bill'],[],119,United States,lower
ocd-bill/c2e5745c-dfc9-4b50-83fd-89a8c839a271,HR 958,Train More Primary Care Doctors Act of 2025,['bill'],[],119,United States,lower
ocd-bill/dcae374f-d6f7-422b-bbc6-b9bf1a60bdac,HR 972,Sloan Canyon Conservation and Lateral Pipeline Act,['bill'],[],119,United States,lower
ocd-bill/2baabb35-46c2-456d-bc30-9936f3721a76,HR 963,Protecting Social Security Act,['bill'],[],119,United States,lower
ocd-bill/572e5877-d7c3-450d-a9b1-bbc369f98647,HR 939,Student Empowerment Act,['bill'],[],119,United States,lower
ocd-bill/b6830937-5614-4aff-9d0d-3b65267c25bf,HR 928,"To enhance safety requirements for trains transporting hazardous materials, and for other purposes.",['bill'],[],119,United States,lower
ocd-bill/b39732ac-6529-47ad-9d5c-2076cf553718,HR 967,Modern GI Bill Act,['bill'],[],119,United States,lower
ocd-bill/c23176e3-c761-45ab-9016-799142df6fcd,HR 937,Protecting Taxpayers from Student Loan Bailouts Act,['bill'],[],119,United States,lower
ocd-bill/2611f459-1d69-41ca-ac5f-0c91864ec038,HR 923,Stop Arming Cartels Act of 2025,['bill'],[],119,United States,lower
ocd-bill/fd03e1c2-e3af-4517-a145-18056781ea65,HR 951,250 Years of Service and Sacrifice Commemorative Coin Act,['bill'],[],119,United States,lower
ocd-bill/0e2ff27c-fbfa-4dd3-9c25-e809031dfd61,HR 918,Mortgage Insurance Tax Deduction Act of 2025,['bill'],[],119,United States,lower
ocd-bill/27966b3d-3ec9-468c-8ebc-71c32e7e9697,HR 968,Time of Service Act,['bill'],[],119,United States,lower
ocd-bill/7873f03e-2b33-4c55-b1b8-abecc5e42837,HR 961,Veterans Access to Direct Primary Care Act,['bill'],[],119,United States,lower
ocd-bill/f7b18eab-7474-4dd7-accc-992bb9863f91,HR 949,Hatchie River Wild and Scenic River Study Act of 2025,['bill'],[],119,United States,lower
ocd-bill/e16241f7-d7bc-417b-8e9d-636ee19b43ab,HR 966,Veterans Cannabis Use for Safe Healing Act,['bill'],[],119,United States,lower
ocd-bill/ca3d8d3f-802b-457e-818d-5eb1508367da,HR 960,Protect Our Clothes from PFAS Act,['bill'],[],119,United States,lower
ocd-bill/c762f0f9-168c-4e20-ad51-6d3434bb2b1a,HR 955,HOPE Act of 2025,['bill'],[],119,United States,lower
ocd-bill/ff8ab5c1-0033-4291-acd5-26213ca3d667,HR 938,No Contracts with Foreign Adversaries Act,['bill'],[],119,United States,lower
ocd-bill/a1aeac8a-9f54-47b2-9438-f00dd9f3bd8a,HJRES 33,"Providing for congressional disapproval under chapter 8 of title 5, United States Code, of the rule submitted by the Federal Communications Commission relating to ""Addressing the Homework Gap Through the E-Rate Program"".",['resolution'],[],119,United States,lower
ocd-bill/d51123ad-7bed-4ec4-9d48-d5acebafdd61,HR 974,Small Business Regulatory Reduction Act,['bill'],[],119,United States,lower
ocd-bill/59bba32b-5ffb-4c65-ad7c-402fe0e930a7,HRES 99,"Raising awareness and encouraging the prevention of stalking by designating January 2025 as ""National Stalking Awareness Month"".",['resolution'],[],119,United States,lower
ocd-bill/c3a9dcec-180e-4476-94cd-410eaff43582,HRES 102,Providing amounts for the expenses of the Committee on Homeland Security in the One Hundred Nineteenth Congress.,['resolution'],[],119,United States,lower
ocd-bill/509b4aa7-1d64-4ef9-b30f-d01d096da59f,HRES 91,Providing amounts for the expenses of the Committee on the Budget in the One Hundred Nineteenth Congress.,['resolution'],[],119,United States,lower
ocd-bill/448afd4a-0512-4df1-a9f6-b799b228d609,HRES 98,"Expressing support for the designation of February 4, 2025, as ""National Cancer Prevention Day"".",['resolution'],[],119,United States,lower
ocd-bill/221769a6-082a-4dfb-a0e6-802585c9da3e,HRES 103,Providing amounts for the expenses of the Committee on Financial Services in the One Hundred Nineteenth Congress.,['resolution'],[],119,United States,lower
ocd-bill/1d51cd8f-9b68-4a97-ba42-b4f08f2dcf33,HRES 96,"Providing amounts for the expenses of the Committee on Science, Space, and Technology in the One Hundred Nineteenth Congress.",['resolution'],[],119,United States,lower
ocd-bill/2db69ba5-1145-401c-b6d0-25e2093675b8,S 732,Protecting American Agriculture from Foreign Adversaries Act of 2025,['bill'],[],119,United States,upper
ocd-bill/fad133a7-ec27-4b98-8a3e-6f72bcacda9e,S 753,Strengthening Exports Against China Act,['bill'],[],119,United States,upper
ocd-bill/cfa1182c-38a9-4159-ad7a-cd435945e1a6,S 781,Long Island Sound Restoration and Stewardship Reauthorization Act of 2025,['bill'],[],119,United States,upper
ocd-bill/189d9d93-007e-414c-a366-2f24d769a981,S 772,Employer Participation in Repayment Act,['bill'],[],119,United States,upper
ocd-bill/0d76be48-0514-4213-a5bd-eddc0b9c0fc0,S 790,"A bill to redesignate the National Historic Trails Interpretive Center in Casper, Wyoming, as the ""Barbara L. Cubin National Historic Trails Interpretive Center"".",['bill'],[],119,United States,upper
ocd-bill/8cebe94b-894d-4680-83da-86d8dfd56358,S 700,"A bill to require the Secretary of Agriculture to convey the Pleasant Valley Ranger District Administrative Site to Gila County, Arizona.",['bill'],[],119,United States,upper
ocd-bill/9ffe2653-8ef3-4de7-8311-88996e0fe5fd,S 778,Lactation Spaces for Veteran Moms Act,['bill'],[],119,United States,upper
ocd-bill/b33fff8c-cbf1-4fd2-b6cb-1acde3363755,S 775,SAFE Act of 2025,['bill'],[],119,United States,upper
ocd-bill/e1ddd260-9400-4b46-94f2-8bd14e109e8d,HR 1751,Stop Electronic Stalking Act of 2025,['bill'],[],119,United States,lower
ocd-bill/e5362237-7616-4d45-87b7-c27801333db0,S 729,Hospital Transparency Compliance Enforcement Act,['bill'],[],119,United States,upper
ocd-bill/b159f58b-0324-4e7f-b031-b966616ee25e,HR 1857,Capital Gains Inflation Relief Act of 2025,['bill'],[],119,United States,lower
ocd-bill/ea162e1d-9d88-4aa2-bb0a-6fbd8eda4dc8,S 777,Strategic Ports Reporting Act,['bill'],[],119,United States,upper
ocd-bill/d2d327f1-d5fa-4465-a8ae-4ba1c1233100,S 728,African Burial Ground International Memorial Museum and Educational Center Act,['bill'],[],119,United States,upper
ocd-bill/1a3dff6c-1313-446f-8899-24c731a60405,S 757,Tribal Adoption Parity Act,['bill'],[],119,United States,upper
ocd-bill/6bfd52f8-2250-4a21-a59f-2e6c95734ce7,S 799,United States Legal Gold and Mining Partnership Act,['bill'],[],119,United States,upper
ocd-bill/d7372cdf-4aaf-4211-9d69-40c7f6f3b493,HR 1610,FIRE Cancer Act of 2025,['bill'],[],119,United States,lower
ocd-bill/f886461e-2f4c-4b4d-b398-29f0d1cbd5ac,HR 1567,African Burial Ground International Memorial Museum and Educational Center Study Act,['bill'],[],119,United States,lower
ocd-bill/8327edb0-39d6-4746-a8e5-683ba1ac9a80,S 776,UNITED Act,['bill'],[],119,United States,upper
ocd-bill/8df3dc67-29a9-4033-bf79-a7987d034448,S 758,Apprenticeships to College Act,['bill'],[],119,United States,upper
ocd-bill/c9e14d54-e28c-442f-8d55-91b30f20ce40,HR 1748,FEMA for America First Act of 2025,['bill'],[],119,United States,lower
ocd-bill/6d795aeb-b335-4890-8d57-b1b6431dc047,S 764,Colorado Outdoor Recreation and Economy Act,['bill'],[],119,United States,upper
ocd-bill/31b5534d-d920-4c84-8b52-818aef2219a8,HR 2174,Paycheck Protection Act,['bill'],[],119,United States,lower
ocd-bill/d44f7335-b7a0-48de-bf90-1019d1106cc1,S 765,No DeepSeek on Government Devices Act,['bill'],[],119,United States,upper
ocd-bill/0473130b-624b-403f-8e2e-a385f49df2ce,S 687,BCRA of 2025,['bill'],[],119,United States,upper
ocd-bill/5537d54e-6ce1-436e-8cc4-a30bc2cec65c,S 708,RESTORE Patent Rights Act of 2025,['bill'],[],119,United States,upper
ocd-bill/1cec16bc-0862-4426-ba18-0fb419a900d9,S 756,Freedom to Invest in Tomorrow’s Workforce Act,['bill'],[],119,United States,upper
ocd-bill/ae6a9709-e6cd-4f27-b73e-4542ccae1782,S 684,Tax Administration Simplification Act,['bill'],[],119,United States,upper
ocd-bill/5363c3bd-d24b-4cc6-be04-38a9a5eeea0f,HR 1861,Checkpoint Modernization Act,['bill'],[],119,United States,lower
ocd-bill/1d7687be-4444-4a13-9479-3b23ac2deff0,HR 1570,Empowering Families in Special Education Act,['bill'],[],119,United States,lower
ocd-bill/c2f17e1e-f9e2-40d3-990c-6ffc70c26037,S 722,Bureau of Land Management Mineral Spacing Act,['bill'],[],119,United States,upper
ocd-bill/1cba70a2-9c0d-45e7-a60c-233cec697cd9,S 786,Public Health Funding Restoration Act,['bill'],[],119,United States,upper
ocd-bill/78b5ba4b-0668-4f65-a6ef-8491d9d23209,S 731,Time to Choose Act of 2025,['bill'],[],119,United States,upper
ocd-bill/a91d8bee-566f-4be1-bd7c-c66335dc424c,S 762,No Immigration Benefits for Hamas Terrorists Act,['bill'],[],119,United States,upper
ocd-bill/0be7224f-a4f9-486a-8fef-f5f656c92c54,S 716,A bill for the relief of Vichai Sae Tung (also known as Chai Chaowasaree).,['bill'],[],119,United States,upper
ocd-bill/b936aec6-e89a-4013-9302-19551978e8e2,S 771,End FEMA Benefits for Illegal Immigrants Act,['bill'],[],119,United States,upper
ocd-bill/70f5e9e7-d7b2-4993-b189-c79f05c20d6c,S 782,Expanding Local Meat Processing Act of 2025,['bill'],[],119,United States,upper
ocd-bill/19cdf90a-49f2-40c4-a453-31bfcb7fa190,S 768,Invest to Protect Act of 2025,['bill'],[],119,United States,upper
ocd-bill/5419412a-4a37-4583-8ff0-a2023e5d6ab1,HR 1899,Audio-Only Telehealth Access Act of 2025,['bill'],[],119,United States,lower
ocd-bill/8b7b3c12-7474-48fc-8f50-7fc4547492c0,HR 43,Alaska Native Village Municipal Lands Restoration Act of 2025,['bill'],[],119,United States,lower
ocd-bill/816c6d80-201d-4303-802e-48665cbb432d,S 801,Higher Education Reform and Opportunity Act,['bill'],[],119,United States,upper
ocd-bill/a137de95-e528-4da3-9689-57c79d3e8961,S 751,CROWN Act of 2025,['bill'],[],119,United States,upper
ocd-bill/b5ab6252-5bb8-4a5a-b785-eeaf1779c055,HR 985,To amend the Agriculture Improvement Act of 2018 to reauthorize the dairy business innovation initiatives.,['bill'],[],119,United States,lower
ocd-bill/a116b313-9661-427a-9276-5b251b96360c,HR 1459,Protect the West Act of 2025,['bill'],[],119,United States,lower
ocd-bill/8211d0c1-acad-4604-85e9-ece9c2e7a34f,S 717,Increasing Access to Quality Cardiac Rehabilitation Care Act of 2025,['bill'],[],119,United States,upper
ocd-bill/9692ccdb-d4ce-43b7-a942-8e87c5ed19ea,HRES 97,"Expressing support for the designation of the week beginning February 3, 2025, as ""National Tribal Colleges and Universities Week"".",['resolution'],[],119,United States,lower
ocd-bill/3ca580f0-b7ea-4320-bc06-38b0123e4dc0,HRES 92,Providing amounts for the expenses of the Permanent Select Committee on Intelligence in the One Hundred Nineteenth Congress.,['resolution'],[],119,United States,lower
ocd-bill/565757cb-eed1-43b2-b2e7-de13732ad995,HRES 104,Providing amounts for the expenses of the Select Committee on the Strategic Competition Between the United States and the Chinese Communist Party in the One Hundred Nineteenth Congress.,['resolution'],[],119,United States,lower
ocd-bill/e8248aae-0fc9-4776-b191-61ad8b59deb3,SRES 56,A resolution congratulating the University of Vermont men's soccer team on winning the 2024 National Collegiate Athletic Association Division I men's soccer national championship.,['resolution'],[],119,United States,upper
ocd-bill/194061d3-1c16-4687-8fe0-ce757b5da743,S 395,Emergency Fuel Reduction Act of 2025,['bill'],[],119,United States,upper
ocd-bill/9a678cb5-2af6-46ab-8fa8-0d98464c6dc8,SJRES 2,"A joint resolution proposing amendments to the Constitution of the United States relative to the line item veto, a limitation on the number of terms that a Member of Congress may serve, and requiring a vote of two-thirds of the membership of both Houses of Congress on any legislation raising or imposing new taxes or fees.",['resolution'],[],119,United States,upper
ocd-bill/4af3f6e9-0162-4a74-8e5b-5f825e063ba1,HR 143,Unauthorized Spending Accountability Act,['bill'],[],119,United States,lower
ocd-bill/d04b9bf6-1cd6-4b70-bc89-c8ef56e0bc61,SJRES 1,A joint resolution proposing an amendment to the Constitution of the United States relative to limiting the number of terms that a Member of Congress may serve.,['resolution'],[],119,United States,upper
ocd-bill/799db2d8-b83b-47a3-840e-dc4daa5f2536,S 51,"Washington, D.C. Admission Act",['bill'],[],119,United States,upper
ocd-bill/87ec0a22-c2e5-4da3-b961-c9cc66839dac,S 394,GENIUS Act of 2025,['bill'],[],119,United States,upper
ocd-bill/040b1258-714a-472e-ba97-eb1f50f21760,S 393,Banning SPR Oil Exports to Foreign Adversaries Act,['bill'],[],119,United States,upper
ocd-bill/9dd8c5ed-ec7f-4faa-b6c3-58feb048df38,S 387,Small Business Regulatory Reduction Act,['bill'],[],119,United States,upper
ocd-bill/122582b0-fbb0-4f2d-81e0-d2768babffa2,S 380,Rural Obstetrics Readiness Act,['bill'],[],119,United States,upper
ocd-bill/85e5ca81-0175-4b7a-903b-9ccfa899b11c,S 379,No Red and Blue Banks Act,['bill'],[],119,United States,upper
ocd-bill/7039ff0f-0899-415f-8d98-acb392829558,S 388,Promoting Resilient Buildings Act,['bill'],[],119,United States,upper
ocd-bill/5fe54827-257e-4e07-bda8-631444eef563,S 399,Protecting Our Supreme Court Justices Act of 2025,['bill'],[],119,United States,upper
ocd-bill/55fed56c-403f-4603-9f1c-0679022e5141,S 384,RECOGNIZING Judea and Samaria Act,['bill'],[],119,United States,upper
ocd-bill/36078f9a-f1bc-4a4a-aa40-0907d2f69aa6,S 381,10 Percent Credit Card Interest Rate Cap Act,['bill'],[],119,United States,upper
ocd-bill/74f33a69-d3e0-4604-82dc-d4ef8ad95319,S 400,Paid Family and Medical Leave Tax Credit Extension and Enhancement Act,['bill'],[],119,United States,upper
ocd-bill/de70d0f7-83ae-4243-b591-c48f3eb50123,S 1088,World War II Women's Memorial Location Act,['bill'],[],119,United States,upper
ocd-bill/02ffc479-b94a-4689-9415-5b53a916d73e,SRES 7,A resolution fixing the hour of daily meeting of the Senate.,['resolution'],[],119,United States,upper
ocd-bill/5f3eaf1a-6472-4fca-bc66-c9131e3d5a74,SRES 15,"A resolution electing Gary B. Myrick, of Virginia, as Secretary for the Minority of the Senate.",['resolution'],[],119,United States,upper
ocd-bill/ac204253-408c-4667-9eac-205c3170db10,SRES 3,"A resolution to elect Charles E. Grassley, a Senator from the State of Iowa, to be President pro tempore of the Senate of the United States.",['resolution'],[],119,United States,upper
ocd-bill/fc9019d3-55e3-4656-9ace-eeb2c07b8f58,SRES 11,A resolution electing Jennifer A. Hemingway as Sergeant at Arms and Doorkeeper of the Senate.,['resolution'],[],119,United States,upper
ocd-bill/83bd8493-5009-4ff4-a75d-d59d6a03d8ca,SRES 1,A resolution establishing a Committee to Inform the President of the United States that a quorum of each House is assembled.,['resolution'],[],119,United States,upper
ocd-bill/44c4e96a-14a7-4fef-92f6-223026e1615f,SRES 6,A resolution expressing the thanks of the Senate to the Honorable Patty Murray for her service as President Pro Tempore of the United States Senate and to designate Senator Murray as President Pro Tempore Emerita of the United States Senate.,['resolution'],[],119,United States,upper
ocd-bill/c4fb8927-d393-4a7a-9860-807dbbc0b89b,SRES 12,A resolution notifying the President of the United States of the election of a Sergeant at Arms and Doorkeeper of the Senate.,['resolution'],[],119,United States,upper
ocd-bill/da76a94f-36b5-4e81-b46d-9fdf9c5f44a8,SRES 17,"A resolution to constitute the minority party's membership on certain committees for the One Hundred Nineteenth Congress, or until their successors are chosen.",['resolution'],[],119,United States,upper
ocd-bill/4d9d3865-eead-4dc4-904e-416fed88df5d,HR 145,Risk Disclosure and Investor Attestation Act,['bill'],[],119,United States,lower
ocd-bill/6a0d6f68-f740-468b-883c-9c3f5bcf3c48,HR 1634,ThinkDIFFERENTLY About Disability Employment Act,['bill'],[],119,United States,lower
ocd-bill/e642cc0b-f5fe-4149-887e-d2503e888e5c,HR 1891,Moving H–2A to United States Department of Agriculture Act of 2025,['bill'],[],119,United States,lower
ocd-bill/71cda5ca-d1f3-4b91-8ca4-f50d592c4f09,S 1098,Opioid Overdose Data Collection Enhancement Act,['bill'],[],119,United States,upper
ocd-bill/7d55a1be-845b-4e48-ab1c-08a05bf279c9,SRES 134,"A resolution designating March 15, 2025, as ""National Osceola Turkey Day"".",['resolution'],[],119,United States,upper
ocd-bill/1bf6e3a1-4eac-438f-8986-bd8cd899efe2,HRES 244,Recognizing the cultural and historical significance of Nowruz.,['resolution'],[],119,United States,lower
ocd-bill/db3affff-8b4c-423e-b4d5-4510c664d244,HR 2182,Pre-Pilot Pathway Act,['bill'],[],119,United States,lower
ocd-bill/f76dd83e-368d-4727-82a1-7700d26e9eed,HRES 246,"Impeaching Theodore Chuang, a judge of the United States District Court for the District of Maryland, for high crimes and misdemeanors.",['resolution'],[],119,United States,lower
ocd-bill/6b2f98b4-f93b-4f6b-a67e-cd3cb8e0cb13,S 688,FISH Act of 2025,['bill'],[],119,United States,upper
ocd-bill/0549c447-7ab0-47e8-a63a-d405b271d173,HR 2229,No Veteran Falls Through the Cracks Act,['bill'],[],119,United States,lower
ocd-bill/29b93903-90aa-455a-9f23-e5d396d4fe4c,HJRES 81,Authorizing the use of military force against certain Mexican cartels.,['resolution'],[],119,United States,lower
ocd-bill/40cea87e-a580-41b9-b41c-f9241f2ae709,S 1091,Rural Housing Accessibility Act,['bill'],[],119,United States,upper
ocd-bill/6a066093-db81-4c77-89c2-6dc86e727834,HRES 241,"Impeaching John James McConnell Jr., Chief Judge of the United States District Court for the District of Rhode Island, for high crimes and misdemeanors.",['resolution'],[],119,United States,lower
ocd-bill/61556465-9419-47d5-84f6-2fa3c71dc619,S 1089,Holding Foreign Insiders Accountable Act,['bill'],[],119,United States,upper
ocd-bill/08efe428-a254-4399-87c7-92d7060b9318,HR 2233,SLOT Act of 2025,['bill'],[],119,United States,lower
ocd-bill/c0afaaae-ba78-4372-b394-eec574611dac,S 1094,Mass Timber Federal Buildings Act of 2025,['bill'],[],119,United States,upper
ocd-bill/6c044bba-4fde-407d-a7f4-10c2be43cd29,HR 2246,Foreign Investment Guardrails to Help Thwart (FIGHT) China Act,['bill'],[],119,United States,lower
ocd-bill/4bfb7212-962b-4b1c-8d02-cd9704a35c0c,HR 2225,Access to Small Business Investor Capital Act,['bill'],[],119,United States,lower
ocd-bill/a94400c4-1964-495c-9c8a-75c3f6b7ea44,HR 2266,RETIREES FIRST Act,['bill'],[],119,United States,lower
ocd-bill/7af41b54-2a1b-428a-8579-b898fddd430e,HRES 237,"Of inquiry requesting the President and directing the Secretary of Education to transmit, respectively, certain documents to the House of Representatives relating to the reduction in force and other downsizing measures at the Department of Education.",['resolution'],[],119,United States,lower
ocd-bill/295979fa-baec-42d3-8086-97f907e66fc4,HJRES 78,"Providing for congressional disapproval under chapter 8 of title 5, United States Code, of the rule submitted by the United States Fish and Wildlife Service relating to ""Endangered and Threatened Wildlife and Plants; Endangered Species Status for the San Francisco Bay-Delta Distinct Population Segment of the Longfin Smelt"".",['resolution'],[],119,United States,lower
ocd-bill/b4b0789d-736f-4372-b51d-56ae2ec4e987,HR 2181,Protect Our Watchdogs Act of 2025,['bill'],[],119,United States,lower
ocd-bill/682f3390-d627-46e3-9274-cd5bea895858,HRES 230,"Expressing the sense that Congress and the administration must work together, with urgency, to pursue effective food and agricultural trade policies.",['resolution'],[],119,United States,lower
ocd-bill/211b987b-9fc5-457c-9497-90b71d9c459f,HR 2265,No Foreign Election Interference Act,['bill'],[],119,United States,lower
ocd-bill/c4802e37-d2cd-4db8-8218-71d5122d1d81,HR 2189,Law-Enforcement Innovate to De-Escalate Act of 2025,['bill'],[],119,United States,lower
ocd-bill/2d983e2a-6ee5-4ab0-bd8f-f8ab48447f09,HR 2259,National Strategy for School Security Act of 2025,['bill'],[],119,United States,lower
ocd-bill/04510d4d-54a3-4503-9917-c4b922fee061,HR 2248,SIGN Pardons Act,['bill'],[],119,United States,lower
ocd-bill/c1535dd9-8c13-4b45-9e5f-ec080bf4d67a,HR 2256,National Rosie the Riveter Day Act,['bill'],[],119,United States,lower
ocd-bill/129f3dad-3552-4bbe-89f8-9952c97694b0,HR 2180,Keep the Watchdogs Running Act,['bill'],[],119,United States,lower
ocd-bill/3c142da7-4d7e-4d5a-96fd-c1529c6c0ff8,HR 2261,Strengthening Oversight of DHS Intelligence Act,['bill'],[],119,United States,lower
ocd-bill/005f9db8-9c37-4439-98f7-74ff614b7bde,S 643,"A bill to amend the Grand Ronde Reservation Act to address the hunting, fishing, trapping, and animal gathering rights of the Confederated Tribes of the Grand Ronde Community, and for other purposes.",['bill'],[],119,United States,upper
ocd-bill/d18c814d-8f86-4277-996c-9be66e0bb635,HR 2249,Preserving Presidential Management Authority Act,['bill'],[],119,United States,lower
ocd-bill/2113c37f-206e-4b2b-8bf8-f5579d1cb273,HR 2257,National Fallen Firefighters Memorial Coin Act,['bill'],[],119,United States,lower
ocd-bill/80b6fc6d-730c-459e-aa58-e6be56677fe6,HR 2278,Survivor Benefits Delivery Improvement Act of 2025,['bill'],[],119,United States,lower
ocd-bill/2bb22f73-447a-44a7-a64d-6a98e0e0af78,HR 2247,Pilot Certificate Accessibility Act,['bill'],[],119,United States,lower
ocd-bill/c69610e4-d444-44d2-80b2-a8a47019229f,HR 2226,Let Pregnancy Centers Serve Act of 2025,['bill'],[],119,United States,lower
ocd-bill/24973483-32c0-4a67-b219-18cd1d846359,HR 2271,Change of Ownership and Conversion Improvement Act,['bill'],[],119,United States,lower
ocd-bill/d16e0c33-f72c-4f2b-a1ff-3ce999683c9d,HRES 229,"Impeaching James E. Boasberg, United States District Court Chief Judge for the District of Columbia, for high crimes and misdemeanors.",['resolution'],[],119,United States,lower
ocd-bill/a47f81ed-a5c8-4de1-b366-9173d1fcdb90,HR 492,Saving the Civil Service Act,['bill'],[],119,United States,lower
ocd-bill/4d579966-d08a-4a4b-94b9-69f347c9bab2,HR 2241,Secret Ballot Protection Act,['bill'],[],119,United States,lower
ocd-bill/11435d28-a2f8-410b-817d-6c9c729d8450,HRES 236,"Expressing support for the goals of a ""NICU Baby's Bill of Rights"".",['resolution'],[],119,United States,lower
ocd-bill/f3cc825a-3df9-48c7-8fbd-3c8a44999d93,HR 2275,SCHOOL Act of 2025,['bill'],[],119,United States,lower
ocd-bill/6d31d8da-1981-461f-a22a-53521fb3e096,S 746,Defund NPR Act,['bill'],[],119,United States,upper
ocd-bill/a11ecc95-d9e9-42f2-aa2e-36d78c4a1f26,HRES 234,"Expressing support for the designation of ""Zoroastrian Legacy and Heritage Month"".",['resolution'],[],119,United States,lower
ocd-bill/8f0931f6-ef8d-43ba-ab6c-b2f0f6629585,HR 2269,WIPPES Act,['bill'],[],119,United States,lower
ocd-bill/d6fe3a98-8a6a-4402-871d-760c72c5182a,HR 2270,Empowering Employer Child and Elder Care Solutions Act,['bill'],[],119,United States,lower
ocd-bill/9fbc552c-7054-4ba6-8117-397c7a50d065,HR 747,Stop Chinese Fentanyl Act of 2025,['bill'],[],119,United States,lower
ocd-bill/f4d1483a-1665-400a-ab45-61d2c79a3548,HR 1474,International Nuclear Energy Financing Act of 2025,['bill'],[],119,United States,lower
ocd-bill/251a6d05-15a6-4239-b8c4-c54621c0bcf6,HR 2281,Strengthening Job Corps Act of 2025,['bill'],[],119,United States,lower
ocd-bill/a29b1d21-3a75-492f-800b-caeb88638d51,HRES 239,Raising awareness of the racial disparities in the impact of colorectal cancer on the Black community.,['resolution'],[],119,United States,lower
ocd-bill/0cda2f99-b64d-46c4-ad73-b5889adc63d9,S 744,Maintaining American Superiority by Improving Export Control Transparency Act,['bill'],[],119,United States,upper
ocd-bill/f9408e1b-61e5-46f0-bf3f-b4d7c7e5c2c5,HR 2191,Physician Led and Rural Access to Quality Care Act,['bill'],[],119,United States,lower
ocd-bill/ba2b12da-2ccb-440a-883b-49f2f5f27aca,HR 2244,Michael Lecik Military Firefighters Protection Act,['bill'],[],119,United States,lower
ocd-bill/b30b366b-7f5a-4d20-92e7-40a973246bce,HR 2268,Veterans Homecare Choice Act of 2025,['bill'],[],119,United States,lower
ocd-bill/8f3e926e-5350-405b-890b-27512f1c5be6,HRES 228,"Expressing support for the designation of the third week of March 2025 as ""National CACFP Week"".",['resolution'],[],119,United States,lower
ocd-bill/a1b78a8b-51f4-4b68-8751-aaef07714ad9,HR 2193,FEHB Protection Act of 2025,['bill'],[],119,United States,lower
ocd-bill/50623ba0-eb6b-4e3e-b276-3c91f5d841b0,HR 2254,Don’t Penalize Victims Act,['bill'],[],119,United States,lower
ocd-bill/c31fd800-311f-48f3-b613-959399e8c68a,HR 2277,FACT Act,['bill'],[],119,United States,lower
ocd-bill/f61d6bc9-4426-401f-ba9e-82b51fec72ed,HR 2280,BIRD Energy and U.S.-Israel Energy Center Reauthorization Act of 2025,['bill'],[],119,United States,lower
ocd-bill/acab7f6a-facb-4ad1-bf5a-7b4953e42206,HR 2250,National Landslide Preparedness Act Reauthorization Act of 2025,['bill'],[],119,United States,lower
ocd-bill/ad6ca51a-6d46-447e-8acf-763d962ec94f,HRES 235,"Recognizing the importance of sleep health and expressing support for the designation of the week of March 9 through March 15, 2025, as ""Sleep Awareness Week"".",['resolution'],[],119,United States,lower
ocd-bill/276c73e4-8557-41df-9e57-4be38662c9c7,HR 2264,Service-Connected Suicide Compensation Act,['bill'],[],119,United States,lower
ocd-bill/464e2f99-225d-4c74-a1a3-60d4ddc5d09e,HRES 105,Affirming the threats to world stability from a nuclear weapons-capable Islamic Republic of Iran.,['resolution'],[],119,United States,lower
ocd-bill/9b203f04-b98d-4e5f-90da-8ee23baa530f,HRES 233,"Supporting the designation of April 2025 as ""National Native Plant Month"".",['resolution'],[],119,United States,lower
ocd-bill/8661befc-7ea5-42b7-a60f-db3870ada84a,HR 2178,Cerebral Palsy Research Program Authorization Act of 2025,['bill'],[],119,United States,lower
ocd-bill/97ecdade-fe3f-4a40-ab6b-2ff2232385f0,HRES 232,Calling on the Government of Panama to expel officials and interests of the People's Republic of China and terminate Chinese management of key Panamanian ports.,['resolution'],[],119,United States,lower
ocd-bill/1cadfc03-e3ed-4f85-9bf2-9725360d3945,HR 2276,CRT Act,['bill'],[],119,United States,lower
ocd-bill/3358fa99-1694-456b-b45d-f688d231e11e,HR 176,No Immigration Benefits for Hamas Terrorists Act of 2025,['bill'],[],119,United States,lower
ocd-bill/e7e69f90-4187-44f8-a449-5906d9de5d0d,HR 2274,Court Shopping Deterrence Act,['bill'],[],119,United States,lower
ocd-bill/e31326e2-13cc-4f26-b0bc-d756a61e03ca,HR 2272,FAFSA Act of 2025,['bill'],[],119,United States,lower
ocd-bill/73d08f39-4392-4f42-821c-7904a5efdee3,HR 2260,"To designate the facility of the United States Postal Service located at 901 West Main Street in Radford, Virginia, as the ""Richard H. Poff Post Office Building"".",['bill'],[],119,United States,lower
ocd-bill/def28f27-a7c0-496e-846d-68f11b872a23,HR 2263,Telehealth Coverage Act of 2025,['bill'],[],119,United States,lower
ocd-bill/3a17ccb4-eb11-47e3-aa3b-f0b15822d216,HR 2209,Saving NIST’s Workforce Act,['bill'],[],119,United States,lower
ocd-bill/83d5670e-c8be-4c1c-9daa-af419a141453,HRES 245,"Recognizing the significance of Sjögren's disease as a serious and systemic autoimmune disease and expressing support for the designation of April 2025 as ""Sjögren's Awareness Month"".",['resolution'],[],119,United States,lower
ocd-bill/59079e61-917b-44e2-aa7a-5fffa31ef18c,SRES 126,A resolution calling on the United Nations Security Council to enforce the existing arms embargo on Darfur and extend it to cover all of Sudan.,['resolution'],[],119,United States,upper
ocd-bill/50a5c250-978a-43e9-8505-8258e5fe6c65,SRES 124,A resolution recognizing the 250th anniversary of the United States Marine Corps.,['resolution'],[],119,United States,upper
ocd-bill/aaae45bb-61d4-4e26-b49a-ca87de254283,SRES 125,A resolution commemorating the centennial of Delta Air Lines.,['resolution'],[],119,United States,upper
ocd-bill/3644459c-4537-4fe8-ace9-28b6402ffc99,HR 296,Justice for 9/11 Act,['bill'],[],119,United States,lower
ocd-bill/b361e2a0-9a51-4864-a737-f299f41d207c,S 36,Protect Our Seniors Act,['bill'],[],119,United States,upper
ocd-bill/1441aef8-0688-4ffc-bb35-c719e7f2f1cc,S 57,MAPLE Act,['bill'],[],119,United States,upper
ocd-bill/0441fbad-bca2-4ef2-8243-3c98c61c8413,S 58,"A bill to designate the facility of the United States Postal Service located at 107 North Hoyne Avenue in Fritch, Texas, as the ""Chief Zeb Smith Post Office"".",['bill'],[],119,United States,upper
ocd-bill/c5661aa4-4f4d-497d-a803-f77b7a4bca6b,S 35,Homeowners Premium Tax Reduction Act of 2025,['bill'],[],119,United States,upper
ocd-bill/a49e579a-65cb-46b9-8e58-335905fce9c0,SRES 54,A resolution expressing the vital importance of the Panama Canal to the United States.,['resolution'],[],119,United States,upper
ocd-bill/88a1f508-c727-43e0-b57e-c8a8cc5e3f73,S 62,America First Act,['bill'],[],119,United States,upper
ocd-bill/86b369cf-ccf3-4143-87d8-af14fb8fc18d,S 63,CBW Fentanyl Act,['bill'],[],119,United States,upper
ocd-bill/3ebeadce-d506-472d-a844-f05f8e39cf36,SJRES 13,"A joint resolution providing for congressional disapproval under chapter 8 of title 5, United States Code, of the rule submitted by the Office of the Comptroller of the Currency of the Department of the Treasury relating to the review of applications under the Bank Merger Act.",['resolution'],[],119,United States,upper
ocd-bill/9d267541-d5f6-46bd-a670-a4525a36dabb,HR 186,Hershel Woody Williams National Medal of Honor Monument Location Act,['bill'],[],119,United States,lower
ocd-bill/8528bb55-6a89-4cd4-807e-d8bd14564043,HR 152,Federal Disaster Assistance Coordination Act,['bill'],[],119,United States,lower
ocd-bill/4d72d4a2-e38b-4c47-bed9-83004fb7eb17,HR 103,Congressional Border Security Assessment Act,['bill'],[],119,United States,lower
ocd-bill/5a0df7bd-007a-4a44-9649-53e99ff894c7,HR 203,Red Light Act,['bill'],[],119,United States,lower
ocd-bill/9e9cdf6e-1dc9-4f38-8bf7-fec6a541d496,HR 31,POLICE Act of 2025,['bill'],[],119,United States,lower
ocd-bill/ae757504-1f09-45ec-a3a4-d6912b81566a,HR 153,Post-Disaster Assistance Online Accountability Act,['bill'],[],119,United States,lower
ocd-bill/c48336ec-db25-4046-8460-42a6df673668,HR 71,Veterans Health Care Freedom Act,['bill'],[],119,United States,lower
ocd-bill/76ca2327-0931-433b-970f-3c91754c11eb,HR 189,Securities and Exchange Commission Real Estate Leasing Authority Revocation Act,['bill'],[],119,United States,lower
ocd-bill/c55844a9-c0d3-493b-8d66-910770974b2d,HR 175,Deport Alien Gang Members Act,['bill'],[],119,United States,lower
ocd-bill/806b4919-7500-41e5-a893-fecfbe3b4078,HR 192,Amtrak Executive Bonus Disclosure Act,['bill'],[],119,United States,lower
ocd-bill/289d35b2-bfed-4932-99b1-8955742819d5,HR 144,Tennessee Valley Authority Salary Transparency Act,['bill'],[],119,United States,lower
ocd-bill/90a42f76-6a33-4725-9133-37bb9bef8f17,HR 373,SAGA Act,['bill'],[],119,United States,lower
ocd-bill/e5299d20-1bcc-491c-a452-dd9ae7b198f7,HR 360,Oyster Reef Recovery Act of 2025,['bill'],[],119,United States,lower
ocd-bill/f2e480ba-322b-4598-bfc0-7fc6fa40e790,HR 367,Territorial Tax Parity and Clarification Act,['bill'],[],119,United States,lower
ocd-bill/99d968cc-6a4f-415e-bc6b-2f6abf9e3906,HR 348,Stop Corrupt Iranian Oligarchs and Entities Act,['bill'],[],119,United States,lower
ocd-bill/f4a7bbcf-d9c6-4d91-93b2-2707fcfa8a4e,HR 366,To amend the Internal Revenue Code of 1986 to cover into the treasury of the Virgin Islands revenue from tax on fuel produced in the Virgin Islands and entered into the United States.,['bill'],[],119,United States,lower
ocd-bill/1f638c7d-8509-4a35-821d-42ef65d7a7dc,HR 374,DIRECT Act,['bill'],[],119,United States,lower
ocd-bill/6b6dd431-f8ae-42d0-9899-2393db51458e,HR 356,District of Columbia Prosecutor Home Rule Act,['bill'],[],119,United States,lower
ocd-bill/f79331bb-fa7c-4914-8328-6cb0708983a4,HR 351,"To amend the Intermodal Surface Transportation Efficiency Act of 1991 to prohibit congestion or cordon pricing in a value pricing program, and for other purposes.",['bill'],[],119,United States,lower
ocd-bill/62bb715c-0e71-4258-8263-dd94848e886b,HR 304,"To designate the facility of the United States Postal Service located at 290 NW Peacock Boulevard in Port St. Lucie, Florida, as the ""Trooper Zachary Fink Post Office Building"".",['bill'],[],119,United States,lower
ocd-bill/56f7c346-0daa-48bc-83cb-095d5e3da9ad,HR 362,Virgin Islands Visa Waiver Act of 2025,['bill'],[],119,United States,lower
ocd-bill/b7f6055c-095b-4b06-b7ed-598a4eb24030,HR 334,"To amend the Communications Act of 1934 to establish technical and procedural standards for artificial or prerecorded voice systems created through generative artificial intelligence, and for other purposes.",['bill'],[],119,United States,lower
ocd-bill/a50867e1-0203-45b3-aff9-01968ee6dbce,HR 350,Prosecutors Need to Prosecute Act,['bill'],[],119,United States,lower
ocd-bill/c9d7fc32-22ff-4e5d-a75b-60caf1a2f5e4,HR 368,Territorial Tax Parity and Fairness Act,['bill'],[],119,United States,lower
ocd-bill/6ffac447-c2bf-4e87-874e-6efeedd083f9,HR 337,"To provide technical and financial assistance for groundwater recharge, aquifer storage, and water source substitution projects.",['bill'],[],119,United States,lower
ocd-bill/76995091-a484-4e2b-b3d8-ad948d87a461,HR 342,Honor Inauguration Day Act,['bill'],[],119,United States,lower
ocd-bill/24bbad1b-5d90-4372-a0f8-88a3a9c3bb94,HR 361,Make Greenland Great Again Act,['bill'],[],119,United States,lower
ocd-bill/f6ee2ec5-d6dc-4ebc-b7ce-de75337b0d89,HR 357,Back to Work Act,['bill'],[],119,United States,lower
ocd-bill/eabf0c53-ee9e-4968-a181-91528273a3e7,HR 353,Family First Act,['bill'],[],119,United States,lower
ocd-bill/7f57abca-70a9-447b-af6a-93008deb2f0d,HR 333,Disabled Veterans Tax Termination Act,['bill'],[],119,United States,lower
ocd-bill/ccc17d4f-4ab9-4354-96d7-37833b89c8b3,HR 370,Voluntary School Prayer Protection Act of 2025,['bill'],[],119,United States,lower
ocd-bill/28d0e80d-fc98-4c7c-a09a-8b79b10b57dd,HR 338,Every Drop Counts Act,['bill'],[],119,United States,lower
ocd-bill/65427cb9-491a-42a1-8c19-e4bb0737f77e,HR 254,American Science First Act,['bill'],[],119,United States,lower
ocd-bill/8f92f0fe-f9bf-4fa2-bbb7-182bd6f2d05f,HR 341,Railroad Responsibility Act of 2025,['bill'],[],119,United States,lower
ocd-bill/366531e6-68b9-4426-a67c-75c9b99963dd,HR 365,Territorial Tax Parity Act of 2025,['bill'],[],119,United States,lower
ocd-bill/00c0efac-dc73-455a-bc2a-35c477efff78,HR 364,Territorial Tax Equity and Economic Growth Act of 2025,['bill'],[],119,United States,lower
ocd-bill/2369d066-912b-4714-8c10-2a8331d80dda,HR 347,Sea Turtle Rescue Assistance and Rehabilitation Act of 2025,['bill'],[],119,United States,lower
ocd-bill/87472b4e-da63-495d-a0de-98772186245b,HR 372,Drug Testing for Welfare Recipients Act,['bill'],[],119,United States,lower
ocd-bill/e28035b0-0925-4828-ab41-797c22edd56b,HR 307,ARC Act of 2025,['bill'],[],119,United States,lower
ocd-bill/273e26da-7e68-4ae6-8fb6-bbd07047adbb,HR 363,Territorial Economic Recovery Act,['bill'],[],119,United States,lower
ocd-bill/f8bd9234-5370-428d-83a6-dd0efab6ebec,HR 355,Justice for Jocelyn Act,['bill'],[],119,United States,lower
ocd-bill/6e2bc7ab-4fe1-45f5-bedb-e996ac029c8a,HR 332,Travel Trailer and Camper Tax Parity Act,['bill'],[],119,United States,lower
ocd-bill/db2150f1-ea74-41ca-805b-1c0ec0ab3c4e,HR 371,No Hires for the Delinquent IRS Act,['bill'],[],119,United States,lower
ocd-bill/75ae054a-1470-4ee5-a81c-3b8a8409498c,HR 340,The HCT/P Modernization Act of 2025,['bill'],[],119,United States,lower
ocd-bill/6d5c9dfc-0f44-445e-a4b5-1022a1ba26f2,HRES 34,Expressing the sense of the House of Representatives that the Federal Government should drop all charges against Edward Snowden.,['resolution'],[],119,United States,lower
ocd-bill/6cb9554f-7b46-4ab5-9c2b-88c5b9f26407,SRES 22,A resolution concerning the National Collegiate Athletic Association policy for eligibility in women's sports.,['resolution'],[],119,United States,upper
ocd-bill/e2c8c03e-9370-4a37-842c-a863d166ac68,SCONRES 2,"A concurrent resolution to provide for the counting on January 6, 2025, of the electoral votes for President and Vice President of the United States.",['resolution'],[],119,United States,upper
ocd-bill/501aff85-317b-426c-aa50-e860192f0ac3,HR 331,To amend the Aquifer Recharge Flexibility Act to clarify a provision relating to conveyances for aquifer recharge purposes.,['bill'],[],119,United States,lower
ocd-bill/3215d1d7-3011-4629-ba9e-10fa89b4745f,HR 339,Broadband Resiliency and Flexible Investment Act,['bill'],[],119,United States,lower
ocd-bill/71fb3433-1883-488a-a923-bdbe0bba8532,SRES 23,"A resolution recognizing the 4th anniversary of the Trump administration's Secretary of the Air Force announcing Redstone Arsenal in Huntsville, Alabama, as the preferred location for United States Space Command Headquarters.",['resolution'],[],119,United States,upper
ocd-bill/fe84c81d-41b8-4aba-827f-5ca614729a44,HRES 9,Reaffirming that the United States is not a party to the Rome Statute and does not recognize the jurisdiction of the International Criminal Court.,['resolution'],[],119,United States,lower
ocd-bill/0c472340-f192-42e2-bfde-156452aefcb7,HRES 35,"Recognizing the 112th Anniversary of Delta Sigma Theta Sorority, Incorporated.",['resolution'],[],119,United States,lower
ocd-bill/83ee82bb-9d49-4eca-8051-5d06477aea9d,HRES 31,Electing Members to certain standing committees of the House of Representatives.,['resolution'],[],119,United States,lower
ocd-bill/f258db55-1537-4127-b074-5e3176ab5301,SCONRES 3,"A concurrent resolution authorizing the use of the rotunda of the Capitol for the lying in state of the remains of the late James Earl Carter, Jr., 39th President of the United States.",['resolution'],[],119,United States,upper
ocd-bill/c3ba81d1-c095-4629-9776-49282efc91ce,HCONRES 1,Regarding consent to assemble outside the seat of government.,['resolution'],[],119,United States,lower
ocd-bill/8568ca99-e649-43df-821f-f5a4960c3146,S 23,DRAIN THE SWAMP Act,['bill'],[],119,United States,upper
ocd-bill/47f14ede-9033-405b-bfc5-57ef37f91a77,HRES 36,Finding Federal Savings Committee Resolution,['resolution'],[],119,United States,lower
ocd-bill/49bb7171-2436-4169-9857-cf10c511bc81,HR 358,No Corruption in Government Act,['bill'],[],119,United States,lower
ocd-bill/14db7b84-4734-4adf-af22-5594c8167252,SRES 21,"A resolution designating October 10, 2025, as ""American Girls in Sports Day"".",['resolution'],[],119,United States,upper
ocd-bill/efc23d4a-51d5-4030-b7a7-6d3e73c917f6,SRES 20,A resolution supporting the goals and ideals of Korean American Day.,['resolution'],[],119,United States,upper
ocd-bill/c891c30d-c25c-4595-aebc-6f48ec2e9aa4,HRES 32,Congratulating the North Dakota State University Bison football team for winning the 2024 National Collegiate Athletic Association Division I Football Championship Subdivision title.,['resolution'],[],119,United States,lower
ocd-bill/0b9dbf5b-b734-4137-a3c1-9253278c3934,HRES 8,Reaffirming the House of Representatives's commitment to ensuring secure elections throughout the United States by recognizing that the presentation of valid photograph identification is a fundamental component of secure elections.,['resolution'],[],119,United States,lower
ocd-bill/d94686d7-e585-45cd-9800-051012e29597,HJRES 10,Proposing a balanced budget amendment to the Constitution of the United States.,['resolution'],[],119,United States,lower
ocd-bill/198f036b-58b8-44cd-8f30-9aadba94c790,HJRES 18,"Providing for congressional disapproval under chapter 8 of title 5, United States Code, of the rule submitted by the Environmental Protection Agency relating to ""National Primary Drinking Water Regulations for Lead and Copper: Improvements (LCRI)"".",['resolution'],[],119,United States,lower
ocd-bill/be7beae1-0027-492d-942a-e1ddf29e61aa,HJRES 17,Proposing a balanced budget amendment to the Constitution of the United States.,['resolution'],[],119,United States,lower
ocd-bill/ec711a7b-e976-45f4-abc7-c4e5aa577a5a,HR 344,Anti-Congestion Tax Act,['bill'],[],119,United States,lower
ocd-bill/55b105c4-e03c-4a7f-b087-aa65d35f577e,HR 336,HEADWAY Act,['bill'],[],119,United States,lower
ocd-bill/96acc000-660a-45e6-8ff1-c0bb6311e024,HR 346,Preserving Choice in Vehicle Purchases Act,['bill'],[],119,United States,lower
ocd-bill/e61cdfd7-b1c6-480e-a127-3e31988d66a6,HRES 29,Recognizing the 125th anniversary of organized Okinawan immigration to the United States.,['resolution'],[],119,United States,lower
ocd-bill/c09a8114-feff-4451-8b76-a686d346fa69,S 73,EMPSA,['bill'],[],119,United States,upper
ocd-bill/3ef2f326-1a24-48a0-a691-e23fe6b080ca,S 42,Build the Wall Act of 2025,['bill'],[],119,United States,upper
ocd-bill/38b61532-f2de-40a5-b7da-b3100e7bc6e6,S 82,Telework Reform Act of 2025,['bill'],[],119,United States,upper
ocd-bill/72773679-0a28-4b74-8cef-50fe9509f38a,S 70,"A bill to require the imposition of sanctions with respect to Ansarallah and its officials, agents, or affiliates for acts of international terrorism.",['bill'],[],119,United States,upper
ocd-bill/20668f4a-45a9-4c85-9840-70dc8a3041c3,S 74,Fair Play for Girls Act,['bill'],[],119,United States,upper
ocd-bill/a4899928-504f-4176-bd81-422f85110998,S 53,PRINTS Act,['bill'],[],119,United States,upper
ocd-bill/f428e057-6b64-4d30-b8ac-d4e5c8d5065c,S 80,STEP Act,['bill'],[],119,United States,upper
ocd-bill/b1ac6f71-fca6-4a00-8abd-375f28970fb6,S 81,Guidance Clarity Act of 2025,['bill'],[],119,United States,upper
ocd-bill/569a5cb5-d72d-4bad-9c8e-11e5ffc4e6c2,S 76,SMART Act of 2025,['bill'],[],119,United States,upper
ocd-bill/4ea820bf-d494-4089-8d4d-128ac2da976a,S 79,ACCESS Act,['bill'],[],119,United States,upper
ocd-bill/e6d4ab4a-260e-4a3f-b1b3-2f4313822bb6,S 71,Baby Changing on Board Act,['bill'],[],119,United States,upper
ocd-bill/1bb933f0-26e1-43ce-b2ee-e75601367259,S 75,Improving Federal Financial Management Act,['bill'],[],119,United States,upper
ocd-bill/3466568d-443d-4d2e-ab1c-a2d37d90dba7,S 78,TRUE Accountability Act,['bill'],[],119,United States,upper
ocd-bill/f0979a67-6f9b-4a87-8aaa-d99ad8e5c186,S 72,Justice for Jocelyn Act,['bill'],[],119,United States,upper
ocd-bill/df627bc1-67c3-471b-8ae2-7621c6776470,S 77,Early Participation in Regulations Act of 2025,['bill'],[],119,United States,upper
ocd-bill/7513f802-cff3-4b0c-9116-2753bd41aa28,HR 308,Low Income Housing for Defense Communities Act,['bill'],[],119,United States,lower
ocd-bill/fd429e0a-9c1b-451b-aaf4-8de59f73e025,HR 281,Grizzly Bear State Management Act of 2025,['bill'],[],119,United States,lower
ocd-bill/826fac9e-4f3b-40bd-a024-bc6d110400ce,HR 305,"One School, One Nurse Act of 2025",['bill'],[],119,United States,lower
ocd-bill/54e7a0ef-bc44-44fd-93fb-22e2b670ed90,HR 163,Finish the Wall Act,['bill'],[],119,United States,lower
ocd-bill/d5300a67-14b8-40be-b14f-db92d6e0a0e6,HR 54,WHO Withdrawal Act,['bill'],[],119,United States,lower
ocd-bill/f1c428b3-1b7d-4511-82f7-56e9781f9233,HR 369,States’ Education Reclamation Act of 2025,['bill'],[],119,United States,lower
ocd-bill/63b8eac5-8849-459e-a317-d13a70be797a,HR 996,Paid Family and Medical Leave Tax Credit Extension and Enhancement Act,['bill'],[],119,United States,lower
ocd-bill/585254d4-4ab4-46ef-a759-fc278008777b,HR 1031,Fort Ontario Holocaust Refugee Shelter National Historical Park Establishment Act,['bill'],[],119,United States,lower
ocd-bill/960c1fdc-8420-4b41-aa20-c9f9bef502a1,HR 1038,Combating Rural Inflation Act,['bill'],[],119,United States,lower
ocd-bill/d9b4d9f9-9949-4be5-882c-6adf050d12cb,HR 27,HALT Fentanyl Act,['bill'],[],119,United States,lower
ocd-bill/a9ef9840-c4e0-49a3-a854-01d515b2712c,HR 982,Warriors to Workforce Act,['bill'],[],119,United States,lower
ocd-bill/def69244-0656-45b1-97d2-29c51e4b8109,HR 1015,Prison Rape Prevention Act of 2025,['bill'],[],119,United States,lower
ocd-bill/7f26580c-b25c-4b27-b5f8-a4906838b6c9,HR 1032,Stop Funding Our Adversaries Act of 2023,['bill'],[],119,United States,lower
ocd-bill/11bc61dd-ea28-42aa-88d2-a772cc37b798,HR 986,Marsh-Billings-Rockefeller National Historical Park Establishment Act Amendments Act of 2025,['bill'],[],119,United States,lower
ocd-bill/7d1aea3d-552a-4bb1-ad6f-547175735c12,HR 1019,Medicaid Program Improvement Act,['bill'],[],119,United States,lower
ocd-bill/6c9eb9e8-5a30-4ee7-b9bd-947dd44182b6,HR 1016,Protecting Women’s Private Spaces Act,['bill'],[],119,United States,lower
ocd-bill/3bb167b9-9059-4933-9610-2330c35501b5,HR 997,National Taxpayer Advocate Enhancement Act of 2025,['bill'],[],119,United States,lower
ocd-bill/b4bc7e4e-18ef-4279-b786-86453c788dd2,HR 1036,Ensuring Accountability and Dignity in Government Contracting Act of 2025,['bill'],[],119,United States,lower
ocd-bill/367b60eb-2bf4-46f2-b08f-dfc3b566a406,HR 1033,COLUMBIA Act of 2025,['bill'],[],119,United States,lower
ocd-bill/2236ea52-c72b-4763-9b76-64d54b88c3c8,HR 1014,Specialist Joey Lenz Act of 2025,['bill'],[],119,United States,lower
ocd-bill/0467ab6e-3c76-4372-93f5-af5518c986be,HR 988,"To amend title 36, United States Code, to move the place of incorporation and domicile of the National Woman's Relief Corps to Illinois, to move the principal office of such Corps to Murphysboro, Illinois, and for other purposes.",['bill'],[],119,United States,lower
ocd-bill/824afdf2-2d8a-4913-bff4-153bd5d4f67f,HR 1006,Higher Education Accountability Tax Act,['bill'],[],119,United States,lower
ocd-bill/358d7c4f-6b8d-4f1e-8bda-8bcdc2977e2c,HR 1025,"To designate the facility of the United States Postal Service located at 2600 Wesley Street in Greenville, Texas, as the ""Cooper Dawson Post Office Building"".",['bill'],[],119,United States,lower
ocd-bill/69f8b0a6-e91e-4266-bbe6-a832d418763f,HR 1012,Spent Fuel Prioritization Act of 2025,['bill'],[],119,United States,lower
ocd-bill/e0b042b7-54e8-4713-9cc0-9c0a135a8a6d,HR 981,VETT Act,['bill'],[],119,United States,lower
ocd-bill/421d134f-c12c-4c41-a96f-ef263c778b9e,HR 1028,Protection of Women in Olympic and Amateur Sports Act,['bill'],[],119,United States,lower
ocd-bill/0a8572db-3e74-4a0d-ad22-11a6123687d8,HR 990,SAFE Act,['bill'],[],119,United States,lower
ocd-bill/5a7c7674-a018-4ecc-a008-9f26f06fe2dd,HR 980,Modernizing the Veterans On-Campus Experience Act of 2025,['bill'],[],119,United States,lower
ocd-bill/a65a98b0-9dc3-457d-88f8-6e2871548583,HR 1023,RIFA Act,['bill'],[],119,United States,lower
ocd-bill/c1089d20-8bcb-4ae1-af63-fe570f8f5908,HR 983,Montgomery GI Bill Selected Reserves Tuition Fairness Act of 2025,['bill'],[],119,United States,lower
ocd-bill/2da64513-9be4-4daa-8a90-e2c95f4879d9,HR 1021,Small Business Disaster Damage Fairness Act of 2025,['bill'],[],119,United States,lower
ocd-bill/9e3aa068-57ef-4ae3-9088-dc3cbe19433b,HR 1010,BADGES for Native Communities Act,['bill'],[],119,United States,lower
ocd-bill/0b1aa380-e295-4975-ae29-d3de99283ff2,HR 1017,Stop the Invasion of Women’s Spaces Act,['bill'],[],119,United States,lower
ocd-bill/47aa1445-027d-4287-a929-a8c3b89e84e0,HR 1034,DHS Cybersecurity On-the-Job Training Program Act,['bill'],[],119,United States,lower
ocd-bill/bc61c8f0-0d6f-42dd-a87e-28c001e82a92,HR 1030,Flight 293 Remembrance Act,['bill'],[],119,United States,lower
ocd-bill/99e8e0fc-539b-49ce-b53e-61c3bd26861a,HRES 109,Providing amounts for the expenses of the Committee on Ways and Means in the One Hundred Nineteenth Congress.,['resolution'],[],119,United States,lower
ocd-bill/1d5663fe-6903-41fb-aeac-b0fc71d2e4cf,HRES 100,Expressing support for the continued value of arms control agreements and negotiated constraints on Russian and Chinese strategic nuclear forces.,['resolution'],[],119,United States,lower
ocd-bill/3e55a52d-fd34-485b-b6c2-aa9f3cb3fa54,HRES 112,"Expressing support for the designation of February 5, 2025, as ""National Prosecutors Day"".",['resolution'],[],119,United States,lower
ocd-bill/a165b4e8-a617-492d-82aa-de513611c8db,HRES 110,"Prohibiting the distribution of Chinese Communist Party-controlled publications within House facilities, and for other purposes.",['resolution'],[],119,United States,lower
ocd-bill/9a5bdafb-dc19-4f3a-8d7b-c4ff0291f608,HRES 111,Expressing support for blockchain technology and digital assets.,['resolution'],[],119,United States,lower
ocd-bill/59774778-31ba-4afb-8223-6031edad79d6,HRES 107,Electing a Member to a certain standing committee of the House of Representatives.,['resolution'],[],119,United States,lower
ocd-bill/55ef6cd5-8bb9-4248-8edc-403b6cde0c88,HR 619,Nor Rel Muk Wintu Nation Federal Recognition Act,['bill'],[],119,United States,lower
ocd-bill/e6deaee0-f4d8-47ba-b710-ddb8cabccb68,HR 625,LACA,['bill'],[],119,United States,lower
ocd-bill/27457a5c-451a-4601-91ce-0b959ecb0315,HR 1930,Border Workforce Improvement Act,['bill'],[],119,United States,lower
ocd-bill/02b24e46-5354-48ae-b20c-5c3ab68b4eea,HJRES 34,"Providing for congressional disapproval under chapter 8 of title 5, United States Code, of the rule submitted by the Environmental Protection Agency relating to ""Trichloroethylene (TCE); Regulation Under the Toxic Substances Control Act (TSCA)"".",['resolution'],[],119,United States,lower
ocd-bill/48cd1e57-d1c6-4265-a5b8-a690b2a33718,HR 2208,Saving NSF’s Workforce Act,['bill'],[],119,United States,lower
ocd-bill/82e27c1f-264b-45e2-b672-ea1b84609d33,HR 2292,Economic Opportunity for Distressed Communities Act,['bill'],[],119,United States,lower
ocd-bill/314fd779-a70d-4e5c-985a-0506f7bcf25f,HR 2284,Reduce Bureaucracy to Uplift Families Act,['bill'],[],119,United States,lower
ocd-bill/7dd8b63d-24b8-439f-988d-91c1dc5f7cde,HR 2302,Shingle Springs Band of Miwok Indians Land Transfer Act of 2025,['bill'],[],119,United States,lower
ocd-bill/014f9e23-69b6-448f-b495-f63f2b34b756,HR 2308,FEMA Independence Act of 2025,['bill'],[],119,United States,lower
ocd-bill/cbfdeed7-204d-4b54-9013-0c361729de3d,HR 2309,Medicare and Medicaid Fraud Prevention Act,['bill'],[],119,United States,lower
ocd-bill/fe30cab7-5efb-47e4-acbd-e42bd81fc80d,HR 359,Cost-Share Accountability Act of 2025,['bill'],[],119,United States,lower
ocd-bill/cbcdb5e7-3fc1-4c42-b65f-3c2d3875e5b7,HR 2286,American Genetic Privacy Act of 2025,['bill'],[],119,United States,lower
ocd-bill/3f6e4deb-53ee-4464-8f35-e84e09be5648,HR 2295,WING Act of 2025,['bill'],[],119,United States,lower
ocd-bill/8c4edff9-f92b-434b-8c98-64e140e62671,HR 2287,Protecting Families from Inflation Act,['bill'],[],119,United States,lower
ocd-bill/14db3f4a-ff57-43f7-8038-61cef5d25032,HR 2283,Recognizing Community Organizations for Veteran Engagement and Recovery Act,['bill'],[],119,United States,lower
ocd-bill/bb9c3d21-9d16-4813-9937-bd0e282a7f2d,HR 401,No Taxpayer Funding for the World Health Organization Act,['bill'],[],119,United States,lower
ocd-bill/28e486a3-b1fa-40ff-b54f-90c2a555e184,HR 2289,Proportional Reviews for Broadband Deployment Act,['bill'],[],119,United States,lower
ocd-bill/83524c24-4a5c-47af-bfdd-540faefc6f47,HR 946,ORPHAN Cures Act,['bill'],[],119,United States,lower
ocd-bill/acd4d221-fca6-407e-ad12-9c6b3eab2e7c,HR 1080,No Solar Panels on Fertile Farmland Act of 2025,['bill'],[],119,United States,lower
ocd-bill/554aa308-0bc6-43b1-9082-c8dbc3b63ba3,HR 2299,Ensuring Workers Get PAID Act of 2025,['bill'],[],119,United States,lower
ocd-bill/06ef6f5c-7df5-48f7-b35f-300cba760a57,HR 2306,The Adams Memorial-Great American Heroes Act,['bill'],[],119,United States,lower
ocd-bill/dd78cb96-ce5b-4b54-aa46-f13ee46a3945,HR 2305,Corrections Officer Blake Schwarz Suicide Prevention Act of 2025,['bill'],[],119,United States,lower
ocd-bill/0109331d-05bd-456e-9b38-9b2b9133a019,HR 2298,Reducing Barriers for Broadband on Federal Lands Act of 2025,['bill'],[],119,United States,lower
ocd-bill/e53e8cdc-bd15-4a00-98b9-83f976f46863,HR 2304,Ensuring Access to Affordable and Quality Home Care for Seniors and People with Disabilities Act,['bill'],[],119,United States,lower
ocd-bill/c65c72fa-f4b3-4945-b4a2-d6e06dbd029a,HR 2301,"To promote the development of renewable energy on public land, and for other purposes.",['bill'],[],119,United States,lower
ocd-bill/93f49ffc-a82f-49df-99f0-c89aba0c3d4b,HR 2311,Pakistan Democracy Act,['bill'],[],119,United States,lower
ocd-bill/44c60d2a-f9a5-4cbe-a7b5-10ed8a0d49f9,HR 2296,National Weather Service Communications Improvement Act,['bill'],[],119,United States,lower
ocd-bill/ec67e2a7-2457-4ad2-927e-78e4731db6fb,HR 2307,"To establish the Commission on National Agricultural Statistics Service Modernization to modernize the data collection and reporting processes of the National Agricultural Statistics Service, and for other purposes.",['bill'],[],119,United States,lower
ocd-bill/cde4634f-81be-4ffa-8e11-9c494caed133,HR 2300,"To ensure national uniformity with respect to certain requirements relating to preterm infant formula, and for other purposes.",['bill'],[],119,United States,lower
ocd-bill/5a0ec47d-b2b0-4514-8fc5-f91a6d226d6d,S 111,Red Snapper Act of 2025,['bill'],[],119,United States,upper
ocd-bill/b0afa160-2d74-498e-97af-a498a67863a2,HRES 243,Expressing support for designating Iranian American Heritage Month.,['resolution'],[],119,United States,lower
ocd-bill/9c439cae-b784-46bb-8e19-aa42c688f5c3,HR 1720,Hospice Recertification Flexibility Act,['bill'],[],119,United States,lower
ocd-bill/80af9eb3-abad-4c12-b6eb-49fc67b89d5f,HR 1658,SAFE Lending Act of 2025,['bill'],[],119,United States,lower
ocd-bill/2ef13e51-02c6-4914-9715-feb93a955216,HR 1761,Donald J. Trump $250 Bill Act,['bill'],[],119,United States,lower
ocd-bill/f30b4fc0-4b99-471f-a3e4-2db182ebd221,HR 1687,CLEAN Act,['bill'],[],119,United States,lower
ocd-bill/f1d33c8f-519a-4012-be9c-9aaa3d4b5866,HR 1022,Words Matter for the District of Columbia Courts Act,['bill'],[],119,United States,lower
ocd-bill/926f24d8-6ed9-4117-bcf9-e6db7c416428,HR 977,Support Military Families Act,['bill'],[],119,United States,lower
ocd-bill/dd211b8a-f279-49bd-b287-8568649b923c,HRES 93,"Providing for consideration of the bill (H.R. 27) to amend the Controlled Substances Act with respect to the scheduling of fentanyl-related substances, and for other purposes.",['resolution'],[],119,United States,lower
ocd-bill/b157a317-e6be-427f-a603-be6553e62029,HR 1740,Default Proceed Sale Transparency Act,['bill'],[],119,United States,lower
ocd-bill/8e748c1d-948b-4311-a19e-fcf2aa5e80b0,HR 1676,Make SWAPs Efficient Act of 2025,['bill'],[],119,United States,lower
ocd-bill/7c906234-c1b0-40c3-941d-6c695236e95a,HR 1753,Community News and Small Business Support Act,['bill'],[],119,United States,lower
ocd-bill/b4f0efff-caf1-4c60-9815-10e280491bb2,HR 1655,Wildfire Communications Resiliency Act,['bill'],[],119,United States,lower
ocd-bill/c9f3e4e0-d4c6-4d8e-a134-8601f8b0e2ea,HR 1649,Expanding Student Access to Mental Health Services Act,['bill'],[],119,United States,lower
ocd-bill/d7d622cb-a4b4-4f60-a267-becd50891a35,HR 1705,Supporting Innovation in Agriculture Act of 2025,['bill'],[],119,United States,lower
ocd-bill/c74d3c92-3f97-4c10-981a-35b930a46404,S 134,Saving the Civil Service Act,['bill'],[],119,United States,upper
ocd-bill/9c7467a7-9d7f-4ebf-b430-dab54c6b00e5,S 133,Fire Suppression and Response Funding Assurance Act,['bill'],[],119,United States,upper
ocd-bill/52df5218-e753-4adf-b39e-742015d3b289,S 139,FASD Respect Act,['bill'],[],119,United States,upper
ocd-bill/3b779fbe-46df-4b40-90e3-2539c4db2a9f,S 117,AMERICANS Act,['bill'],[],119,United States,upper
ocd-bill/dd035a6e-dd03-47fb-ae8c-d3ee9e869d96,HR 1695,Guarding Readiness Resources Act,['bill'],[],119,United States,lower
ocd-bill/d49332c6-616c-4edf-8946-9f6959d9a340,HR 1643,SAFER Voter Act,['bill'],[],119,United States,lower
ocd-bill/7e60660a-6ba0-496f-ab26-f0bfc569b778,S 131,PRECEPT Nurses Act,['bill'],[],119,United States,upper
ocd-bill/339559e9-7a03-4a6c-8bd6-96c49ebcaa7b,S 120,Disaster Housing Reform for American Families Act,['bill'],[],119,United States,upper
ocd-bill/c261d970-4758-41c4-bd8f-8aab6d46541d,S 138,VA Home Loan Awareness Act of 2025,['bill'],[],119,United States,upper
ocd-bill/1a95d7ab-2844-4b70-a383-b6502f5eace1,S 110,Veterans Member Business Loan Act,['bill'],[],119,United States,upper
ocd-bill/cf4ab4e5-82e5-4951-b752-fd6434e15b88,S 121,Recover Fraudulent COVID Funds Act,['bill'],[],119,United States,upper
ocd-bill/7daddc49-daac-4c9c-85cd-41e2b927b7d0,S 136,United States-Cuba Trade Act of 2025,['bill'],[],119,United States,upper
ocd-bill/ba26bd33-e51b-4935-a717-2632ac431490,S 125,End Taxpayer Funding for Abortion Providers Act,['bill'],[],119,United States,upper
ocd-bill/e742be75-069a-422e-9dca-64bc70100ae1,S 119,No Retaining Every Gun In a System That Restricts Your Rights Act,['bill'],[],119,United States,upper
ocd-bill/274aa9d7-690d-4dd8-858a-89d9b9b40693,S 132,Filing Relief for Natural Disasters Act,['bill'],[],119,United States,upper
ocd-bill/6ca6afba-70d8-4fd1-b362-52b72bfbbf66,S 137,FIND Act,['bill'],[],119,United States,upper
ocd-bill/b146c86a-0c7a-42b1-8c57-a3be73eed828,S 141,Connected MOM Act,['bill'],[],119,United States,upper
ocd-bill/d869b3ac-0a08-406b-a027-f5b26cd99fef,HR 1717,Communications Security Act,['bill'],[],119,United States,lower
ocd-bill/62ff67a5-9e12-4964-995f-18c5511d6152,HR 1672,Maintaining Investments in New Innovation Act,['bill'],[],119,United States,lower
ocd-bill/c2747bc9-c80f-4d27-88e8-e3a00f3e2db7,HR 1694,AI Accountability Act,['bill'],[],119,United States,lower
ocd-bill/ccc85201-7c82-433f-836f-68648970e4c2,HR 1664,Deploying American Blockchains Act of 2025,['bill'],[],119,United States,lower
ocd-bill/8d1c86fa-16e7-42f6-8fc1-dc561627cc2c,HR 1660,BEST Act,['bill'],[],119,United States,lower
ocd-bill/7bf83565-ae3e-497e-bde9-c47da66d3ad4,HR 1670,Family Building FEHB Fairness Act,['bill'],[],119,United States,lower
ocd-bill/52e9aeef-8549-47e2-8bdf-50eb0d5d5e21,HR 1718,Justice Thurgood Marshall National Historic Site Establishment Act of 2025,['bill'],[],119,United States,lower
ocd-bill/6f47eceb-476b-41e0-9758-3e94517abac4,HJRES 65,"Providing for congressional disapproval under chapter 8 of title 5, United States Code, of the rule submitted by the Internal Revenue Service relating to Rules for Supervisory Approval of Penalties.",['resolution'],[],119,United States,lower
ocd-bill/95dbd1a1-c8f2-437b-a53e-63db6a515ca9,HR 1699,TOTAL Care Act,['bill'],[],119,United States,lower
ocd-bill/b27cb4b8-1244-4625-8c63-f2e2313f4c04,HR 1671,Justice for Vaccine Injured Veterans Act of 2025,['bill'],[],119,United States,lower
ocd-bill/0c853017-1688-4cf6-85c7-00bf29a4061e,HR 1738,"To designate the area of Sumner Row between 16th Street Northwest and L Street Northwest in Washington, District of Columbia, as ""Alexei Navalny Way"".",['bill'],[],119,United States,lower
ocd-bill/b3c0245d-ddb9-44a8-acc6-8ac4df460717,HR 1682,To amend the Federal Lands Recreation Enhancement Act to provide for lifetime National Parks and Federal Recreational Lands Passes for family members of members of the Armed Forces who lost their lives while serving their country.,['bill'],[],119,United States,lower
ocd-bill/4befe155-90b8-4ac6-98e7-f10297bd4884,HR 1733,Rural Veterans Transportation to Care Act,['bill'],[],119,United States,lower
ocd-bill/b38f05b8-e13b-4e39-92ca-cb69191954e8,HR 1685,Justice for ALS Veterans Act of 2025,['bill'],[],119,United States,lower
ocd-bill/8bcbc818-8f1d-4fd2-9fd8-80cb2e26934f,HR 1745,HOPE for Homeownership Act,['bill'],[],119,United States,lower
ocd-bill/2b2d600b-1acb-47b6-91bf-efce3d868c50,HR 1691,Employee Business Expense Deduction Reinstatement Act of 2025,['bill'],[],119,United States,lower
ocd-bill/3abc535c-8f10-4be8-a6d6-e475a7edf0d8,HR 1737,"To direct the Secretary of Commerce to submit to Congress a report containing an assessment of the value, cost, and feasibility of a trans-Atlantic submarine fiber optic cable connecting the contiguous United States, the United States Virgin Islands, Ghana, and Nigeria.",['bill'],[],119,United States,lower
ocd-bill/059ad926-d1dc-4a4a-93fe-b2b7206d9b76,HR 1668,End FEMA Benefits for Illegal Immigrants Act,['bill'],[],119,United States,lower
ocd-bill/43a4a150-5448-4e0f-871e-8ce8f426839d,HR 1656,PLUS for Veterans Act of 2025,['bill'],[],119,United States,lower
ocd-bill/22502529-4d7a-4375-a236-0ba95d5c8d7b,HR 1730,No Alipay Act of 2025,['bill'],[],119,United States,lower
ocd-bill/ea608a61-9fec-43c1-8260-8a8914f5b8a3,HR 1646,Lactation Spaces for Veteran Moms Act,['bill'],[],119,United States,lower
ocd-bill/c466df6d-6064-445b-8e4f-426e044a986f,HR 1654,CUTS Act,['bill'],[],119,United States,lower
ocd-bill/684d591b-c5b0-4bf6-a0f2-fd2f6bbe6f3b,HR 1698,Law Enforcement Protection and Privacy Act of 2025,['bill'],[],119,United States,lower
ocd-bill/12b1e1f8-720d-4e46-bc24-7c1cd7006fba,HR 1667,Acupuncture for Our Seniors Act of 2025,['bill'],[],119,United States,lower
ocd-bill/78f90635-0023-4d85-ae8c-25ba91817e8b,HR 1749,Safe Storage Lockers for House Office Buildings Act,['bill'],[],119,United States,lower
ocd-bill/029fee89-c95c-4029-9b79-3ffc54ae6911,HR 1759,Affordable PLUS Repayment Options for Parents Act of 2025,['bill'],[],119,United States,lower
ocd-bill/b9e27106-fcc8-4b74-860e-8afa6c5481b7,HR 1708,Rebuild America’s Health Care Schools Act of 2025,['bill'],[],119,United States,lower
ocd-bill/ab698426-3a0d-4fa2-a397-825557de448e,HR 1675,"To amend the Horse Protection Act to provide increased protection for horses participating in shows, exhibitions, sales, and auctions, and for other purposes.",['bill'],[],119,United States,lower
ocd-bill/07fe0fb8-5b5c-4095-a119-3d3601b9274a,HR 1763,For the relief of Diego Montoya Bedoya.,['bill'],[],119,United States,lower
ocd-bill/3ed95074-ee19-4af9-8178-9e1d1f8cd981,HR 1723,Tribal Labor Sovereignty Act of 2025,['bill'],[],119,United States,lower
ocd-bill/dfd1b445-8aac-42d1-bfe2-a1aea99ba8b1,HR 1665,DIGITAL Applications Act,['bill'],[],119,United States,lower
ocd-bill/966908b5-2e1c-46b4-a14c-f7ac1289e6c4,HJRES 64,"Disapproving the rule submitted by the Bureau of Consumer Financial Protection relating to ""Defining Larger Participants of a Market for General-Use Digital Consumer Payment Applications"".",['resolution'],[],119,United States,lower
ocd-bill/ae526869-74b0-4d8b-a95d-56a1a86c1bb8,HR 139,Sunshine Protection Act of 2025,['bill'],[],119,United States,lower
ocd-bill/dbe500ff-72df-4c31-a6c6-f0a18f16375d,HR 1647,Tribal Climate Health Assurance Act of 2025,['bill'],[],119,United States,lower
ocd-bill/4b57d5cd-aff9-45ac-a1de-1659f5b25af7,SRES 93,"A resolution expressing the sense of the Senate that the operations of the National Institutes of Health should not experience any interruption, delay, or funding disruption in violation of the law and that the workforce of the National Institutes of Health is essential to sustaining medical progress.",['resolution'],[],119,United States,upper
ocd-bill/38f6ae7b-6e8d-4c9a-bbca-44f5d8b40e6c,HR 70,No SmartPay for Anti-2A Companies Act,['bill'],[],119,United States,lower
ocd-bill/522cc25e-dffc-40e0-a687-08221d5a29f1,HR 28,Protection of Women and Girls in Sports Act of 2025,['bill'],[],119,United States,lower
ocd-bill/7cc8f9f3-83be-45db-8489-839df8b0e98c,HR 134,Protecting our Communities from Sexual Predators Act,['bill'],[],119,United States,lower
ocd-bill/0d454edb-c969-4b78-995d-d5dbae501602,HR 131,Finish the Arkansas Valley Conduit Act,['bill'],[],119,United States,lower
ocd-bill/1e553c2b-4798-4cc1-823e-312d5fb83d33,HR 1693,"To redesignate the National Historic Trails Interpretive Center in Casper, Wyoming, as the ""Barbara L. Cubin National Historic Trails Interpretive Center"".",['bill'],[],119,United States,lower
ocd-bill/bd1bb6c7-12dd-4c92-a7e9-3c0ee99f75c6,HR 1644,Copay Fairness for Veterans Act,['bill'],[],119,United States,lower
ocd-bill/0f432b3d-0503-4016-ab62-c237353a9afd,HR 1680,UPLIFT Act,['bill'],[],119,United States,lower
ocd-bill/825db46c-9dc0-4261-94a5-c7bc0d62eace,HR 378,Thin Blue Line Act,['bill'],[],119,United States,lower
ocd-bill/760b520d-5585-4f5b-ace3-5136bd3250bd,HR 399,To permanently extend the American Samoa economic development tax credit.,['bill'],[],119,United States,lower
ocd-bill/b10c3422-eca2-4dde-b031-c470b1a2ef35,HR 379,Healthcare Freedom and Choice Act,['bill'],[],119,United States,lower
ocd-bill/12006252-3205-4882-80bd-ca50f38959ac,HR 391,Extend the TikTok Deadline Act,['bill'],[],119,United States,lower
ocd-bill/7a3d5e50-5109-4115-abea-9f3e4dd01769,HR 380,Affordable Shipping for All Act,['bill'],[],119,United States,lower
ocd-bill/ce701cd6-26a3-4482-8117-41d8fa9b812e,HR 403,Preventing Our Next Natural Disaster Act,['bill'],[],119,United States,lower
ocd-bill/94fc2b9a-b8c0-4c7a-8571-36bfd7ffcf6e,HR 393,No Repeat Child Sex Offenders Act,['bill'],[],119,United States,lower
ocd-bill/442ca393-75a1-4bd6-80fd-a4e3b48451cb,HR 392,PRECEPT Nurses Act,['bill'],[],119,United States,lower
ocd-bill/7d268891-c4cf-42f5-a0cd-837ed359e936,HR 387,Texas Agricultural Producers Assistance Act,['bill'],[],119,United States,lower
ocd-bill/4a27d14e-1526-4b03-bfc4-cde29d316bdc,HR 389,Southern Border Farmers and Ranchers Protection Act,['bill'],[],119,United States,lower
ocd-bill/ae91d6f6-3135-4d10-b73b-a76137a96cac,HR 376,Historic Roadways Protection Act,['bill'],[],119,United States,lower
ocd-bill/8cdd465b-837b-4672-9c12-ddc601124c15,HR 400,No taxpayer funding for United Nations Human Rights Council Act,['bill'],[],119,United States,lower
ocd-bill/4fb14204-d57d-4371-9c6d-85d6e035d0a3,HR 386,Chinese Currency Accountability Act of 2025,['bill'],[],119,United States,lower
ocd-bill/61b1523a-c1a1-47a5-83f3-7a43fdfbdeb2,HR 390,ACERO Act,['bill'],[],119,United States,lower
ocd-bill/7927d808-5d2c-4ceb-915b-41efa5c0811b,HR 395,Justice for Rape Survivors Act,['bill'],[],119,United States,lower
ocd-bill/c9a6e28d-789c-4481-b6af-d7fce8c885e5,HR 384,One Agency Act,['bill'],[],119,United States,lower
ocd-bill/4fa002f8-fd4e-4e39-b85c-d0109dd2ee93,HR 388,Cattle Fever Tick Eradication Program Enhancement Act,['bill'],[],119,United States,lower
ocd-bill/cc3e76b3-a4ec-491b-9942-6187a138b5b5,HR 343,Title X Abortion Provider Prohibition Act,['bill'],[],119,United States,lower
ocd-bill/955678b8-04cf-454a-a33e-02a6126181e7,HR 385,Combating Global Corruption Act of 2025,['bill'],[],119,United States,lower
ocd-bill/f7531c87-bf3f-42e0-99a7-75b92221de82,HR 394,Holding Child Predators Accountable Act,['bill'],[],119,United States,lower
ocd-bill/4d0063dc-7d9d-4d71-9769-e7045c435513,HR 1755,Timely and Accurate Benefits Act,['bill'],[],119,United States,lower
ocd-bill/2bb0acac-ae16-4c79-a2e9-1a8155b1a705,HR 1704,RESTORE Act,['bill'],[],119,United States,lower
ocd-bill/e9fae9da-8900-4168-b6e6-e1c1b27ceb88,HR 382,Exported Carbon Emissions Report Act of 2025,['bill'],[],119,United States,lower
ocd-bill/d9e022e3-c231-4bfd-9ec7-ae6649b6dddc,HR 1683,Protecting Rural Seniors’ Access to Care Act,['bill'],[],119,United States,lower
ocd-bill/7a44459a-976c-4729-8f75-6923dcc3175d,HR 402,DEBT Act,['bill'],[],119,United States,lower
ocd-bill/30eed47b-91f5-4443-baac-1cee894f88d0,HR 377,Regulation Reduction Act of 2025,['bill'],[],119,United States,lower
ocd-bill/7868d0c3-083a-4a9a-a1a4-c5c0ae72e80d,HR 381,LNG Public Interest Determination Act of 2025,['bill'],[],119,United States,lower
ocd-bill/a3283992-671d-40d5-8409-13c47fc9198c,HR 398,Geothermal Cost-Recovery Authority Act of 2025,['bill'],[],119,United States,lower
ocd-bill/8fd0f14d-5fc2-4661-8335-6eac1238a051,HRES 39,Ranking a Member on a certain standing committee of the House of Representatives.,['resolution'],[],119,United States,lower
ocd-bill/7bab4606-bfa0-48cd-834c-0db73a61de87,SRES 25,"A resolution condemning the commutation of the death sentence of Marvin Charles Gabrion II granted by President Biden on December 23, 2024.",['resolution'],[],119,United States,upper
ocd-bill/5c63c8b5-9ebc-452d-ab56-76db04f986b4,HCONRES 3,Expressing support for the Geneva Consensus Declaration on Promoting Women's Health and Strengthening the Family and urging that the United States rejoin this historic declaration.,['resolution'],[],119,United States,lower
ocd-bill/e39090b2-ef55-4ba7-b2ad-179366eed960,SRES 26,"A resolution to constitute the majority party's membership on certain committees for the One Hundred Nineteenth Congress, or until their successors are chosen.",['resolution'],[],119,United States,upper
ocd-bill/02a460fd-b67e-4391-8f75-bb5b2f654bc4,HRES 38,Electing Members to certain standing committees of the House of Representatives.,['resolution'],[],119,United States,lower
ocd-bill/f2642fc8-4aa5-48d7-b069-48b57137cfe1,SRES 24,"A resolution condemning the commutation of the death sentence of Anthony George Battle granted by President Biden on December 23, 2024.",['resolution'],[],119,United States,upper
ocd-bill/53f50665-46f9-4a84-a950-970bdb3fc5b3,HRES 40,Electing Members to certain standing committees of the House of Representatives.,['resolution'],[],119,United States,lower
ocd-bill/972b5f9b-9310-43cb-9401-87e062099881,S 88,"No Budget, No Pay Act",['bill'],[],119,United States,upper
ocd-bill/be808018-7ca6-4c09-b719-d4f558620824,S 85,Continued Rapid Ohia Death Response Act of 2025,['bill'],[],119,United States,upper
ocd-bill/3e973bc8-9351-49e8-902a-39171c77bb79,S 83,Thin Blue Line Act,['bill'],[],119,United States,upper
ocd-bill/4d03c778-4a6c-4495-91a9-e30e4f78e4eb,S 89,Sporting Firearms Access Act of 2025,['bill'],[],119,United States,upper
ocd-bill/031c8e12-4c81-4389-abdf-94cae8ad2de9,S 86,A bill to repeal the provision of law that provides automatic pay adjustments for Members of Congress.,['bill'],[],119,United States,upper
ocd-bill/d0a802a7-aa90-40a2-95ca-66e0782a7754,S 91,Western Wildfire Support Act of 2025,['bill'],[],119,United States,upper
ocd-bill/3b4428ef-9695-4f55-b3bc-d12262fb5f52,S 93,Harmful Algal Bloom and Hypoxia Research and Control Amendments Act of 2025,['bill'],[],119,United States,upper
ocd-bill/d9b208ca-bd40-427e-83e4-1f67b5e903bb,S 92,Defending American Sovereignty in Global Pandemics Act,['bill'],[],119,United States,upper
ocd-bill/763b1705-aedc-4e61-ae35-441845279ac5,S 90,Historic Roadways Protection Act,['bill'],[],119,United States,upper
ocd-bill/eaf6085d-0750-42a4-801a-9450439d86d4,S 87,Let's Get to Work Act of 2025,['bill'],[],119,United States,upper
ocd-bill/27e82136-cebd-4add-b41c-432be92f2630,HR 196,Family and Small Business Taxpayer Protection Act,['bill'],[],119,United States,lower
ocd-bill/0a92d2d3-13e9-4ef0-8a9c-da14b49f17ce,HR 24,Federal Reserve Transparency Act of 2025,['bill'],[],119,United States,lower
ocd-bill/e1adbd59-abce-471f-b1a0-0c6b17284cab,HR 579,Recruiting Families Using Data Act of 2025,['bill'],[],119,United States,lower
ocd-bill/67e1bb9c-05ba-403f-8e81-df493c9e24e1,HR 327,Valor Earned Not Stolen Act of 2025,['bill'],[],119,United States,lower
ocd-bill/8be819b9-2f00-4556-9a56-8ee9d88c6725,HR 197,Lake Winnibigoshish Land Exchange Act of 2025,['bill'],[],119,United States,lower
ocd-bill/f068b1dd-f9f9-42d5-9d1f-8ea125f1ae4b,HR 261,Undersea Cable Protection Act of 2025,['bill'],[],119,United States,lower
ocd-bill/ef5fedd5-b812-4fcc-b12d-dfe3e87ca952,HR 231,Colorado River Basin System Conservation Extension Act of 2025,['bill'],[],119,United States,lower
ocd-bill/a526ff30-80fc-470d-9dd5-5b3764ca4369,HR 526,Declaration of Energy Independence Act,['bill'],[],119,United States,lower
ocd-bill/0f5af24f-cfee-4567-88ba-669ec3921f2d,HR 500,Medicare Hearing Aid Coverage Act of 2025,['bill'],[],119,United States,lower
ocd-bill/68cae976-4d38-4607-9075-13a8ed1331c9,HR 574,ALIGN Act,['bill'],[],119,United States,lower
ocd-bill/54999d0e-4307-4c19-82a2-8fc3e96485d3,HR 590,_______ Act of 2024,['bill'],[],119,United States,lower
ocd-bill/e29ed750-087e-43f6-b4ca-1ce6cb55e022,HR 576,To codify Executive Order 14096 relating to revitalizing our Nation's commitment to environmental justice for all.,['bill'],[],119,United States,lower
ocd-bill/aaadd9b4-42a9-4520-af84-e162f8ce4cbb,HR 198,SERVE Our Communities Act,['bill'],[],119,United States,lower
ocd-bill/6335781a-8c33-4789-9f0a-8b3f24d60048,HR 218,State Immigration Enforcement Act,['bill'],[],119,United States,lower
ocd-bill/d1ff5842-1915-4225-b0d0-263611c4e248,HR 335,Repeal the NFA Act,['bill'],[],119,United States,lower
ocd-bill/81965626-aae6-40ff-9e52-66e8984936b7,HR 594,Detain and Deport Illegal Aliens Who Assault Cops Act,['bill'],[],119,United States,lower
ocd-bill/e786babb-3efb-409e-8adf-0e7a38d1e808,HR 592,Protecting School Milk Choices Act of 2025,['bill'],[],119,United States,lower
ocd-bill/eac74ce2-db48-4a3f-af6c-585e6cdc4a68,HR 595,To amend the Convention on Cultural Property Implementation Act to make certain technical corrections to facilitate the lawful trade and collecting of numismatic materials.,['bill'],[],119,United States,lower
ocd-bill/07411280-b1e5-4a1c-9cee-eef75c28af20,S 794,A bill to require the Assistant Secretary of Commerce for Communications and Information to audit Federal spectrum.,['bill'],[],119,United States,upper
ocd-bill/25f90e08-87ff-4039-afbe-7923a6534fb2,HR 513,Offshore Lands Authorities Act of 2025,['bill'],[],119,United States,lower
ocd-bill/011e33ee-3ddd-4ab5-802a-9b0dd63a6c60,HR 2036,Credit for Caring Act of 2025,['bill'],[],119,United States,lower
ocd-bill/4e581542-3c01-45a4-8f8e-cd9b1ead4148,HR 991,Cost Estimates Improvement Act,['bill'],[],119,United States,lower
ocd-bill/af807696-75e4-4a90-bed0-91bdfc1b04f3,HR 2085,Mental Health Research Accelerator Act of 2025,['bill'],[],119,United States,lower
ocd-bill/e64e3d33-a066-42b9-84fb-5aa247c6fbaa,HR 2063,To prohibit natural asset companies from entering into any agreement with respect to land in the State of Utah or natural assets on or in land in the State of Utah.,['bill'],[],119,United States,lower
ocd-bill/815e8d82-1422-4458-900e-1e3b4fa0a1a4,HR 1088,Restoring American Sovereignty Act,['bill'],[],119,United States,lower
ocd-bill/a3e43a66-0fe2-4957-8644-946ebaf6615a,HR 1093,Natural Disaster Property Protection Act of 2025,['bill'],[],119,United States,lower
ocd-bill/f1e0bbf6-148e-4ad5-a65a-2f6b0995a740,HR 1063,Farm Credit Administration Independent Authority Act,['bill'],[],119,United States,lower
ocd-bill/67d9a739-4e53-4fe6-96d6-8d2746927fc0,HR 1058,DRONE Act of 2025,['bill'],[],119,United States,lower
ocd-bill/4806032b-fae9-4e6c-8571-9bee35c42f40,HR 1062,Growing and Preserving Innovation in America Act of 2025,['bill'],[],119,United States,lower
ocd-bill/d8628b6d-4f0f-4a62-8422-52393a43a1ad,HR 1054,Educators Expense Deduction Modernization Act of 2025,['bill'],[],119,United States,lower
ocd-bill/cc4d292c-3bf6-4dc6-a9b6-9c532c31a471,HR 1100,STOPP Act,['bill'],[],119,United States,lower
ocd-bill/5ec7c34e-394f-4b08-8c04-8b571d0cea71,HR 1086,Agriculture Export Promotion Act of 2025,['bill'],[],119,United States,lower
ocd-bill/b654dffc-64db-490e-8995-8cd1472b224d,HR 1049,Transparency in Reporting of Adversarial Contributions to Education Act,['bill'],[],119,United States,lower
ocd-bill/a8870e4c-4777-4f27-92bb-e8fd37a3915e,HR 1068,PLCAA Federal Jurisdiction Act,['bill'],[],119,United States,lower
ocd-bill/2f70c36f-6a02-49f7-a5fb-53f90af39754,HR 1050,Criminal Alien Gang Member Removal Act,['bill'],[],119,United States,lower
ocd-bill/759a458e-45a3-47f1-8d7b-03ba2eea18d6,HR 1074,Supreme Court Term Limits and Regular Appointments Act of 2025,['bill'],[],119,United States,lower
ocd-bill/111bb4db-23f0-4d50-95d2-c29aa658565b,HR 1060,Modern Authentication of Pharmaceuticals Act of 2025,['bill'],[],119,United States,lower
ocd-bill/8c52ecd9-7f9e-4d18-b4ce-5fab70d472ea,HR 1064,Stopping Overdoses of Fentanyl Analogues Act,['bill'],[],119,United States,lower
ocd-bill/91cf77c1-d4cb-4343-9b90-c249ef6be806,S 793,A bill to amend the Commander John Scott Hannon Veterans Mental Health Care Improvement Act of 2019 to modify and reauthorize the Staff Sergeant Parker Gordon Fox Suicide Prevention Grant Program of the Department of Veterans Affairs.,['bill'],[],119,United States,upper
ocd-bill/79d2d56a-18b6-41a7-8ea8-5fdc627bfe89,HR 1095,Restoring Military Focus Act,['bill'],[],119,United States,lower
ocd-bill/82cb7021-2f54-4512-a86f-095d32d23ab0,HR 1066,Ending Green Giveaways Act,['bill'],[],119,United States,lower
ocd-bill/c2fbadb6-5dce-45ac-ab9e-4f82fdc87a7b,HR 1089,BOWSER Act,['bill'],[],119,United States,lower
ocd-bill/7da99ce9-3bea-4118-b0f3-b472b6dff2b3,HR 1091,Carried Interest Fairness Act of 2025,['bill'],[],119,United States,lower
ocd-bill/a1c92ec1-efa6-4a39-82f8-55b3a148137e,HR 1092,Responsible Budgeting Act,['bill'],[],119,United States,lower
ocd-bill/f5743cd3-84f5-4cdf-904d-73f23c0040ed,HR 1043,La Paz County Solar Energy and Job Creation Act,['bill'],[],119,United States,lower
ocd-bill/9c8d261f-fe48-44d4-ab69-3a6f33867ae1,HR 1081,Preventing SBA Assistance from Going to China Act,['bill'],[],119,United States,lower
ocd-bill/c5da595d-db5c-4175-94cb-b1aca70a3aab,HR 1051,"To amend the Federal Food, Drug, and Cosmetic Act to allow for the approval of an abbreviated new drug application submitted by a subsequent applicant in the case of a failure by a first applicant to commence commercial marketing within a certain period, and for other purposes.",['bill'],[],119,United States,lower
ocd-bill/a73ae6e5-cc2a-495c-a47b-3921b98d5e0a,HR 1069,PROTECT Our Kids Act,['bill'],[],119,United States,lower
ocd-bill/44f11046-676b-4c85-b2c1-a21a0593cd20,HR 1042,Project Turnkey Act,['bill'],[],119,United States,lower
ocd-bill/fa90c19d-ee60-4194-9cb1-45472dcb2ad5,HR 1083,Incentivizing Readiness and Environmental Protection Integration Sales Act of 2025,['bill'],[],119,United States,lower
ocd-bill/f9b4c677-abf5-458d-95a2-8b6df74a0a0b,HR 1040,Senior Citizens Tax Elimination Act,['bill'],[],119,United States,lower
ocd-bill/383b7a14-bb25-4b32-998d-57665904eb76,HR 1057,Safe Passage on Interstates Act of 2025,['bill'],[],119,United States,lower
ocd-bill/30dd760a-fa43-42b7-a797-b7707a432acf,HR 1104,Unborn Child Support Act,['bill'],[],119,United States,lower
ocd-bill/6821b7fb-38e7-4b78-8694-13b6218cdc2c,HR 1055,CONSTRUCTS Act of 2025,['bill'],[],119,United States,lower
ocd-bill/5c435189-1a41-43e4-9e58-86546f884154,HR 1072,AIM HIGH Act,['bill'],[],119,United States,lower
ocd-bill/4093e92e-13e7-4357-99f8-62c4239fe42a,HR 1052,UNPLUG EVs Act,['bill'],[],119,United States,lower
ocd-bill/91af4680-09ac-4645-9522-7ad71a5c460e,HR 1070,Restoring Competitive Property Insurance Availability Act,['bill'],[],119,United States,lower
ocd-bill/ea8746a8-e367-4e40-a0b5-79ed3043f18a,HR 1082,Shandra Eisenga Human Cell and Tissue Product Safety Act,['bill'],[],119,United States,lower
ocd-bill/1fcceacb-2967-4e0b-a20f-8fa1187fb9d3,HR 1067,LITTLE Act of 2025,['bill'],[],119,United States,lower
ocd-bill/fba581c0-cbf7-4393-8adc-e41126a7f9b3,HR 1029,To abolish the United States Agency for International Development.,['bill'],[],119,United States,lower
ocd-bill/e93f93b4-e41f-49ca-bd08-fa452a14991f,HR 1075,Tax Administration Simplification Act,['bill'],[],119,United States,lower
ocd-bill/ff3f6c74-e709-49e5-af7b-6d33a2a76c54,HR 1094,Amateur Radio Emergency Preparedness Act,['bill'],[],119,United States,lower
ocd-bill/f7f07b00-5f10-4267-a519-edddda819f95,HR 1090,Truth in Tuition Act of 2025,['bill'],[],119,United States,lower
ocd-bill/2943387e-514e-4de2-be4e-5c8f7ec5c341,HR 1087,United States Colored Troops Congressional Gold Medal Act,['bill'],[],119,United States,lower
ocd-bill/7064ff5e-3bff-405a-882e-3ee6eb8e2c5a,HR 1053,Filipino Veterans Family Reunification Act of 2025,['bill'],[],119,United States,lower
ocd-bill/da59d791-d03e-40fc-8de5-886372564162,HR 1045,Utah Wildfire Research Institute Act of 2025,['bill'],[],119,United States,lower
ocd-bill/78e93f14-5bbf-4086-b4c7-257435e25080,HR 1097,SECURE Firearm Storage Act,['bill'],[],119,United States,lower
ocd-bill/a2797e6a-f173-4d84-be5a-f01f0a3c6445,HR 1079,CARTEL Act of 2025,['bill'],[],119,United States,lower
ocd-bill/98d47655-cd76-4145-83f1-d9c7baec5fde,HR 1098,To reauthorize the Junior Duck Stamp Conservation and Design Program Act of 1994.,['bill'],[],119,United States,lower
ocd-bill/9cd5b173-af39-4214-911a-2b84d482c388,HJRES 37,"Proposing an amendment to the Constitution of the United States to provide that Representatives shall be apportioned among the several States according to their respective numbers, counting the number of persons in each State who are citizens of the United States.",['resolution'],[],119,United States,lower
ocd-bill/869db6d6-19c1-4f5f-b138-9de4823e8bbe,HRES 118,"Calling on Federal law enforcement, led by the Federal Bureau of Investigation, the Department of Homeland Security, and the Federal Aviation Administration, to provide an immediate briefing to the public regarding the recent drone activity in New Jersey and New York.",['resolution'],[],119,United States,lower
ocd-bill/32445a06-e00d-42dd-8e5c-a0305e948c1b,HRES 115,"Supporting the goals and ideals of ""Career and Technical Education Month"".",['resolution'],[],119,United States,lower
ocd-bill/1ed7dc12-492e-4681-9117-6666a1b1277c,HCONRES 9,Authorizing the use of the Capitol Grounds for the National Peace Officers Memorial Service and the National Honor Guard and Pipe Band Exhibition.,['resolution'],[],119,United States,lower
ocd-bill/f86a0e82-5612-4233-9da7-290516c49bf9,HRES 108,Electing a Member to a certain standing committee of the House of Representatives.,['resolution'],[],119,United States,lower
ocd-bill/bf8ba42d-25e2-4f17-8a43-efd0018a4138,HR 29,Laken Riley Act,['bill'],[],119,United States,lower
ocd-bill/5fd9a350-7b80-4fe1-86f5-89ec35463d76,HR 226,Eastern Band of Cherokee Historic Lands Reacquisition Act,['bill'],[],119,United States,lower
ocd-bill/d0fc833b-7098-4af7-bee1-94de93e620d9,HR 571,____ Act,['bill'],[],119,United States,lower
ocd-bill/d65de5ae-0585-4270-a6ee-e797b7cbbd5d,SRES 62,An original resolution authorizing expenditures by the Special Committee on Aging.,['resolution'],[],119,United States,upper
ocd-bill/9696d937-29ea-4e73-89d9-b2d5bed3f19e,SRES 61,A resolution expressing support for the continued value of arms control agreements and negotiated constraints on Russian and Chinese strategic nuclear forces.,['resolution'],[],119,United States,upper
ocd-bill/e3c6b828-b26e-4477-b464-afa8b0ab23e3,SRES 60,An original resolution authorizing expenditures by the Committee on Indian Affairs.,['resolution'],[],119,United States,upper
ocd-bill/ef76d6bd-9b73-481d-8a4e-cdd54ec89242,SRES 59,An original resolution authorizing expenditures by the Committee on Environment and Public Works.,['resolution'],[],119,United States,upper
ocd-bill/68c825ad-6413-4671-8253-a641d5bbaaab,HCONRES 8,"Expressing the sense of Congress that the United States should resume normal diplomatic relations with Taiwan, negotiate a bilateral free trade agreement with Taiwan, and support Taiwans membership in international organizations.",['resolution'],[],119,United States,lower
ocd-bill/c893982a-7716-41fd-974d-29a453fa2cf4,SRES 65,An original resolution authorizing expenditures by the Committee on the Judiciary.,['resolution'],[],119,United States,upper
ocd-bill/3b4b44d4-4f86-4748-adff-6cae0868e432,SRES 64,"A resolution honoring the memory of the victims of the tragic mid-air collision between American Airlines Flight 5342 and United States Army Aviation Brigade Priority Air Transport 25 on January 29, 2025.",['resolution'],[],119,United States,upper
ocd-bill/d63fcaad-bfc7-4f7c-a893-6dd0b16d3139,SRES 57,"An original resolution authorizing expenditures by the Committee on Agriculture, Nutrition, and Forestry.",['resolution'],[],119,United States,upper
ocd-bill/bf1f0808-cec0-45a5-977b-069c282ca392,SRES 58,"An original resolution authorizing expenditures by the Committee on Banking, Housing, and Urban Affairs.",['resolution'],[],119,United States,upper
ocd-bill/d0cdf14c-539b-4819-a159-54caffc30d34,SRES 67,A resolution declaring racism a public health crisis.,['resolution'],[],119,United States,upper
ocd-bill/f10bc13e-23e1-4a1e-81a9-d9ae17b1ea60,SRES 63,An original resolution authorizing expenditures by the Committee on Finance.,['resolution'],[],119,United States,upper
ocd-bill/0b077483-1406-4dcc-9f99-9200d14ddef9,S 9,Protection of Women and Girls in Sports Act of 2025,['bill'],[],119,United States,upper
ocd-bill/b7bfaa53-68d0-4563-9343-4c9eacefd99f,HR 570,To amend the Internal Revenue Code of 1986 to allow the child tax credit with respect to stillbirths.,['bill'],[],119,United States,lower
ocd-bill/15afe2f5-2a5b-4944-8c23-0147c391befe,S 1128,Stop Taxpayer Funding of Hamas Act,['bill'],[],119,United States,upper
ocd-bill/ea89f66f-cd35-4283-8cb9-dc90270b0168,S 1111,"A bill to amend the Internal Revenue Code of 1986 to allow for payments to certain individuals who dye fuel, and for other purposes.",['bill'],[],119,United States,upper
ocd-bill/b4c5700c-dad6-4c08-a314-a4482e694c5c,HR 1928,Sanctuary City Accountability Act,['bill'],[],119,United States,lower
ocd-bill/9b2a0945-9662-45a5-a25c-53611726b905,S 409,No Tax Breaks for Outsourcing Act,['bill'],[],119,United States,upper
ocd-bill/2f82e374-d0a9-4257-8f8c-74b035cc0796,S 425,Enhancing Energy Recovery Act,['bill'],[],119,United States,upper
ocd-bill/ee13853e-271e-4f40-89c8-b6aabdf94622,S 465,GRID Power Act,['bill'],[],119,United States,upper
ocd-bill/db14ef22-9e69-4e5b-b2b8-7b0f14a1f7d7,S 464,No CBDC Act,['bill'],[],119,United States,upper
ocd-bill/7f2dc751-7401-4421-ab96-0bcbc795082a,S 405,Protection of Women in Olympic and Amateur Sports Act,['bill'],[],119,United States,upper
ocd-bill/1d09886f-c95b-4935-8107-47b44b428dd9,S 456,STEAM Act,['bill'],[],119,United States,upper
ocd-bill/d69a6834-f68d-404b-b628-c3fd936f449c,S 433,National Manufacturing Advisory Council Act,['bill'],[],119,United States,upper
ocd-bill/f51c7f34-46c2-4f12-b50a-0b941c479142,S 458,Senior Citizens Tax Elimination Act,['bill'],[],119,United States,upper
ocd-bill/4b625b49-a659-496e-a0af-0b51cae3fe9a,S 481,Securing our Border Act,['bill'],[],119,United States,upper
ocd-bill/05ef2c1c-bc8c-4cba-906b-c4792a29b59c,S 398,NO BAN Act,['bill'],[],119,United States,upper
ocd-bill/057a6876-a41a-4f95-9c29-d4beb302e3fc,HRES 247,"Expressing support for the designation of the week of March 23, 2025, through March 29, 2025, as ""National Cleaning Week"".",['resolution'],[],119,United States,lower
ocd-bill/431b009e-f8a6-44d3-b578-15d07cfdc3de,S 432,Fort Ontario Holocaust Refugee Shelter National Historical Park Establishment Act,['bill'],[],119,United States,upper
ocd-bill/3d2cda4f-2796-45b0-99c0-600c15d57f3b,S 446,"A bill to prohibit Big Cypress National Preserve from being designated as wilderness or as a component of the National Wilderness Preservation System, and for other purposes.",['bill'],[],119,United States,upper
ocd-bill/874f7830-39b3-4df4-967d-37d555fe29b5,S 414,ADS for Mental Health Services Act,['bill'],[],119,United States,upper
ocd-bill/5f4b5303-3057-4315-8472-0d56c3feebd6,S 429,STRATEGIC Minerals Act,['bill'],[],119,United States,upper
ocd-bill/1967b071-af32-44d1-ba5d-32036e23d24e,S 421,American Beef Labeling Act of 2025,['bill'],[],119,United States,upper
ocd-bill/7e8207ce-eafc-4a95-a35b-415a638a889f,S 451,Restoring State Mineral Revenues Act,['bill'],[],119,United States,upper
ocd-bill/092f311f-9dbe-4741-9e84-c956be798142,HR 276,Gulf of America Act of 2025,['bill'],[],119,United States,lower
ocd-bill/5c3ff7f7-c225-4029-abd0-351d4d295111,S 471,No Deductions for Marijuana Businesses Act,['bill'],[],119,United States,upper
ocd-bill/ac11863d-1033-4d95-9a2d-4d4ff83dcbf9,S 417,INFORM Act,['bill'],[],119,United States,upper
ocd-bill/c11342cd-94a3-4bf6-9825-e224d40130a0,S 442,AIM HIGH Act,['bill'],[],119,United States,upper
ocd-bill/9e223c39-749e-4ef0-a372-c1e3ff3ecbf5,S 408,Job Protection Act,['bill'],[],119,United States,upper
ocd-bill/1343ff9d-cd1e-45b6-aa12-5627c36a7c19,S 440,BOWSER Act,['bill'],[],119,United States,upper
ocd-bill/6140250c-83c3-43cd-a8e9-0ddb95b5fd1c,S 463,Protect Our Letter Carriers Act of 2025,['bill'],[],119,United States,upper
ocd-bill/01595917-e67e-4d8d-b186-b282ac110429,S 487,CHOICE Act,['bill'],[],119,United States,upper
ocd-bill/70a06aa9-69b8-42b1-8aa7-765543f39337,S 473,SENIOR Act,['bill'],[],119,United States,upper
ocd-bill/2f865897-6643-4954-9f08-5e03a89c298d,S 1112,Big Bend National Park Boundary Adjustment Act,['bill'],[],119,United States,upper
ocd-bill/36e1d2df-4c42-4656-920d-b05e979cc6dd,S 469,Family Farm and Small Business Exemption Act,['bill'],[],119,United States,upper
ocd-bill/0cadfcee-089e-4088-a528-f816843a4412,S 396,Stop GREED Act of 2025,['bill'],[],119,United States,upper
ocd-bill/e6f50be3-40ed-4173-9b28-563c8bfa8ebb,S 436,"A bill to amend title 10, United States Code, to modify the organization and authorities of the Assistant Secretaries of Defense with duties relating to industrial base policy and homeland defense.",['bill'],[],119,United States,upper
ocd-bill/dcf27988-7a80-45d2-9a82-c17eadc40b37,S 1119,FRIDGE Act of 2025,['bill'],[],119,United States,upper
ocd-bill/0130c8d1-7eb0-42f4-9858-1039ad6fe3f8,HR 1056,To include the Czech Republic in the list of foreign states whose nationals are eligible for admission into the United States as E1 nonimmigrants if United States nationals are treated similarly by the Government of the Czech Republic.,['bill'],[],119,United States,lower
ocd-bill/4baa1f34-ca31-42ed-b965-1ede59337698,S 460,Supporting Made in America Energy Act,['bill'],[],119,United States,upper
ocd-bill/4ae6750b-8e95-4304-9e91-75a593ca0312,S 1122,BAH Restoration Act,['bill'],[],119,United States,upper
ocd-bill/b2468ae7-acad-4365-8612-4b4df9996b17,S 474,Fair Funding for Rural Hospitals Act,['bill'],[],119,United States,upper
ocd-bill/d09d7819-baa9-479a-a2e2-ae8517af8674,S 430,TICKET Act,['bill'],[],119,United States,upper
ocd-bill/a3d99aeb-8ea4-475a-80e6-319fc1f28ce8,S 1101,SHARE Act of 2025,['bill'],[],119,United States,upper
ocd-bill/4f8185fb-6d5a-4081-a624-d482919656b9,S 476,White Oak Resiliency Act of 2025,['bill'],[],119,United States,upper
ocd-bill/f5f33e01-2ef4-49ef-af59-cd984c42000c,S 452,BARCODE Efficiency Act,['bill'],[],119,United States,upper
ocd-bill/a6ea300c-8e52-42af-b8fe-1f1dc253a7e1,S 402,Words Matter for the District of Columbia Courts Act,['bill'],[],119,United States,upper
ocd-bill/7aee5cc5-c857-48b5-98a5-549825b805e8,S 401,Fair Access to Banking Act,['bill'],[],119,United States,upper
ocd-bill/6e7159dc-255e-4d4a-b469-214a5d4630a0,S 489,Air Guard STATUS Act of 2025,['bill'],[],119,United States,upper
ocd-bill/f6ae68c4-3836-4f76-befc-2402a9fad11a,S 406,Ensuring Naval Readiness Act,['bill'],[],119,United States,upper
ocd-bill/1891727d-1046-4cb1-b2aa-391de76abec3,S 404,Focus on Learning Act,['bill'],[],119,United States,upper
ocd-bill/0a7f5b3e-7b05-4890-af4b-9d1abfdf8617,HR 2222,Lowering Egg Prices Act of 2025,['bill'],[],119,United States,lower
ocd-bill/0eb391ed-a0bd-412d-883d-bc802cbf661e,S 1102,Quality Defense Act of 2025,['bill'],[],119,United States,upper
ocd-bill/a9736e3b-90f3-4c09-b927-f5df4df4dbfd,S 415,DOT Victim and Survivor Advocate Act,['bill'],[],119,United States,upper
ocd-bill/69207a0d-663d-47ba-834f-8a6ee6ac48f1,S 455,Protecting Sensitive Locations Act,['bill'],[],119,United States,upper
ocd-bill/ac74cb68-cc31-4835-968d-791c61b3a1b2,S 439,Incentivizing Readiness and Environmental Protection Integration Sales Act of 2025,['bill'],[],119,United States,upper
ocd-bill/a264cb23-37ce-4b7f-90f1-068935a61bb8,S 1123,College Employment Accountability Act,['bill'],[],119,United States,upper
ocd-bill/6eeaf182-5df4-4863-84ca-25f45eabf081,S 437,Caring for All Families Act,['bill'],[],119,United States,upper
ocd-bill/e3c56dfc-d297-4cf4-8ec0-5b0f2fce9460,S 1117,Quality Loss Adjustment Improvement for Farmers Act,['bill'],[],119,United States,upper
ocd-bill/152764d3-f751-4df1-9e88-5ec4ebda23d9,S 419,Reauthorizing Support and Treatment for Officers in Crisis Act of 2025,['bill'],[],119,United States,upper
ocd-bill/e9265e72-85fe-47af-b8bb-b9872b9e60fb,S 459,Amateur Radio Emergency Preparedness Act,['bill'],[],119,United States,upper
ocd-bill/da89b0be-80a2-4151-ba31-75291767dc3a,S 448,CIRCUIT Act,['bill'],[],119,United States,upper
ocd-bill/7f72c9a9-86c2-4a8c-9e51-6ea7276d4ac0,S 1121,Performing Artist Tax Parity Act of 2025,['bill'],[],119,United States,upper
ocd-bill/7f21bb3b-0edc-455e-a7c3-b7ff1f158633,S 424,Retirement Fairness for Charities and Educational Institutions Act of 2025,['bill'],[],119,United States,upper
ocd-bill/dd1a2d52-4a05-4037-be77-55a651ac6473,S 1100,Nutritious SNAP Act of 2025,['bill'],[],119,United States,upper
ocd-bill/f789ac0b-875d-49ef-b0a8-549e50952bda,S 412,Plum Island Preservation Act,['bill'],[],119,United States,upper
ocd-bill/63b28b08-362f-426b-ac60-33c04b9a82b6,S 1131,Ocmulgee Mounds National Park and Preserve Establishment Act,['bill'],[],119,United States,upper
ocd-bill/37d111e1-b72d-4964-8552-50bd8b6bcc0e,S 413,Plum Island Preservation Study Act,['bill'],[],119,United States,upper
ocd-bill/3911a591-fb9f-4761-82b3-fc302978b074,S 470,Respect State Housing Laws Act,['bill'],[],119,United States,upper
ocd-bill/d0a11fdf-f9c7-404d-bb45-45de08ae9470,S 480,Timber Harvesting Restoration Act of 2025,['bill'],[],119,United States,upper
ocd-bill/10697bc6-a625-4728-8645-a867ff1bcc9b,S 1113,China Financial Threat Mitigation Act of 2025,['bill'],[],119,United States,upper
ocd-bill/87cfb5fe-dca1-4ddf-a13a-9f7142a3753b,S 438,Cyber PIVOTT Act of 2025,['bill'],[],119,United States,upper
ocd-bill/7a25f428-6773-48f3-8ad7-5338fb77d7d6,S 477,Fairness in Fentanyl Sentencing Act of 2025,['bill'],[],119,United States,upper
ocd-bill/99ba5588-c60a-4092-899e-8fd6ede27184,HR 503,Qualified Immunity Act of 2025,['bill'],[],119,United States,lower
ocd-bill/3e84fb48-9f42-40be-84cd-e2eba175c51f,S 482,A bill to include Czechia in the list of foreign states whose nationals are eligible for admission into the United States as E-1 nonimmigrants if United States nationals are treated similarly by the Government of Czechia.,['bill'],[],119,United States,upper
ocd-bill/c95b8e1a-1c8f-4ec8-be7a-7dacd706d24b,S 472,Ski Hill Resources for Economic Development Act,['bill'],[],119,United States,upper
ocd-bill/e4f47bf1-240e-4de3-9689-9080e64a6936,S 466,Fairness for Disabled Young Adults Act,['bill'],[],119,United States,upper
ocd-bill/6e7be254-5c52-4476-8ba5-fc58aff1dee8,HR 2187,To amend the Internal Revenue Code of 1986 to disallow the production tax credit and investment tax credit for offshore wind facilities placed in service in the inland navigable waters of the United States or the coastal waters of the United States.,['bill'],[],119,United States,lower
ocd-bill/928ad2e7-0d78-4bc3-905f-f568e7337052,S 491,Foreign Assistance Accountability and Oversight Act,['bill'],[],119,United States,upper
ocd-bill/38b614ca-91a0-45e3-842f-329cd18998ae,S 1116,Ensuring Veterans’ Final Resting Place Act of 2025,['bill'],[],119,United States,upper
ocd-bill/2c82117f-7a6a-4811-870d-4815d1efc7a2,S 431,Cyber Conspiracy Modernization Act,['bill'],[],119,United States,upper
ocd-bill/0379dab0-3a49-43ba-8189-db579bae5f31,S 486,Mandatory Removal Proceedings Act,['bill'],[],119,United States,upper
ocd-bill/39dcb06b-3ff5-45d9-adad-afd92d54081f,HR 1674,Keep Americans Safe Act,['bill'],[],119,United States,lower
ocd-bill/a3aa5bd5-6c15-464d-a440-08d6271b9ded,S 1129,Dietary Guidelines Reform Act of 2025,['bill'],[],119,United States,upper
ocd-bill/f66bc7cd-b455-478f-9922-d1071fa8f29c,S 416,Marsh-Billings-Rockefeller National Historical Park Establishment Act Amendments Act of 2025,['bill'],[],119,United States,upper
ocd-bill/2fe128cc-4e86-4517-9bdd-90010e65448b,S 410,Love Lives On Act of 2025,['bill'],[],119,United States,upper
ocd-bill/c56caf6a-a9a6-4cfe-838d-3cab9b51e34c,S 1110,Leveraging Artificial Intelligence to Streamline the Code of Federal Regulations Act of 2025,['bill'],[],119,United States,upper
ocd-bill/67b52052-8e7c-45e9-9220-cb7b41b9c111,HR 2228,Survivor Benefits Fairness Act,['bill'],[],119,United States,lower
ocd-bill/a9230d1d-d917-4dac-81a6-d8c7f0628139,S 1120,Unity through Service Act of 2025,['bill'],[],119,United States,upper
ocd-bill/cf0a5595-d591-4bdf-876f-505cbcab1379,S 403,Rural Health Focus Act,['bill'],[],119,United States,upper
ocd-bill/91af495a-a10a-4ac8-a0a4-d16af7c7eea1,HR 575,Increased TSP Access Act of 2025,['bill'],[],119,United States,lower
ocd-bill/4380aadc-b8ec-4ef9-9516-d85fdbd31cd6,S 427,TAILOR Act of 2025,['bill'],[],119,United States,upper
ocd-bill/b08ba383-253d-4126-b7b1-b17dd517d241,S 479,New Markets Tax Credit Extension Act of 2025,['bill'],[],119,United States,upper
ocd-bill/d43649ad-92c6-43ca-ba56-8d6c233a86da,HR 583,BEACH Act of 2025,['bill'],[],119,United States,lower
ocd-bill/db187a02-2f09-4488-999a-03de0d103874,S 490,Protecting Americans’ Privacy Act of 2025,['bill'],[],119,United States,upper
ocd-bill/aa81f054-8d9e-42db-bdbe-cb2abe526f46,S 441,Fit for Purpose Wildfire Readiness Act of 2025,['bill'],[],119,United States,upper
ocd-bill/717cdfe6-f1e9-474c-a765-4019d03ae595,S 434,Space Commerce Advisory Committee Act,['bill'],[],119,United States,upper
ocd-bill/809cda91-591d-4d3e-885f-3c21f4a1ce58,HR 585,Supporting Veteran Families in Need Act,['bill'],[],119,United States,lower
ocd-bill/348719f7-aa27-4791-94f9-5a8138a597c4,S 461,Filipino Veterans Family Reunification Act of 2025,['bill'],[],119,United States,upper
ocd-bill/6e6c2729-384e-4eb9-96a2-d6d06bcbbc57,HRES 53,"Providing for consideration of the bill (H.R. 471) to expedite under the National Environmental Policy Act of 1969 and improve forest management activities on National Forest System lands, on public lands under the jurisdiction of the Bureau of Land Management, and on Tribal lands to return resilience to overgrown, fire-prone forested lands, and for other purposes, and providing for consideration of the bill (S. 5) to require the Secretary of Homeland Security to take into custody aliens who have been charged in the United States with theft, and for other purposes.",['resolution'],[],119,United States,lower
ocd-bill/3a06b078-c3cc-496e-b864-d685265c5d41,S 447,Jobs and Opportunities for Medicaid Act,['bill'],[],119,United States,upper
ocd-bill/642c5d96-48e0-4822-a10e-96e02e681774,S 444,Federal Emergency Mobilization Accountability (FEMA) Workforce Planning Act,['bill'],[],119,United States,upper
ocd-bill/35bc7de0-e978-4e25-9318-3a803d1e4293,HR 2184,Firearm Due Process Protection Act,['bill'],[],119,United States,lower
ocd-bill/15cbfbb5-a4a1-49aa-b507-7b9b33e3b7fb,S 411,Flight 293 Remembrance Act,['bill'],[],119,United States,upper
ocd-bill/4df40bc5-f5fa-4fbf-998c-8eaf32458d26,S 483,Responsibility in Drug Advertising Act of 2025,['bill'],[],119,United States,upper
ocd-bill/6a3ac3e9-e32b-427f-9236-c49532d6e8b1,S 454,"Gambling Addiction Recovery, Investment, and Treatment Act",['bill'],[],119,United States,upper
ocd-bill/ce7c54c7-31d5-4c33-a108-39ee25059782,S 1108,Tax Cuts for Veterans Act of 2025,['bill'],[],119,United States,upper
ocd-bill/d23e0ae2-d1d9-4aef-ba0a-493e00f22975,S 407,Ensuring Coast Guard Readiness Act,['bill'],[],119,United States,upper
ocd-bill/fc7ccdda-a0b8-46f7-beed-dece9b35edc8,S 420,Dairy Business Innovation Act of 2025,['bill'],[],119,United States,upper
ocd-bill/d570926d-c6d5-4875-94a4-4e24ab72b0f0,S 435,IRONDOME Act of 2025,['bill'],[],119,United States,upper
ocd-bill/e1dd5b4f-1213-45fe-a7e0-91f5ee270caa,S 453,Wildfire Intelligence Collaboration and Coordination Act of 2025,['bill'],[],119,United States,upper
ocd-bill/e7cebc21-e9b9-43a0-b62a-a03196732150,HRES 251,Recognizing the longstanding friendship between the Kingdom of Morocco and the United States of America.,['resolution'],[],119,United States,lower
ocd-bill/5e108292-6289-4c10-8467-59f005ad341f,SRES 137,"A resolution commending Volkert, Inc. on the occasion of its 100th anniversary and its century of service to the State of Alabama and the United States.",['resolution'],[],119,United States,upper
ocd-bill/38bce5c0-1d3a-427b-9855-5e5391978fe0,S 462,Truckee Meadows Public Lands Management Act,['bill'],[],119,United States,upper
ocd-bill/90857f99-76d1-48e6-a761-bbd2e78a1d13,S 428,SAFE Orbit Act,['bill'],[],119,United States,upper
ocd-bill/a4aa7705-2ff0-40ed-bfc8-ec6902f62b53,S 457,Utah Wildfire Research Institute Act of 2025,['bill'],[],119,United States,upper
ocd-bill/737fef06-89b7-435a-81ff-5d707466349c,S 1125,Cultural Trade Promotion Act,['bill'],[],119,United States,upper
ocd-bill/8df3bdc3-d76d-42c1-96a2-d9cf9404e04b,S 485,Regulations from the Executive in Need of Scrutiny Act of 2025,['bill'],[],119,United States,upper
ocd-bill/588fd549-3ee7-4c76-8565-c559ba3dc5be,S 468,SECURE Firearm Storage Act,['bill'],[],119,United States,upper
ocd-bill/5714b15e-f7a0-43c0-8eb4-779208c86ec3,S 467,End Double Taxation of Successful Consumer Claims Act,['bill'],[],119,United States,upper
ocd-bill/44bd362e-1fa6-49d5-8d5d-e02c1258b767,S 1109,Social Security Check Tax Cut Act,['bill'],[],119,United States,upper
ocd-bill/3b2f4a85-2701-45a4-ae9a-9e0c065beee1,S 488,DEMOCRACIA Act,['bill'],[],119,United States,upper
ocd-bill/411eefe6-f86a-43af-9e4c-8f100fe2f12c,S 1107,MATCH Act of 2025,['bill'],[],119,United States,upper
ocd-bill/bdb4e14b-9087-445a-b50c-6f76a9e5dbb7,S 449,Expediting Forest Restoration and Recovery Act of 2025,['bill'],[],119,United States,upper
ocd-bill/a8d923e3-231f-42ad-9600-4ab40bf27ce5,HR 2333,Protecting Students with Disabilities Act,['bill'],[],119,United States,lower
ocd-bill/aef0fc58-2646-4adc-819e-87b749d7d022,S 443,Fire Management Assistance Grants for Tribal Governments Act,['bill'],[],119,United States,upper
ocd-bill/5b10f62a-0044-4121-ad18-c246947091bb,SRES 136,A resolution affirming the rule of law and the legitimacy of judicial review.,['resolution'],[],119,United States,upper
ocd-bill/93ae273e-2873-4e47-a234-fa3004cb678c,S 418,Defending Defense Research from Chinese Communist Party Espionage Act of 2025,['bill'],[],119,United States,upper
ocd-bill/e7d51fa7-f688-4097-9da3-9979ad963230,S 1127,Dennis and Lois Krisfalusy Act,['bill'],[],119,United States,upper
ocd-bill/592588e2-ff14-40eb-bb4e-cdbd34707d62,S 445,Carried Interest Fairness Act of 2025,['bill'],[],119,United States,upper
ocd-bill/832e0f2f-f39e-4d15-b8e3-3be7c0630e96,HRES 249,Recognizing the 204th anniversary of the War of Greek Independence.,['resolution'],[],119,United States,lower
ocd-bill/691850be-c861-40b8-b2ba-3bfbeb5fab8d,HR 1106,Scientific Integrity Act,['bill'],[],119,United States,lower
ocd-bill/4258dccc-74cd-41ca-b89e-0951e2a1625f,S 450,Decoupling from Foreign Adversarial Battery Dependence Act,['bill'],[],119,United States,upper
ocd-bill/875c212f-c08b-47ef-94bc-8c1faac14394,S 426,Ensuring Accountability and Dignity in Government Contracting Act of 2025,['bill'],[],119,United States,upper
ocd-bill/e54b281d-116d-471a-8733-221759a66aae,S 484,PLCAA Federal Jurisdiction Act,['bill'],[],119,United States,upper
ocd-bill/305a3f27-8a02-45ab-b725-65a26c609093,HR 2290,"To provide that the memorial to commemorate the sacrifice and service of the women who worked on the home front to support the efforts of the United States military during World War II may be located on the National Mall, and for other purposes.",['bill'],[],119,United States,lower
ocd-bill/1a790567-82d7-4c46-b24c-95e66aac32f3,HR 2230,Independent Programmers Tax Incentive Act,['bill'],[],119,United States,lower
ocd-bill/16ff6eda-a35c-46bc-96fe-ad799f3e60c6,SRES 28,A resolution honoring the service of women in combat roles in the Armed Forces.,['resolution'],[],119,United States,upper
ocd-bill/70a58d4c-7120-41cc-8e8e-2bd68c576885,SJRES 16,A joint resolution proposing an amendment to the Constitution of the United States to require that the Supreme Court of the United States be composed of nine justices.,['resolution'],[],119,United States,upper
ocd-bill/6ca1581f-e981-4d64-9b97-95ad4168e6f3,HR 2273,UPRISERS Act,['bill'],[],119,United States,lower
ocd-bill/b8d88231-4143-4b9c-82df-3d6166fefe12,S 1106,United States Leadership in Immersive Technology Act of 2025,['bill'],[],119,United States,upper
ocd-bill/da6541eb-1f3c-4ea4-bf25-41a87fe7d158,SJRES 14,"A joint resolution providing for congressional disapproval under chapter 8 of title 5, United States Code, of the rule submitted by the Environmental Protection Agency relating to ""Phasedown of Hydrofluorocarbons: Management of Certain Hydrofluorocarbons and Substitutes Under the American Innovation and Manufacturing Act of 2020"".",['resolution'],[],119,United States,upper
ocd-bill/e968fcdc-772e-4917-bf1d-6bb75386b808,HR 1701,Strategic Ports Reporting Act,['bill'],[],119,United States,lower
ocd-bill/d998cd2e-5ea3-4f5d-be05-d9b4dad41f55,SJRES 12,"A joint resolution providing for congressional disapproval under chapter 8 of title 5, United States Code, of the rule submitted by the Environmental Protection Agency relating to ""Waste Emissions Charge for Petroleum and Natural Gas Systems: Procedures for Facilitating Compliance, Including Netting and Exemptions"".",['resolution'],[],119,United States,upper
ocd-bill/efe2f6a5-4965-491b-9899-a5954cf09e4d,HRES 240,Expressing the profound sorrow of the House of Representatives on the death of the Honorable Raúl M. Grijalva.,['resolution'],[],119,United States,lower
ocd-bill/eca9fb49-4bb1-42d4-9fe9-03dd220a6c36,HR 944,Access to Counsel Act,['bill'],[],119,United States,lower
ocd-bill/0a0cf7ef-790e-4acb-912b-d44ba3707a8b,S 1126,Accountability for Terrorist Perpetrators of October 7th Act,['bill'],[],119,United States,upper
ocd-bill/66a5b287-1a44-4fc1-8dd9-7525c2e72f71,HR 2316,Wetlands Conservation and Access Improvement Act of 2025,['bill'],[],119,United States,lower
ocd-bill/7404854f-fdb9-4a7b-b562-947e7bad0972,HRES 252,Recognizing a century of broadcasting excellence from WOWO and celebrating the radio station's 100th anniversary.,['resolution'],[],119,United States,lower
ocd-bill/a0f6b49f-2de1-49d6-9ec4-5451c43c8d47,SRES 52,"A resolution recognizing religious freedom as a fundamental right, expressing support for international religious freedom as a cornerstone of United States foreign policy, and expressing concern over increased threats to and attacks on religious freedom around the world.",['resolution'],[],119,United States,upper
ocd-bill/c36021aa-0d79-4d91-8a6c-bc9f67b039b3,S 1104,WATCH Act,['bill'],[],119,United States,upper
ocd-bill/344b11a7-a444-4980-8ce2-00ed4df5d5d5,HR 2313,Celestial Time Standardization Act,['bill'],[],119,United States,lower
ocd-bill/72aedd3c-e35c-4cec-9f33-5eb131f1f955,SJRES 38,A joint resolution establishing the ratification of the Equal Rights Amendment.,['resolution'],[],119,United States,upper
ocd-bill/f0dcd206-4ffb-4d16-a4d9-078537ae8f32,S 1118,"Water Intelligence, Security, and Cyber Threat Protection Act of 2025",['bill'],[],119,United States,upper
ocd-bill/afc919ce-e925-472c-848d-f9d286b46548,HRES 253,"Expressing support for the designation of May 15, 2025, as ""Prader-Willi Syndrome Awareness Day"" to raise awareness of and promote research on the disorder.",['resolution'],[],119,United States,lower
ocd-bill/b9012866-04f5-4e84-83da-c289bbe2f5a9,S 1103,Vessel Tracking for Sanctions Enforcement Act of 2025,['bill'],[],119,United States,upper
ocd-bill/51edd1d1-31ac-494a-a0e6-b1aa1687a54a,S 1099,Nationwide Injunction Abuse Prevention Act of 2025,['bill'],[],119,United States,upper
ocd-bill/2cbaa0a5-1023-4318-8d5a-89fb7d4577b9,HR 486,Young Americans Financial Literacy Act,['bill'],[],119,United States,lower
ocd-bill/38cac118-76be-41a8-9f16-03f9912e68a6,HRES 250,"Providing for consideration of the bill (H.R. 1101) to prohibit unlawful access to the payment system of the Bureau of the Fiscal Service within the Department of the Treasury, and for other purposes.",['resolution'],[],119,United States,lower
ocd-bill/ee36bea8-db8c-49f8-a478-82efa8668ab2,HR 1101,Taxpayer Data Protection Act,['bill'],[],119,United States,lower
ocd-bill/6d7723ff-0eab-4f53-aabd-1d304bcdc2d2,HR 572,RED TAPE Act,['bill'],[],119,United States,lower
ocd-bill/e6da3d45-5e23-4417-88d6-fa317e3f32dd,HRES 248,"Emphasizing the importance and power of distributed ledger technologies (DLT) to support democratic governance, human rights, internet freedom, and transparency.",['resolution'],[],119,United States,lower
ocd-bill/f24f038a-20ef-4201-8665-71bccb45f107,SRES 138,"A resolution supporting the goals and ideals of ""Deep Vein Thrombosis and Pulmonary Embolism Awareness Month"".",['resolution'],[],119,United States,upper
ocd-bill/02a058af-62bd-45a8-97ec-12208f00c560,SRES 135,A resolution recognizing a century of broadcasting excellence from WOWO and celebrating the radio station's 100th anniversary.,['resolution'],[],119,United States,upper
ocd-bill/321b98dd-6507-48b1-8da7-e47ca7ba87bb,S 1124,Anti-CBDC Surveillance State Act,['bill'],[],119,United States,upper
ocd-bill/f9c55b97-8d09-4596-a76a-6a2bdcd55d73,S 30,ERASER Act,['bill'],[],119,United States,upper
ocd-bill/713e24b9-559d-47f1-be85-831c210ed692,SCONRES 4,A concurrent resolution expressing support for the Geneva Consensus Declaration on Promoting Women's Health and Strengthening the Family and urging that the United States rejoin this historic declaration.,['resolution'],[],119,United States,upper
ocd-bill/8cff1fc3-538e-47c7-a585-1339ba39c585,HR 2343,John W. Walsh Alpha-1 Home Infusion Act of 2025,['bill'],[],119,United States,lower
ocd-bill/983acbdc-27bc-4fd0-884e-959575685f03,HR 2346,Accountability for Terrorist Perpetrators of October 7th Act,['bill'],[],119,United States,lower
ocd-bill/40834f21-e0b5-4920-b0d5-dc734805b739,HR 2347,Survivor Justice Tax Prevention Act,['bill'],[],119,United States,lower
ocd-bill/8aee34af-bd34-4714-a9ea-78f87527a2db,HR 2317,"To provide for transfer of ownership of certain Federal lands in northern Nevada, to authorize the disposal of certain Federal lands in northern Nevada for economic development, to promote conservation in northern Nevada, and for other purposes.",['bill'],[],119,United States,lower
ocd-bill/99b40c8f-dab9-461c-8f29-250f75e8879a,HR 2315,Fairness for High-Skilled Americans Act of 2025,['bill'],[],119,United States,lower
ocd-bill/381692e4-f530-4421-b110-d036f7a06220,HR 2328,Soo Locks Security and Economic Reporting Act of 2025,['bill'],[],119,United States,lower
ocd-bill/1eefab20-ec3c-4508-931d-1fc0e5cfcdb0,HR 2319,Women and Lung Cancer Research and Preventive Services Act of 2025,['bill'],[],119,United States,lower
ocd-bill/2870efea-ca1f-4053-8915-bc66bdf6895b,HR 2341,Duplications of Benefits Victims Relief Act,['bill'],[],119,United States,lower
ocd-bill/ce4e55cc-232e-4e09-bbb6-c6a632c43ee6,HR 2338,WRCR Act of 2025,['bill'],[],119,United States,lower
ocd-bill/129bac99-7a87-4877-ae10-0a4178e661ab,HR 2340,Advancing Enrollment and Reducing Drug Costs Act,['bill'],[],119,United States,lower
ocd-bill/fe11e5ab-1883-4568-9580-22755dfcdb8f,HR 2339,Children’s Health Protection Act of 2025,['bill'],[],119,United States,lower
ocd-bill/b06e6c30-2ace-48d9-8f3b-782ec88519d7,HR 2326,Dietary Guidelines Reform Act of 2025,['bill'],[],119,United States,lower
ocd-bill/8e295dd3-a229-407f-942d-1acc0152a5a2,HR 2348,Brake for Kids Act of 2025,['bill'],[],119,United States,lower
ocd-bill/25ce4445-914b-41c2-83e3-32e046aca181,HR 2314,FAIR Act,['bill'],[],119,United States,lower
ocd-bill/05cf0110-8a81-4a5b-b441-5e6fee07cb95,HR 2321,United States Leadership in Immersive Technology Act of 2025,['bill'],[],119,United States,lower
ocd-bill/40784152-60f5-4af0-925a-760e5cb71e9c,HR 2334,To amend the Servicemembers Civil Relief Act to preempt any squatter's rights established by State law regarding real property owned by a member of the uniformed services.,['bill'],[],119,United States,lower
ocd-bill/8f746665-1622-4ecf-aa2f-f88cca434a80,HR 2327,Air National Guard Squadron Preservation Act of 2025,['bill'],[],119,United States,lower
ocd-bill/2618813e-4b5e-4b9c-a59a-90f0b7fa4505,HJRES 79,"Providing for congressional disapproval under chapter 8 of title 5, United States Code, of the rule submitted by the Environmental Protection Agency relating to ""Review of Final Rule Reclassification of Major Sources as Area Sources Under Section 112 of the Clean Air Act"".",['resolution'],[],119,United States,lower
ocd-bill/87332d4c-6c3f-45ba-926f-aee03752aeaa,HR 2345,Ocmulgee Mounds National Park and Preserve Establishment Act,['bill'],[],119,United States,lower
ocd-bill/6cd7f27c-c822-4f98-9590-1fc319c1e9f1,S 809,Saving Privacy Act,['bill'],[],119,United States,upper
ocd-bill/b97964e0-51e2-4422-9f0a-89656c84b073,HR 2323,Big Bend National Park Boundary Adjustment Act,['bill'],[],119,United States,lower
ocd-bill/eef51c02-ab18-4f08-a13d-9b69ecea21c6,HR 2332,SHARE Act of 2025,['bill'],[],119,United States,lower
ocd-bill/8b4be2ca-920a-4a11-ad29-86a1d506d2b2,HR 2336,Doris Miller Congressional Gold Medal Act,['bill'],[],119,United States,lower
ocd-bill/19aa0363-a99c-461e-aaca-5cbfdd8ec4c2,HR 2330,Virginia Beach Heroes Act,['bill'],[],119,United States,lower
ocd-bill/3b5c2b25-087c-447e-a18d-2f722d413cc8,HR 2324,Unity through Service Act of 2025,['bill'],[],119,United States,lower
ocd-bill/e1497019-e490-47f1-95b2-7cbd4cdb9f8e,HR 2318,Electronic Permitting Modernization Act,['bill'],[],119,United States,lower
ocd-bill/7ce59e4f-229c-412b-8f0f-885425c6a7ab,HR 2342,State-Managed Disaster Relief Act,['bill'],[],119,United States,lower
ocd-bill/88c64973-d416-4b8c-a597-89fb2e0d4479,HR 2337,PARENT Act of 2025,['bill'],[],119,United States,lower
ocd-bill/3d2eb592-2d9b-47d5-94a3-e60499cf4c9f,HR 2325,CEMAC Act,['bill'],[],119,United States,lower
ocd-bill/1c0d9f97-5c1f-4005-8031-6e4411990df1,HR 2329,Uzbekistan Normalized Trade Act,['bill'],[],119,United States,lower
ocd-bill/2ff8ecff-8c82-4621-995e-65744736d148,HR 17,Paycheck Fairness Act,['bill'],[],119,United States,lower
ocd-bill/abd1584f-4898-42a0-acd3-e3d38e04091c,HR 2322,FRIDGE Act of 2025,['bill'],[],119,United States,lower
ocd-bill/0f14158f-7435-4f67-b726-3d302ef123aa,HR 2335,To authorize the President to award the Medal of Honor to Doris Miller posthumously for acts of valor while a member of the Navy during World War II.,['bill'],[],119,United States,lower
ocd-bill/741812f0-2849-491c-b259-dc842697ffb0,HR 2344,Water ISAC Threat Protection Act,['bill'],[],119,United States,lower
ocd-bill/45d6d177-67f9-461e-817f-121c160d0d13,HR 2320,Mobility Means Freedom Tax Credit Act,['bill'],[],119,United States,lower
ocd-bill/54654bac-fda6-47bf-bdc3-610c3e9a4348,HR 2349,Uyghur Human Rights Protection Act,['bill'],[],119,United States,lower
ocd-bill/a6aebe3f-37d6-4e58-b6b8-8f2bd34ef019,HR 36,MEGOBARI Act,['bill'],[],119,United States,lower
ocd-bill/fb28dcca-c524-4de1-969b-948da9223485,HR 236,Federal Employee Return to Work Act,['bill'],[],119,United States,lower
ocd-bill/977cb2d0-98f0-4c6a-8d4d-567571ed0abe,HR 326,Border Wall Waste Accountability Act,['bill'],[],119,United States,lower
ocd-bill/626c62ec-5a2b-4226-88fe-e7c53cc0321e,HR 411,Keweenaw Bay Indian Community Land Claim Settlement Act of 2025,['bill'],[],119,United States,lower
ocd-bill/1e2406f1-d4f3-4fcd-a1e2-f9decd21af18,HR 466,Nuclear Waste Informed Consent Act,['bill'],[],119,United States,lower
ocd-bill/e504cd96-3d98-4d8a-b1ed-03740766d164,HR 435,Direct Hire To Fight Fires,['bill'],[],119,United States,lower
ocd-bill/9201248e-f038-4cd3-8fdc-124c04fea3bf,HR 421,Small Business Regulatory Flexibility Improvements Act,['bill'],[],119,United States,lower
ocd-bill/dd25aae0-6ef1-423c-a82a-31bdd5dd194f,HRES 24,"Expunging the December 18, 2019, impeachment of President Donald John Trump.",['resolution'],[],119,United States,lower
ocd-bill/99d82adb-9302-4b54-a0ce-e35fb29f5fff,HR 437,SNOW Act of 2025,['bill'],[],119,United States,lower
ocd-bill/3c14432e-4a27-4cef-97c5-9c6a632ce9ab,HR 442,Quality Loss Adjustment Improvement for Farmers Act,['bill'],[],119,United States,lower
ocd-bill/da5f0566-2424-4513-8586-3e9e50a1cdd1,HR 446,Endowment Tax Fairness Act,['bill'],[],119,United States,lower
ocd-bill/3b0857f8-bfe5-4d61-8c4a-4c6136032973,HR 441,Drought Assistance Improvement Act,['bill'],[],119,United States,lower
ocd-bill/d5b54298-1139-40ea-9f53-506bcb861393,HR 412,To authorize the Bay Mills Indian Community of the State of Michigan to convey land and interests in land owned by the Tribe.,['bill'],[],119,United States,lower
ocd-bill/ba6d13fe-fc49-4405-b2c4-2ff0f75a0349,HR 462,No Support for Terror Act,['bill'],[],119,United States,lower
ocd-bill/88f559bd-b4b1-4896-b698-51e6884b3238,HJRES 19,To acknowledge the courage and sacrifice of veterans of the Vietnam war and formally apologize for the treatment they received upon returning home.,['resolution'],[],119,United States,lower
ocd-bill/5b2c8b15-8659-441f-87d9-fd9c36f4468b,HR 414,Student Visa Security Improvement Act,['bill'],[],119,United States,lower
ocd-bill/c32c7b14-9dd4-403d-9ffb-b759e3031b72,HR 424,State Border Security Reimbursement Act of 2025,['bill'],[],119,United States,lower
ocd-bill/f8555585-6a09-4112-9e28-e5b4bdf071b6,HRES 44,Electing Members to certain standing committees of the House of Representatives.,['resolution'],[],119,United States,lower
ocd-bill/739df0fa-ef26-439e-8a8c-f99472582457,HR 456,Protecting Dogs Subjected to Experiments Act,['bill'],[],119,United States,lower
ocd-bill/a3bcd2d7-4de1-4ea5-aa65-12c73d1bcd9d,HR 417,End U.N. Censorship Act,['bill'],[],119,United States,lower
ocd-bill/9d7e76ea-800a-446a-97a3-ac9ab48fd21b,HR 461,Eliminate DEI in the Military Act,['bill'],[],119,United States,lower
ocd-bill/ccd1c33b-b9b2-4469-80a7-a79f5e72b225,HR 419,Protecting America From Spies Act,['bill'],[],119,United States,lower
ocd-bill/d2908cf5-e5a1-40b9-9f96-2f6e103cf9fb,HR 465,Old Glory Only Act,['bill'],[],119,United States,lower
ocd-bill/d1f4a01b-691c-4f18-899c-f10cdb136bb5,HR 460,CCP Visa Disclosure Act of 2025,['bill'],[],119,United States,lower
ocd-bill/e44db2ec-3328-439f-aea7-7c49a5feedd1,HR 428,Bonuses for Cost-Cutters Act of 2025,['bill'],[],119,United States,lower
ocd-bill/80a78f79-65ab-434d-9e1d-837f739600f0,HR 415,Stop Act,['bill'],[],119,United States,lower
ocd-bill/35937add-a0c1-4e50-8a8c-3a9cd65535aa,HR 455,Protecting Higher Education from Foreign Threats Act,['bill'],[],119,United States,lower
ocd-bill/59e136a4-f1e8-46e6-a84e-05e00f83c894,HR 447,Reliability for Ratepayers Act,['bill'],[],119,United States,lower
ocd-bill/95a8f5bd-ca53-4406-b299-27f008cbc42b,HR 445,Border Security Investment Act,['bill'],[],119,United States,lower
ocd-bill/45442d48-ab92-493a-b8fa-073c04c8d25c,HR 454,Safe Bases Act of 2025,['bill'],[],119,United States,lower
ocd-bill/4d3dc129-25ba-476d-86ca-55aa7c343108,HR 453,Religious Insignia on Dog Tags Act,['bill'],[],119,United States,lower
ocd-bill/f8e183cf-7fa1-4e8e-a723-d6ddb2dbeaaf,HR 443,Parris Island Protection Act,['bill'],[],119,United States,lower
ocd-bill/5cb22f6c-64ac-4618-9f5c-4f1b2fd0832f,HR 410,Alaska Native Vietnam Era Veterans Land Allotment Extension Act of 2025,['bill'],[],119,United States,lower
ocd-bill/fdf5b58d-aa32-40d4-9a02-607b6dd03c88,HR 423,Private Student Loan Bankruptcy Fairness Act of 2025,['bill'],[],119,United States,lower
ocd-bill/05c49ce3-d296-4f0d-8f1e-82238e7d5e61,HR 427,Interstate Commerce Simplification Act of 2025,['bill'],[],119,United States,lower
ocd-bill/800499f4-6275-4bb5-8808-e492f8685a23,HR 468,Mel’s Law,['bill'],[],119,United States,lower
ocd-bill/0dd7e8aa-46ff-4d75-9bc3-8c28cf79d893,HR 426,Housing Survivors of Major Disasters Act,['bill'],[],119,United States,lower
ocd-bill/9179fbc3-06f7-4cdc-9931-f53bfd2cbc62,HR 434,CBP Workload Staffing Model Act,['bill'],[],119,United States,lower
ocd-bill/38eb01cd-781b-4bad-b274-7ad5da12e999,HR 457,Passport Notification Act of 2025,['bill'],[],119,United States,lower
ocd-bill/1c374933-18f6-4c84-89ab-1fe2bca7b990,HR 432,Seventh Amendment Restoration Act,['bill'],[],119,United States,lower
ocd-bill/2e92d45d-fd1d-4f07-a933-c2eccf47fa4f,HR 409,Supporting Transit Commutes Act,['bill'],[],119,United States,lower
ocd-bill/59a4f962-e275-4230-8e87-72c4976a1e62,HR 172,Defund Heroin Injection Centers Act of 2025,['bill'],[],119,United States,lower
ocd-bill/9f8eb6d5-03c9-47d3-96fe-8076c9e81e5f,HR 464,Skills Investment Act of 2025,['bill'],[],119,United States,lower
ocd-bill/addef59b-4fa8-4a85-9be7-3e7774c6d3a6,HR 458,Protecting our Land Act,['bill'],[],119,United States,lower
ocd-bill/54ef7237-ac31-47bc-985d-8caffea84b9a,HR 467,Foreign Medical Program Modernization Act of 2025,['bill'],[],119,United States,lower
ocd-bill/b5735180-3dbd-4fe2-94ce-5adc5c08118d,HR 459,STAND Act,['bill'],[],119,United States,lower
ocd-bill/90829cab-b1ba-4a82-9350-b3227ea0dd70,HR 436,"To prohibit the use of Federal funds to support or facilitate the participation of the Russian Federation in the Group of Seven, and for other purposes.",['bill'],[],119,United States,lower
ocd-bill/6e82e4a9-9a12-4182-8839-191ea47c49e2,HR 448,Silver Cliff Community Act,['bill'],[],119,United States,lower
ocd-bill/95379bc8-2d4a-4e84-b39e-60d9adbc4c41,HR 408,To nullify the Presidential memoranda on the withdrawal of certain areas of the outer Continental Shelf from oil or natural gas leasing.,['bill'],[],119,United States,lower
ocd-bill/fd438974-8308-4aae-bdfd-c750180db2ab,HR 440,READY Accounts Act,['bill'],[],119,United States,lower
ocd-bill/2c898fd9-7af6-4384-8e08-559a196e4a56,HR 418,Ensuring Accountability in Agency Rulemaking Act,['bill'],[],119,United States,lower
ocd-bill/cef4c58a-35c7-48bf-966f-39c87566ccb2,HR 420,Federal Grant Accountability Act,['bill'],[],119,United States,lower
ocd-bill/4a919992-61d9-4c8c-aa44-38e76deb3f9f,HR 449,"To amend the Immigration and Nationality Act to waive certain naturalization requirements for United States nationals, and for other purposes.",['bill'],[],119,United States,lower
ocd-bill/c531aaf8-e31f-4124-9376-e3a188771914,HR 430,SALT Deductibility Act,['bill'],[],119,United States,lower
ocd-bill/4b46ada3-daaf-45ad-b98e-701e9696a4ab,HR 406,PROTECT Jewish Student and Faculty Act,['bill'],[],119,United States,lower
ocd-bill/44b1ef94-d0a7-4c3d-bf20-4f60ebe15c79,HR 413,CHILD Act of 2025,['bill'],[],119,United States,lower
ocd-bill/7f2aac9e-acec-4a63-98e0-33872d2d49d7,HR 422,No Subsidies for Wealthy Universities Act,['bill'],[],119,United States,lower
ocd-bill/4c485a4a-c9ec-44c4-bedf-447d7e036df5,HR 444,Native American Health Savings Improvement Act,['bill'],[],119,United States,lower
ocd-bill/e5d5afd0-de79-426f-9931-82baf198b101,HR 463,Lower Your Taxes Act,['bill'],[],119,United States,lower
ocd-bill/13cf1f71-1a4b-42b9-905a-24bb6297758c,HRES 45,"Honoring Alpha Kappa Alpha Sorority, Inc.®, on reaching the historic milestone of 117 years of serving communities.",['resolution'],[],119,United States,lower
ocd-bill/03ba5a04-b0fa-4994-b9c6-c322f0784c46,HRES 47,Concerning the National Collegiate Athletic Association policy for eligibility in women's sports.,['resolution'],[],119,United States,lower
ocd-bill/52e1575c-dfbd-4f03-aabf-636d07a9d955,S 195,American Music Tourism Act of 2025,['bill'],[],119,United States,upper
ocd-bill/d84ce625-6bd3-4243-9a4c-ad320770ed4b,S 124,Restore VA Accountability Act of 2025,['bill'],[],119,United States,upper
ocd-bill/fd36d9b1-5815-42ba-a66e-821a71e506db,S 113,Promoting New Bank Formation Act of 2025,['bill'],[],119,United States,upper
ocd-bill/820c752b-51d7-4af5-bc68-85efc8bf0ad3,S 106,Chiropractic Medicare Coverage Modernization Act of 2025,['bill'],[],119,United States,upper
ocd-bill/e69de7f4-2896-48c4-8326-41a6821a25f6,S 118,Inaugural Committee Transparency Act of 2025,['bill'],[],119,United States,upper
ocd-bill/7738ea96-1930-4186-aaed-cc9f546a0533,S 135,Wildland Firefighter Paycheck Protection Act of 2025,['bill'],[],119,United States,upper
ocd-bill/7bb3c7f3-9d09-49ed-b65e-5454ea464a6d,S 114,CLEAR Act of 2025,['bill'],[],119,United States,upper
ocd-bill/f973997d-0aa2-444f-b472-d43b5fff4704,S 146,TAKE IT DOWN Act,['bill'],[],119,United States,upper
ocd-bill/f5db105f-f53e-4ff4-b845-134678d79c63,S 140,Wildfire Prevention Act of 2025,['bill'],[],119,United States,upper
ocd-bill/f4ca4f5b-077b-4fa7-aa72-73de0460c8f3,S 107,Lumbee Fairness Act,['bill'],[],119,United States,upper
ocd-bill/ff2f227d-d9f7-4934-a9ce-2b7ccf041ed4,S 109,Offshore Energy Security Act of 2025,['bill'],[],119,United States,upper
ocd-bill/a5af8da9-2e4b-4e6c-bdf0-f8dd8139e8a9,SCONRES 5,"A concurrent resolution expressing the sense of Congress that the proposed ""joint interpretation"" of Annex 14-C of the United States-Mexico-Canada Agreement prepared by United States Trade Representative Katherine Tai is of no legal effect with respect to the United States or any United States person unless it is approved by Congress.",['resolution'],[],119,United States,upper
ocd-bill/c2618ee1-b221-4b9b-884e-e402653683a1,HRES 43,Providing for the attendance of the House at the Inaugural Ceremonies of the President and Vice President of the United States.,['resolution'],[],119,United States,lower
ocd-bill/6bb5ce01-8e7d-4c0d-bea1-2505b5dca6e1,HRES 46,"Amending the Rules of the House of Representatives to exclude employees of the offices of Members who serve on certain committees of the House from the allotment of the number of employees of the office who may hold security clearances processed by the Office of House Security if such employees are members of the armed forces who hold a security clearance issued by the Department of Defense, and for other purposes.",['resolution'],[],119,United States,lower
ocd-bill/2f1cb5f7-79e9-4af0-bf55-21fc9ec2c978,S 101,Nuclear Waste Informed Consent Act,['bill'],[],119,United States,upper
ocd-bill/7c3ba469-44a6-4319-8764-c57758fb8a92,S 105,Wounded Knee Massacre Memorial and Sacred Site Act,['bill'],[],119,United States,upper
ocd-bill/037afc78-8f04-42f5-ae1f-3b07049c893f,SRES 27,A resolution congratulating the North Dakota State University Bison football team for winning the 2024 National Collegiate Athletic Association Division I Football Championship Subdivision title.,['resolution'],[],119,United States,upper
ocd-bill/c879dd66-eb41-4aa3-b6a6-f289475466c9,S 97,Securing Semiconductor Supply Chains Act,['bill'],[],119,United States,upper
ocd-bill/31604506-7a82-41ea-93c5-318e4c8ebefe,S 95,Parris Island Protection Act,['bill'],[],119,United States,upper
ocd-bill/5167137c-96fa-46a1-b1cc-920b8d68d895,S 104,Overturn Biden’s Offshore Energy Ban Act,['bill'],[],119,United States,upper
ocd-bill/618589a9-7692-48bb-abc4-0b44740db1c2,S 100,Repealing Big Brother Overreach Act,['bill'],[],119,United States,upper
ocd-bill/0c0af215-9cc7-4120-bc3b-fd4c5506f7b4,S 96,FAIR PREP Act of 2025,['bill'],[],119,United States,upper
ocd-bill/392cec22-db14-40e8-a3a8-b074f99c7269,S 98,Rural Broadband Protection Act of 2025,['bill'],[],119,United States,upper
ocd-bill/86daa8ab-9def-4a9f-9c8d-24b7111d19af,S 102,ROOMIE Act,['bill'],[],119,United States,upper
ocd-bill/774a0674-0d22-4edf-87b8-08bc1ea86ffa,S 143,Natural Gas Tax Repeal Act,['bill'],[],119,United States,upper
ocd-bill/a62200b9-cb09-41f7-947f-1dee7e04ce2d,S 144,Farm to Fly Act of 2025,['bill'],[],119,United States,upper
ocd-bill/f70123e5-7ace-48f3-9e3e-409bd5f9dc42,S 115,GATE CRASHERS Act,['bill'],[],119,United States,upper
ocd-bill/343f5b55-6db5-45b1-900e-b7bfa7ba2940,S 123,Handgun Permit to Purchase Act,['bill'],[],119,United States,upper
ocd-bill/8bf9c0ed-8512-42c4-9bd9-f6ed21a35034,S 122,Qualified Immunity Act of 2025,['bill'],[],119,United States,upper
ocd-bill/3b5fb5af-6324-415e-bcd7-99fda6fa7fdd,S 130,Competition and Antitrust Law Enforcement Reform Act of 2025,['bill'],[],119,United States,upper
ocd-bill/05b2fa63-65ba-491c-b230-f13ee98f4b53,S 126,FAIR Act,['bill'],[],119,United States,upper
ocd-bill/f63fcfd6-14db-4bfa-a20c-765c8c3074a3,S 112,Make the Migrant Protection Protocols Mandatory Act of 2025,['bill'],[],119,United States,upper
ocd-bill/e234ad4a-8a74-450c-b2ed-e3474454b95c,HJRES 80,Establishing the ratification of the Equal Rights Amendment.,['resolution'],[],119,United States,lower
ocd-bill/bc68284d-603c-4790-b379-88229145d448,HR 1651,"To nullify the final rule issued by the Environmental Protection Agency relating to ""New Source Performance Standards for Greenhouse Gas Emissions From New, Modified, and Reconstructed Fossil Fuel-Fired Electric Generating Units; Emission Guidelines for Greenhouse Gas Emissions From Existing Fossil Fuel-Fired Electric Generating Units; and Repeal of the Affordable Clean Energy Rule"".",['bill'],[],119,United States,lower
ocd-bill/4ea71c22-4bed-4bba-aa47-6748094a6ead,HRES 285,Condemning the wave of domestic terrorism attacks targeting Tesla cars and dealerships.,['resolution'],[],119,United States,lower
ocd-bill/19e9c11c-654f-4f79-80fa-f5cdb05a6d1f,HR 749,Stop Illegal Reentry Act,['bill'],[],119,United States,lower
ocd-bill/b9b8617c-e5ea-47c2-bf6b-904f79cec548,S 1233,Keep STEM Talent Act of 2025,['bill'],[],119,United States,upper
ocd-bill/a3e648e0-272a-41aa-87a7-864d38e01d7f,S 1240,"A bill to repeal an executive order relating to Federal elections, and for other purposes.",['bill'],[],119,United States,upper
ocd-bill/f9c14564-0076-4159-b713-c3ca4f63abba,S 1237,New Producer Economic Security Act,['bill'],[],119,United States,upper
ocd-bill/28ce7736-3b12-4e46-8bca-62392e532207,S 1225,Freedom of Association in Higher Education Act of 2025,['bill'],[],119,United States,upper
ocd-bill/e78a012f-65fa-4ce1-9143-a04c7dce87f8,HRES 283,Electing a Member to a certain standing committee of the House of Representatives.,['resolution'],[],119,United States,lower
ocd-bill/99d03a0b-fbd9-4281-94b6-d0cc541d802a,HRES 50,"Recognizing that article I, section 10 of the United States Constitution explicitly reserves to the States the sovereign power to repel an invasion and defend their citizenry from the overwhelming and ""imminent danger"" posed by paramilitary, narco-terrorist cartels, terrorists and criminal actors who seized control of our southern border.",['resolution'],[],119,United States,lower
ocd-bill/d0bf0cdf-fedb-43d1-b523-7b72afde4f2e,HRES 51,"Honoring Zeta Phi Beta Sorority, Inc., on reaching the historic milestone of 105 years of scholarship, service, sisterhood, and finer womanhood.",['resolution'],[],119,United States,lower
ocd-bill/4608c1c2-f59a-4b71-b6d0-92e305d67b07,HRES 16,Recognizing Russian actions in Ukraine as a genocide.,['resolution'],[],119,United States,lower
ocd-bill/aa8a949b-2f3f-4ff4-bcd1-2ad92d28d5e9,HRES 48,"Honoring Reverend Dr. Martin Luther King, Jr., by celebrating diversity, promoting tolerance, and condemning hate.",['resolution'],[],119,United States,lower
ocd-bill/1302fd66-b501-4c3b-945c-77758d371318,HRES 49,"Prohibiting Members of the House of Representatives from bringing or displaying a flag of a foreign nation on the floor of the House, and for other purposes.",['resolution'],[],119,United States,lower
ocd-bill/833b977b-e871-498d-a691-7481e8354ae4,HR 2585,Armenian Genocide Education Act,['bill'],[],119,United States,lower
ocd-bill/eb2ffd73-9b5d-4ce3-a15c-b3885f81cb9c,HR 2531,Workplace Violence Prevention for Health Care and Social Service Workers Act,['bill'],[],119,United States,lower
ocd-bill/d4971928-fe44-4900-92ee-0b713f748133,HR 2563,Aviation Education Remaining Operational Act,['bill'],[],119,United States,lower
ocd-bill/e6e0d89c-c334-4188-b1b5-6d0d46f0b8b1,HR 2559,Taiwan Allies Fund Act,['bill'],[],119,United States,lower
ocd-bill/5c40924f-78cd-4037-9527-a43beb73a2d5,HR 2567,To amend the Internal Revenue Code of 1986 to provide special rules for purposes of determining if financial guaranty insurance companies are qualifying insurance corporations under the passive foreign investment company rules.,['bill'],[],119,United States,lower
ocd-bill/e41771a3-831b-4239-aa58-130292a9d03a,HR 493,FAIR Act,['bill'],[],119,United States,lower
ocd-bill/6b344f87-4539-40d2-8801-d4c3e502ade6,HR 2558,SAFETY Act of 2025,['bill'],[],119,United States,lower
ocd-bill/a8b0b5d6-afe2-424d-aa1a-767dccbf21b6,HR 2543,Tax-Free Pell Grant Act,['bill'],[],119,United States,lower
ocd-bill/d200a134-96b1-46bb-a353-54d087c53115,HR 2548,Sanctioning Russia Act of 2025,['bill'],[],119,United States,lower
ocd-bill/616ed294-2a1a-40d6-8670-9cade6e189ba,HRES 30,"Honoring the life, achievements, legacy, and public service of former President James Earl ""Jimmy"" Carter, Jr.",['resolution'],[],119,United States,lower
ocd-bill/7c51eac2-a212-4cb9-84b9-aeedd4155829,HR 2583,To establish the Office of the Special Inspector General for Unlawful Discrimination in Higher Education within the Department of Education.,['bill'],[],119,United States,lower
ocd-bill/4d64c0b8-8dd9-44b1-9b90-681b8616acfc,HR 2573,LIZARD Act of 2025,['bill'],[],119,United States,lower
ocd-bill/7e32f651-9920-4065-a79a-a397c6a36eb4,HR 2566,End Taxpayer Subsidies for Electric Vehicles Act,['bill'],[],119,United States,lower
ocd-bill/f763b99d-c2d7-43ef-9a90-e66949026de9,HR 2534,Paying a Fair Share Act of 2025,['bill'],[],119,United States,lower
ocd-bill/da2caf0b-33cd-45b6-b3e4-f52592eed2c3,HR 582,Community Protection and Wildfire Resilience Act,['bill'],[],119,United States,lower
ocd-bill/5c428e99-4b19-4ba3-8cf9-9fe2d68be703,HR 586,Vietnam Veterans Liver Fluke Cancer Study Act,['bill'],[],119,United States,lower
ocd-bill/dd7a1f5b-6576-4cd2-8840-5e4605e617e5,HR 578,Sarah’s Law,['bill'],[],119,United States,lower
ocd-bill/a86c252c-aa41-4fc6-88fe-de27ea2097bf,HR 405,Keep Every Extra Penny Act of 2025,['bill'],[],119,United States,lower
ocd-bill/62b25b6f-edf7-4d0b-9dae-d2719aafd763,SJRES 15,"A joint resolution disapproving the rule submitted by the Financial Crimes Enforcement Network relating to ""Anti-Money Laundering Regulations for Residential Real Estate Transfers"".",['resolution'],[],119,United States,upper
ocd-bill/f08c9408-2888-4c94-98d3-720abe9fdef4,S 47,Defense of Conscience in Health Care Act,['bill'],[],119,United States,upper
ocd-bill/2fe23465-62c4-4d9a-9383-2a4f20528b14,S 38,Preserving Safe Communities by Ending Swatting Act of 2025,['bill'],[],119,United States,upper
ocd-bill/446fb4a9-e9e6-4c01-a790-b5f88959f9c2,S 31,"A bill to designate the mountain at the Devils Tower National Monument, Wyoming, as Devils Tower, and for other purposes.",['bill'],[],119,United States,upper
ocd-bill/395e9f10-e058-42ed-8157-09e14096942f,SJRES 17,"A joint resolution providing for congressional disapproval under chapter 8 of title 5, United States Code, of the rule submitted by the Forest Service of the Department of Agriculture relating to ""Law Enforcement; Criminal Prohibitions"".",['resolution'],[],119,United States,upper
ocd-bill/a80f6c5f-e757-4509-b73e-7f6f038d930a,HR 581,Child Care Workforce and Facilities Act of 2025,['bill'],[],119,United States,lower
ocd-bill/258bfc9a-b0e0-45f3-ad35-ac05353fbe26,HR 596,Report on Grant Consolidation Authority for Puerto Rico Act,['bill'],[],119,United States,lower
ocd-bill/49366cf0-d645-4a8a-8019-efa1592a57b5,HR 1005,Combating the Lies of Authoritarians in School Systems Act,['bill'],[],119,United States,lower
ocd-bill/a9da213f-3000-4fb0-9bff-e7d9bcbed977,HR 318,Border Safety and Security Act of 2025,['bill'],[],119,United States,lower
ocd-bill/37abf0c5-a5a4-4403-8110-57b9c51320f2,HR 322,Import Security and Fairness Act,['bill'],[],119,United States,lower
ocd-bill/1490ebf2-d78c-45f5-b5e5-074e660a3618,HR 682,Heartbeat Protection Act of 2025,['bill'],[],119,United States,lower
ocd-bill/98e373a0-4482-46c8-8153-dd02f05ac64b,HR 515,Ensuring Military Readiness Not Discrimination Act,['bill'],[],119,United States,lower
ocd-bill/14d9026e-763e-4ca5-a575-d825ec2f9e0f,HR 976,1071 Repeal to Protect Small Business Lending Act,['bill'],[],119,United States,lower
ocd-bill/e54c0e36-7a85-4984-8055-141cce9bd836,HR 957,Parity Enforcement Act of 2025,['bill'],[],119,United States,lower
ocd-bill/9fdd1c76-72bb-4acb-afd1-63b0e834452f,HR 2569,Train Noise and Vibrations Reduction Act of 2025,['bill'],[],119,United States,lower
ocd-bill/68d315e9-c7ab-4b6a-acdd-9596fb3cb0d6,HR 1003,Enhancing Energy Recovery Act,['bill'],[],119,United States,lower
ocd-bill/b9c8d438-9f1b-4ddb-8564-8e131dfecf03,HR 1047,GRID Power Act,['bill'],[],119,United States,lower
ocd-bill/5c9f3e06-a401-461b-ad85-5f3dbe833fb9,HR 992,PATROL Act,['bill'],[],119,United States,lower
ocd-bill/d21ad54c-6be8-4019-94dc-da523084479f,HR 1134,Embassy Construction Integrity Act of 2025,['bill'],[],119,United States,lower
ocd-bill/e3201907-053b-461c-be4d-f2e4379bf0e8,HJRES 38,"Providing for congressional disapproval under chapter 8 of title 5, United States Code, of the rule submitted by the Environmental Protection Agency relating to ""Phasedown of Hydrofluorocarbons: Management of Certain Hydrofluorocarbons and Substitutes Under the American Innovation and Manufacturing Act of 2020"".",['resolution'],[],119,United States,lower
ocd-bill/fff0bfc1-f2e3-45ee-8356-e204b6e236ac,HR 1113,Race Horse Cost Recovery Act of 2025,['bill'],[],119,United States,lower
ocd-bill/21b7b7f2-c17f-499e-b145-5d6ae8fb3c76,HR 1109,Litigation Transparency Act of 2025,['bill'],[],119,United States,lower
ocd-bill/13b172ca-e64b-4233-bf14-47060c7be448,HR 1136,Make Gaza Great Again Act,['bill'],[],119,United States,lower
ocd-bill/35b9a4ce-4112-4ad0-a12a-53a9ba699a55,HR 1135,Polluters Pay Climate Fund Act of 2025,['bill'],[],119,United States,lower
ocd-bill/052e07b2-ff69-4b5c-9916-3594c2e38f7d,HR 1120,Abolish the Fogarty International Center Act of 2025,['bill'],[],119,United States,lower
ocd-bill/2b957100-482e-4549-ac0f-1906b390142f,HR 1140,Direct Medical Care Freedom Act of 2025,['bill'],[],119,United States,lower
ocd-bill/49ee3d7a-e569-4c82-abb1-7b2497fec59d,HR 30,Preventing Violence Against Women by Illegal Aliens Act,['bill'],[],119,United States,lower
ocd-bill/7c7575c1-6e13-4967-ae3b-8c6f6ac8f3c0,HR 207,SHARKED Act of 2025,['bill'],[],119,United States,lower
ocd-bill/1a09b5e3-6434-4695-ab2e-0a41ed73ba82,HR 165,Wounded Knee Massacre Memorial and Sacred Site Act,['bill'],[],119,United States,lower
ocd-bill/b4f088e1-bd88-4fdb-ac5b-8c39250c514a,HR 1110,Grazing for Wildfire Risk Reduction Act,['bill'],[],119,United States,lower
ocd-bill/797119dc-720f-4d8d-b11a-5c70b54ce82a,HR 1138,Payment Choice Act of 2025,['bill'],[],119,United States,lower
ocd-bill/2c089ed7-8815-4d47-b432-e93c7c9eb1df,HRES 5,"Adopting the Rules of the House of Representatives for the One Hundred Nineteenth Congress, and for other purposes.",['resolution'],[],119,United States,lower
ocd-bill/3f709177-a5ed-4fb9-8eb5-30bc84e9a5bf,HR 1119,Unemployment Integrity Act of 2025,['bill'],[],119,United States,lower
ocd-bill/dbaae363-8bb9-4902-9798-11693f8a3a84,HR 556,Protecting Access for Hunters and Anglers Act of 2025,['bill'],[],119,United States,lower
ocd-bill/eefd3d18-bb4a-4b5b-92cb-343c87df0606,HR 521,Ending Presidential Overreach on Public Lands Act,['bill'],[],119,United States,lower
ocd-bill/8d5cef44-8568-4499-87e8-5cea4d6babeb,HR 587,To remove the lesser prairie-chicken from the lists of threatened species and endangered species published pursuant to the Endangered Species Act of 1973 and to amend that Act to exclude the lesser prairie-chicken from the authority of that Act.,['bill'],[],119,United States,lower
ocd-bill/ea144100-f108-4584-a4c0-f4bbaaa09238,HR 524,NO GOTION Act,['bill'],[],119,United States,lower
ocd-bill/c7e6e284-103c-48ed-9d3c-8a51070211c6,HR 597,PURR Act of 2025,['bill'],[],119,United States,lower
ocd-bill/f178294d-0d89-4934-a0d0-3a97a9cdeae2,HR 2546,Secretary of the Coast Guard Act of 2025,['bill'],[],119,United States,lower
ocd-bill/a2b93ba9-3649-492b-a715-46a193b8a224,HR 573,Studying NEPA’s Impact on Projects Act,['bill'],[],119,United States,lower
ocd-bill/53ce429e-e06d-4d69-a79e-69476b78d02e,HR 580,Unfunded Mandates Accountability and Transparency Act of 2025,['bill'],[],119,United States,lower
ocd-bill/d53961d0-952d-48ce-839f-312ef9e01cd7,HR 593,Strengthening Pathways to Health Professions Act,['bill'],[],119,United States,lower
ocd-bill/397df8f9-f1bc-4c70-ab93-33b74470b0de,HR 584,No Medicaid for Illegal Immigrants Act of 2025,['bill'],[],119,United States,lower
ocd-bill/4afa7788-26bc-4ad9-8553-dec21d26276a,HRES 52,Recognizing and honoring the work of community organizations and individuals who create and maintain services and educational programs for marginalized groups ensuring the resilience and prosperity of members of the LGBTQIA+ community.,['resolution'],[],119,United States,lower
ocd-bill/af435827-541b-4c03-82cc-4f0074c4f436,HR 1146,No More Funding for NPR Act of 2025,['bill'],[],119,United States,lower
ocd-bill/147e31e9-1868-4294-941c-16a1054aaeff,HR 1137,No Kill Switches in Cars Act,['bill'],[],119,United States,lower
ocd-bill/23433e06-1704-4b0f-babf-a1db77cd5759,HR 1116,REAL Meat Act of 2025,['bill'],[],119,United States,lower
ocd-bill/9895ac8b-f99d-4ae1-be60-cc9d6fdcf417,HR 1114,L’Ouverture Economic Development Plan for Haiti Act of 2025,['bill'],[],119,United States,lower
ocd-bill/e235f3c5-77dc-4c74-9d05-f26d1e82f0c4,HR 1118,Value Over Cost Act of 2025,['bill'],[],119,United States,lower
ocd-bill/d509271b-75c0-420b-bcd6-9fc063ef781f,HR 1111,Department of Peacebuilding Act of 2025,['bill'],[],119,United States,lower
ocd-bill/219699fc-e93b-4f0d-ab3a-a995c6e0b3d8,HR 1125,LOCAL Act,['bill'],[],119,United States,lower
ocd-bill/0ba05abf-8a71-4b73-a214-08d2b2afc115,HR 1149,POWER Act,['bill'],[],119,United States,lower
ocd-bill/f79b5d8e-c0f2-4a21-a825-21247443199d,HR 1115,Weather Radar Coverage Improvement Act,['bill'],[],119,United States,lower
ocd-bill/eb719f7b-3b6d-4ef5-97f3-20a0b28c75ee,HR 1122,China Technology Transfer Control Act of 2025,['bill'],[],119,United States,lower
ocd-bill/596829c3-7c38-420a-955e-375669a584fd,HR 1142,"To amend the Public Health Service Act to direct the Secretary of Health and Human Services to establish drug adherence guidelines, and for other purposes.",['bill'],[],119,United States,lower
ocd-bill/21fae752-fef1-41df-b5d7-db0008381f99,HR 1127,Rural America Health Corps Act,['bill'],[],119,United States,lower
ocd-bill/2edc85e7-d623-43a1-a40f-39e4de8b649b,HR 1141,"Gambling Addiction Recovery, Investment, and Treatment Act",['bill'],[],119,United States,lower
ocd-bill/8379b355-f9b6-401a-908c-094af2cdae01,HR 1128,Endowment Accountability Act,['bill'],[],119,United States,lower
ocd-bill/22453c3a-5a26-4072-b606-43a553cd9aa4,HR 1124,Help Our Kelp Act of 2025,['bill'],[],119,United States,lower
ocd-bill/352db708-ef94-48a9-9db5-40643d6466f4,HR 2578,Drug Testing for Special Government Employees Act,['bill'],[],119,United States,lower
ocd-bill/e8fd5cf6-6d78-429f-88b5-a4d0f2450827,HR 1132,To amend the Workforce Innovation and Opportunity Act to direct the Secretary of Labor to award grants to community colleges for high-quality workforce development programs.,['bill'],[],119,United States,lower
ocd-bill/1862b021-fef8-4f62-a691-3d12f4c6a586,HR 1143,Medicare IVIG Access Enhancement Act of 2025,['bill'],[],119,United States,lower
ocd-bill/8be9a815-4d8d-4fb1-89c2-3c45e083ae59,HR 1145,Nobody Elected Elon Musk Act,['bill'],[],119,United States,lower
ocd-bill/6ddacb9f-bf79-4feb-8444-bd36f649fb4a,HR 1117,Responsibility in Drug Advertising Act of 2025,['bill'],[],119,United States,lower
ocd-bill/79e3de8e-80f3-4a09-b021-60b20301647f,HR 1108,Diagnostics Testing Preparedness Plan Act of 2025,['bill'],[],119,United States,lower
ocd-bill/cb45c765-19c8-4899-9904-8f6165c0176b,HR 1133,Repeal Community Development Block Grants Act of 2025,['bill'],[],119,United States,lower
ocd-bill/abd52f8a-5fa9-498b-9b5c-05c16a6c5d73,HR 1121,No DeepSeek on Government Devices Act,['bill'],[],119,United States,lower
ocd-bill/41883491-1115-4598-a13c-979a19af82d4,HR 2552,RIFLE Act,['bill'],[],119,United States,lower
ocd-bill/27ecd2e0-3663-4caa-b9b9-104f067358a8,HR 2541,Nuclear Medicine Clarification Act of 2025,['bill'],[],119,United States,lower
ocd-bill/81460350-14d7-453a-83c5-0b0a5052cd2e,HR 1147,Veterans Accessibility Advisory Committee Act of 2025,['bill'],[],119,United States,lower
ocd-bill/8861c2e4-8d1e-4106-b9d7-c620fd5c7610,HR 1130,Bonus Tax Relief for America’s Seniors Act,['bill'],[],119,United States,lower
ocd-bill/cb8a391e-060f-45df-ad24-7b75ddce4152,HR 2564,Protect Victims of Digital Exploitation and Manipulation Act of 2025,['bill'],[],119,United States,lower
ocd-bill/071310af-5ed1-431f-b8b7-4c8bd2126363,HR 1139,Passport Sanity Act,['bill'],[],119,United States,lower
ocd-bill/27383e43-f568-496a-b56a-d960e54856f5,HR 1112,Racehorse Tax Parity Act,['bill'],[],119,United States,lower
ocd-bill/0ae3c62e-23ba-4a15-8a8a-fec55af7fa66,HR 1150,SPEAR Act of 2025,['bill'],[],119,United States,lower
ocd-bill/00a44d57-78c8-414e-810a-8b4d0fe68884,HR 1148,SMARTER Act,['bill'],[],119,United States,lower
ocd-bill/97b02f08-bc19-4c19-a34d-d5f279851e3e,HR 1123,"To abolish the United States Agency for International Development, and for other purposes.",['bill'],[],119,United States,lower
ocd-bill/2a0585f1-3a32-4e39-bdc7-e3a7b64d6e1f,HR 1144,Frederick Douglass Trafficking Victims Prevention and Protection Reauthorization Act of 2025,['bill'],[],119,United States,lower
ocd-bill/9d659f06-a436-4ca3-abc6-944a6d051ec3,HR 1126,East Palestine Health Impact Monitoring Act of 2025,['bill'],[],119,United States,lower
ocd-bill/bd18c0bf-cf91-4ccf-9a4f-2b2185185529,HR 1129,Tax Relief Unleashed for Seniors by Trump Act,['bill'],[],119,United States,lower
ocd-bill/50c1f85c-cf18-4795-a44b-c2e5da4c961f,HRES 121,"Supporting the designation of ""Scouting America Day"" in celebration of its 115th anniversary.",['resolution'],[],119,United States,lower
ocd-bill/e145eb29-110e-44da-b47f-86f16a58bb3b,HRES 117,Electing a Member to a certain standing committee of the House of Representatives.,['resolution'],[],119,United States,lower
ocd-bill/11983ed2-6c59-49c3-9851-b6b89a8253ba,HR 2537,Deschutes River Conservancy Reauthorization Act of 2025,['bill'],[],119,United States,lower
ocd-bill/713b8a17-bfa7-4f76-8b6b-2cec8711c285,HR 2549,Fire Island AIDS Memorial Act,['bill'],[],119,United States,lower
ocd-bill/590ac34f-b6e2-4dfa-a1f3-0c2b9a3889ce,HR 2570,"To impose additional sanctions with respect to Iran and modify other existing sanctions with respect to Iran, and for other purposes.",['bill'],[],119,United States,lower
ocd-bill/7237c4e2-d36a-4dda-b89c-2b76e708db18,S 40,Commission to Study and Develop Reparation Proposals for African Americans Act,['bill'],[],119,United States,upper
ocd-bill/a22b446b-9b13-46ad-8f11-075951680e68,SJRES 3,"A joint resolution providing for congressional disapproval under chapter 8 of title 5, United States Code, of the rule submitted by the Internal Revenue Service relating to ""Gross Proceeds Reporting by Brokers That Regularly Provide Services Effectuating Digital Asset Sales"".",['resolution'],[],119,United States,upper
ocd-bill/bed4d34e-4cc7-4f9c-b065-f631f0dd908d,S 159,Standing Against Houthi Aggression Act,['bill'],[],119,United States,upper
ocd-bill/6917eafd-b03a-43aa-a1e8-5042dc5ed9bb,S 164,Midnight Rules Relief Act of 2025,['bill'],[],119,United States,upper
ocd-bill/849fed7c-524f-4494-b400-bc0703b0cef4,S 172,Stopping Adversarial Tariff Evasion Act,['bill'],[],119,United States,upper
ocd-bill/748be286-6fc3-465f-b804-d83f0d23bf9c,S 166,Justice for Fallen Law Enforcement Act,['bill'],[],119,United States,upper
ocd-bill/f7173916-af88-4307-9626-47f3ef8a9e20,S 156,Increased TSP Access Act of 2025,['bill'],[],119,United States,upper
ocd-bill/6be361ea-96ff-4371-9a61-e78393c285ad,S 165,Stopping Overdoses of Fentanyl Analogues Act,['bill'],[],119,United States,upper
ocd-bill/2927d68d-9ff0-432d-99b5-4ac5d8dd3d75,S 155,MAILS Act,['bill'],[],119,United States,upper
ocd-bill/bc21f89f-6ef9-4813-9ed6-5a29119426ff,S 175,A bill to rescind the unobligated balances of amounts appropriated for Internal Revenue Service enhancements and use such funding for an External Revenue Service.,['bill'],[],119,United States,upper
ocd-bill/d3c3c236-043f-4566-96c9-823680ca5ab3,HR 2532,"To prohibit certain removals of employees of the Department of Health and Human Services and sub-agencies and operating divisions thereof, and for other purposes.",['bill'],[],119,United States,lower
ocd-bill/a5b9b0fc-10c8-416e-8056-7abb9671858a,HR 2535,FEMA Temporary Housing Assistance Improvement Act,['bill'],[],119,United States,lower
ocd-bill/87b8cc80-1c5a-44c3-94f6-15d4784f00d6,HR 2547,Secure Family Futures Act of 2025,['bill'],[],119,United States,lower
ocd-bill/ed2b560f-9367-432d-9974-fb8f50a77eeb,HR 2568,Earthquake Resilience Act,['bill'],[],119,United States,lower
ocd-bill/a19d1119-39ed-4a30-bea8-c12d7386c031,HR 2538,CARE Act of 2025,['bill'],[],119,United States,lower
ocd-bill/1a0023a5-6925-4ccf-99dd-2a1d2067ae5f,HR 2580,Kissimmee River Wild and Scenic River Act,['bill'],[],119,United States,lower
ocd-bill/9d258803-e057-430d-ad8b-fb46635ec0f6,HR 2530,Healthy Lunch for Healthy Kids Act,['bill'],[],119,United States,lower
ocd-bill/4bd678dd-c63c-4d0b-87f1-fc9c4a4687ca,HR 2550,Protect America's Workforce Act,['bill'],[],119,United States,lower
ocd-bill/245d4c8b-610d-494e-9e8c-08cbdbb0ed16,HR 2540,SSI Savings Penalty Elimination Act,['bill'],[],119,United States,lower
ocd-bill/cd1eca0d-4aad-4d80-8985-ea3bf3dc78a7,HR 2581,Iranian Terror Prevention Act,['bill'],[],119,United States,lower
ocd-bill/4f0bf404-7303-4bb1-8d5b-aa0b358585e6,HR 2582,Expanding Partnerships for Innovation and Competitiveness Act,['bill'],[],119,United States,lower
ocd-bill/3397ed2d-8155-4576-acfa-ffb38ab8e3ed,HR 2562,District of Columbia One Vote One Choice Act,['bill'],[],119,United States,lower
ocd-bill/bc1e905b-0cd9-4c27-b9dc-83afef7307c3,HR 2579,Reduce Duplication and Improve Access to Work Act,['bill'],[],119,United States,lower
ocd-bill/0799808d-33a7-479d-a5db-f7382dcdfd7c,HR 2572,Worker Enfranchisement Act,['bill'],[],119,United States,lower
ocd-bill/a62fc568-114e-43a8-b41b-5b708902e4f7,HR 2555,Freedom of Association in Higher Education Act of 2025,['bill'],[],119,United States,lower
ocd-bill/36838f13-7969-4550-99ec-44ec85c7d0c2,HR 2553,Capping Prescription Costs Act of 2025,['bill'],[],119,United States,lower
ocd-bill/4d30eb66-8ca8-4f06-b33a-c150dec89354,HR 2544,Financial Freedom Act of 2025,['bill'],[],119,United States,lower
ocd-bill/dcf27a79-906c-4870-82ab-d39b6033a461,HR 2577,PLAN for School Safety Act of 2025,['bill'],[],119,United States,lower
ocd-bill/afb9b4a3-b797-4f8f-bed2-9ef639e86b8c,HR 2556,CORE Act of 2025,['bill'],[],119,United States,lower
ocd-bill/ab4c25bf-4c41-46f2-ab71-5af3e59dbbf8,HR 2529,Convenient Contraception Act,['bill'],[],119,United States,lower
ocd-bill/87e5b6c6-c069-47a6-a2d7-cb3ebf79dd94,HR 2574,No Iranian Energy Act,['bill'],[],119,United States,lower
ocd-bill/b2974b65-fe5d-4dcc-acb6-8d4de84e7ebd,HR 2584,Protect TANF Resources for Families Act,['bill'],[],119,United States,lower
ocd-bill/66090d90-ce32-45bd-a5a9-4ff72be3624e,HR 2561,One Vote One Choice Act,['bill'],[],119,United States,lower
ocd-bill/d435049d-6645-4eef-986a-8aceb483f0b2,HR 2560,Lifespan Respite Care Reauthorization Act of 2025,['bill'],[],119,United States,lower
ocd-bill/ee15364d-f45d-4ace-812e-c55eede86d4f,HR 2576,Servicemembers and Veterans Empowerment and Support Act of 2025,['bill'],[],119,United States,lower
ocd-bill/7fdf9d25-d196-4326-9eaa-25ceaadcce4c,HR 2557,IVF for Military Families Act,['bill'],[],119,United States,lower
ocd-bill/d1a3f256-3333-4ff7-bf10-a8a67c913b63,HR 2565,No Tax on Bonuses Act of 2025,['bill'],[],119,United States,lower
ocd-bill/62e721e5-9d21-4010-85bc-60fb847cb78e,HR 2554,Lower Drug Costs for Families Act,['bill'],[],119,United States,lower
ocd-bill/9abc8cb4-44e1-494b-8246-06f0e3a12374,HR 2536,New Producer Economic Security Act,['bill'],[],119,United States,lower
ocd-bill/e1d8962d-b690-4253-b7d2-bc7a52485d5c,HR 2539,FISCAL Act,['bill'],[],119,United States,lower
ocd-bill/e0047847-3dd6-453d-aca3-028e8291aab5,HR 187,MAPWaters Act of 2025,['bill'],[],119,United States,lower
ocd-bill/fce2f495-2bcd-438d-9e4d-25e503b11327,HR 204,ACRES Act,['bill'],[],119,United States,lower
ocd-bill/845e992a-e2f8-449d-ad8b-eb58d95216ab,SRES 29,An original resolution expressing the sense of the Senate that the President of the United States possesses legal authority under existing law to take immediate and necessary action to secure the southwest border of the United States.,['resolution'],[],119,United States,upper
ocd-bill/55d64f1d-d478-4ae2-9af5-47b28f03e099,HR 2262,Flexibility for Workers Education Act,['bill'],[],119,United States,lower
ocd-bill/765d3921-ce77-4fc8-87c2-86baf4b520a0,S 796,Book Minimum Tax Repeal Act,['bill'],[],119,United States,upper
ocd-bill/83492e1b-adba-4b23-8671-170398742643,S 804,Accountability for Endless Wars Act of 2025,['bill'],[],119,United States,upper
ocd-bill/c28d3cd1-f38c-40be-a71c-54f51331521c,S 819,End Tobacco Loopholes Act,['bill'],[],119,United States,upper
ocd-bill/3ff63378-5c51-4ffd-9875-b22f2bae28f8,HR 2242,Eliminating Fraud and Improper Payments in TANF Act,['bill'],[],119,United States,lower
ocd-bill/d3be70c6-ef8a-4991-b4a8-ea94cc006215,S 920,Preventing Child Labor Exploitation in Federal Contracting Act,['bill'],[],119,United States,upper
ocd-bill/21b30313-bbdb-45e0-bc3b-71b60236b3fe,S 795,Farmers Freedom Act of 2025,['bill'],[],119,United States,upper
ocd-bill/1b951b16-3941-487d-9512-f02ad0a80a5e,HR 2252,North Dakota Trust Lands Completion Act of 2025,['bill'],[],119,United States,lower
ocd-bill/392b56e9-d3df-4da3-ab79-2297d249a6bd,S 805,Combating International Islamophobia Act,['bill'],[],119,United States,upper
ocd-bill/28264a01-108c-45fd-9fc2-039bb0832b0d,S 922,A bill to amend the Workforce Innovation and Opportunity Act to define the term evidence-based.,['bill'],[],119,United States,upper
ocd-bill/06c9c452-89c9-4e96-9fe7-0dbc5ace245e,S 810,No Cuts to Public Schools Act,['bill'],[],119,United States,upper
ocd-bill/8fa1f177-65cd-4f4f-ae62-14c4204c9678,S 806,Hatch Act Enforcement Transparency and Accountability Act,['bill'],[],119,United States,upper
ocd-bill/fcea73f1-866d-41ae-9ce3-88143c48463b,S 816,Increasing American Jobs Through Greater United States Exports to Africa and Latin America Act of 2025,['bill'],[],119,United States,upper
ocd-bill/0c2cb89a-c21a-4ccf-a403-08eb3b8d256e,S 910,Farm Ownership Improvement Act,['bill'],[],119,United States,upper
ocd-bill/27a5daa0-daa5-44b7-bac0-562ef389559c,S 1160,LEDGER Act,['bill'],[],119,United States,upper
ocd-bill/dc4aba74-6722-42f7-b78f-f7038efd477f,S 1140,Health ACCESS Act,['bill'],[],119,United States,upper
ocd-bill/ff7d344c-c182-4bba-9da4-c34d3c2632e2,S 94,Miracle on Ice Congressional Gold Medal Act,['bill'],[],119,United States,upper
ocd-bill/22f36ce3-dba1-4307-a31c-1ab9c004e4aa,SJRES 39,"A joint resolution providing for congressional disapproval under chapter 8 of title 5, United States Code, of the rule submitted by the Internal Revenue Service relating to ""Section 45Y Clean Electricity Production Credit and Section 48E Clean Electricity Investment Credit"".",['resolution'],[],119,United States,upper
ocd-bill/36cbfae3-14aa-4177-a1b3-d5d43c3b5b67,HR 2364,Helene Small Business Recovery Act,['bill'],[],119,United States,lower
ocd-bill/5bb9a9ce-ff43-4f03-8969-8da34342bd4d,S 1149,SEC Whistleblower Reform Act of 2025,['bill'],[],119,United States,upper
ocd-bill/cf3b18a5-1b97-4a97-a005-34fd45f415ed,S 1143,Stop Supreme Court Leakers Act of 2025,['bill'],[],119,United States,upper
ocd-bill/4d06a84e-216a-4ab9-a0b0-c61bb9636bb4,HR 768,Holocaust Education and Antisemitism Lessons Act,['bill'],[],119,United States,lower
ocd-bill/17872cf8-1388-41fd-b226-be92a373bfd2,HR 2393,To place a duty on imported Australian Wagyu beef and to establish a to establish a reciprocal trade agreement between the United States and Australia as it concerns wagyu beef.,['bill'],[],119,United States,lower
ocd-bill/a00ffc6f-eb95-4eb8-b1e8-4aaa02fb7785,HR 2367,College Employment Accountability Act,['bill'],[],119,United States,lower
ocd-bill/24ff65e4-411d-4695-9d48-42230a40e015,S 1142,Scarper Ridge Golden Gate National Recreation Area Boundary Adjustment Act,['bill'],[],119,United States,upper
ocd-bill/2e327adc-f5e5-43ff-ade9-5ecc2ec100a3,HRES 257,"Expressing support for the designation of March 2025 as ""Music in Our Schools Month"".",['resolution'],[],119,United States,lower
ocd-bill/8b46c9e0-585c-4545-bbb0-c6785668352a,HR 2362,VA Home Loan Awareness Act of 2025,['bill'],[],119,United States,lower
ocd-bill/cbdc608d-cb68-4495-916a-025ff427147b,SRES 140,"A resolution designating the first week of April 2025 as ""National Asbestos Awareness Week"".",['resolution'],[],119,United States,upper
ocd-bill/bfd55e4e-bb3f-4393-8a11-0d9d60180bf3,HR 2351,"To direct the Commandant of the Coast Guard to update the policy of the Coast Guard regarding the use of medication to treat drug overdose, and for other purposes.",['bill'],[],119,United States,lower
ocd-bill/b8240052-1144-493b-952a-405f9e56502d,HR 2365,Securities Clarity Act of 2025,['bill'],[],119,United States,lower
ocd-bill/1a449e89-5d4d-466a-903f-ac0f771545c7,HR 2374,American Students First Act,['bill'],[],119,United States,lower
ocd-bill/633edf4a-c38d-4734-b75a-7e56fa5485ff,HR 2352,Abolish Super PACs Act,['bill'],[],119,United States,lower
ocd-bill/23666800-a681-42b6-9403-086bdfea8ec7,S 1141,Disaster Reforestation Act,['bill'],[],119,United States,upper
ocd-bill/b6a28258-14bc-452f-a85c-c0951ca2f316,HR 2363,DOGE POUND Act of 2025,['bill'],[],119,United States,lower
ocd-bill/357ec3c7-2b31-44a3-a5ef-8b93f3086418,HR 989,"To codify Executive Order 11246 titled ""Equal Employment Opportunity"".",['bill'],[],119,United States,lower
ocd-bill/0f077a7e-cc71-482c-aeaa-997ff7d49bb5,S 1136,DETERRENCE Act,['bill'],[],119,United States,upper
ocd-bill/d4480c2a-8cdc-4260-9611-55149b50c1c8,HR 2372,DEVICE Act of 2025,['bill'],[],119,United States,lower
ocd-bill/ab258d17-4d51-4bcb-a9df-51690599846a,HR 2373,Increased Accountability for Nonconsensual Pornography Act of 2025,['bill'],[],119,United States,lower
ocd-bill/8680974e-ab46-4796-8e7e-b6b989d60f01,HR 2382,First Responders Retirement Parity Act,['bill'],[],119,United States,lower
ocd-bill/a3864df6-0ecc-43c2-9693-d7a6006d7e24,HR 2379,Farmers’ Market Expansion Act of 2025,['bill'],[],119,United States,lower
ocd-bill/eb5330a5-e4bb-48d4-a79c-46e683bdc6a7,HR 2175,"To designate the facility of the United States Postal Service located at 130 South Patterson Avenue in Santa Barbara, California, as the ""Brigadier General Frederick R. Lopez Post Office Building"".",['bill'],[],119,United States,lower
ocd-bill/8dbb6b67-525b-4078-9908-d590855a18ed,HR 2288,Common Sense Air Regulations Act,['bill'],[],119,United States,lower
ocd-bill/6a39790a-09e5-4bbc-a95e-81c8c71e2b2c,HR 2377,National Garden for America’s 250th Anniversary Act,['bill'],[],119,United States,lower
ocd-bill/e969846b-e2e5-4ee3-ba36-b44086eb58da,HR 2353,Safer Skies Act of 2025,['bill'],[],119,United States,lower
ocd-bill/d901be8f-5880-419f-9a87-db7d2692fc44,HR 1039,Clear Communication for Veterans Claims Act,['bill'],[],119,United States,lower
ocd-bill/8613a7c0-6033-45fe-8705-712ad87c3f0c,S 1135,A bill to amend the National Trails System Act to direct the Secretary of the Interior to conduct a study on the feasibility of designating the Bonneville Shoreline Trail.,['bill'],[],119,United States,upper
ocd-bill/27b70a27-e962-436b-bd85-9d4274719149,HR 2212,DHS Intelligence Rotational Assignment Program and Law Enforcement Support Act,['bill'],[],119,United States,lower
ocd-bill/1c400bf0-9ede-462d-8139-78787321db16,HR 2366,American Families United Act,['bill'],[],119,United States,lower
ocd-bill/e5e75a7c-702d-4230-a0e6-b349ad46c48c,S 1115,Paycheck Fairness Act,['bill'],[],119,United States,upper
ocd-bill/a1fc6075-de6b-477b-96ed-dbe6e37b7221,SRES 141,A resolution recognizing the 204th anniversary of the independence of Greece and celebrating democracy in Greece and the United States.,['resolution'],[],119,United States,upper
ocd-bill/25390159-b700-4b04-aa4f-dc679a952cee,HR 2384,Financial Technology Protection Act of 2025,['bill'],[],119,United States,lower
ocd-bill/b0eb20f9-1051-4caa-bbfd-ac2a8aabb3d5,SRES 143,"A resolution supporting the designation of May 29, 2025, as ""Mental Health Awareness in Agriculture Day"" to raise awareness around mental health in the agricultural industry and workforce and to continue to reduce stigma associated with mental illness.",['resolution'],[],119,United States,upper
ocd-bill/60b83a74-40c3-41dd-b007-9f02ab8bf448,HR 971,RAIL Act,['bill'],[],119,United States,lower
ocd-bill/5eb975cf-f5bc-49f3-89e7-29af5bc63507,S 1145,Farmers’ Market Expansion Act of 2025,['bill'],[],119,United States,upper
ocd-bill/26b2ed83-18dc-44ef-aec8-7521bc40e6c8,S 1130,Mining Schools Act of 2025,['bill'],[],119,United States,upper
ocd-bill/309b4313-50e6-4384-ae05-cb90258570e5,HR 2386,Make Education Great Again Act,['bill'],[],119,United States,lower
ocd-bill/138a18f0-1fdd-42cc-a269-e9d236dea209,S 1146,Cameras in the Courtroom Act,['bill'],[],119,United States,upper
ocd-bill/3e3552f7-79ab-494d-95b7-7f9789e3a62f,HR 2376,To nullify the Henry Mountains and Fremont Gorge Travel Management Plan.,['bill'],[],119,United States,lower
ocd-bill/816ae96a-52c8-4875-bd4b-ec9ee8f61332,S 1161,Salem Maritime National Historical Park Redesignation and Boundary Study Act,['bill'],[],119,United States,upper
ocd-bill/0fc36d1d-3cd1-48db-b850-e1b3c7ab460a,HR 2375,Rhode Island Fishermen’s Fairness Act of 2025,['bill'],[],119,United States,lower
ocd-bill/ff9666e7-7139-4e61-904c-39b75702e9e8,S 1147,Defining Male and Female Act of 2025,['bill'],[],119,United States,upper
ocd-bill/fd80cf3d-cc74-4ff5-af03-383e92e6da8e,S 1132,Families Care Act,['bill'],[],119,United States,upper
ocd-bill/6de8ed73-9a56-44be-b292-3e19ffae8664,HR 2200,"To amend title 14, United States Code, to require the retention of certain enlisted members of the Coast Guard who have completed 18 or more, but less than 20, years of service, and for other purposes.",['bill'],[],119,United States,lower
ocd-bill/37d6e106-d933-4966-b1f4-f926fde87087,S 1159,GAZA Act,['bill'],[],119,United States,upper
ocd-bill/1bca0778-e79a-40c4-8ae2-9711d3d1e918,HR 2285,DHS Basic Training Accreditation Improvement Act of 2025,['bill'],[],119,United States,lower
ocd-bill/e02ef0b7-fe61-4335-97b8-b0a92d32886d,HR 2387,No Harm Act,['bill'],[],119,United States,lower
ocd-bill/b3fd364d-3c25-44b6-b0f0-9716d913b4ec,HR 2357,Food Secure Strikers Act of 2025,['bill'],[],119,United States,lower
ocd-bill/f51fecd3-1cf4-451b-8dc5-1d3847b480d2,HR 2355,Collegiate Housing and Infrastructure Act of 2025,['bill'],[],119,United States,lower
ocd-bill/e7266397-20ce-4af2-b110-377992892821,HR 2255,Federal Law Enforcement Officer Service Weapon Purchase Act,['bill'],[],119,United States,lower
ocd-bill/0d72a144-6b0e-42ca-852d-32e2dd8ac6bb,S 1137,Cellphone Jamming Reform Act of 2025,['bill'],[],119,United States,upper
ocd-bill/3ebf43c2-b90c-4c3e-8820-93ee18808369,S 1155,A bill to amend the Trafficking Victims Protection Act of 2000 to make technical corrections.,['bill'],[],119,United States,upper
ocd-bill/80a869f8-2f01-4325-ad92-0685b7df34d5,HR 2391,Strengthening Supply Chains Through Truck Driver Incentives Act of 2025,['bill'],[],119,United States,lower
ocd-bill/d882b1db-b40d-4047-8444-d9e358941abd,S 1133,Sunshine in the Courtroom Act of 2025,['bill'],[],119,United States,upper
ocd-bill/163c6031-c333-44f9-8c58-a4e771519556,HR 2371,Scarper Ridge Golden Gate National Recreation Area Boundary Adjustment Act,['bill'],[],119,United States,lower
ocd-bill/e7229d41-90a2-46e3-a2dc-20173f15c546,HR 2388,Lower Elwha Klallam Tribe Project Lands Restoration Act,['bill'],[],119,United States,lower
ocd-bill/d484f1d3-74d5-4fcb-8888-1d71672dfca4,HR 2086,Rights for the TSA Workforce Act,['bill'],[],119,United States,lower
ocd-bill/4a98741b-e296-4dbf-9b12-8f91e78f3507,HR 2192,Air America Act of 2025,['bill'],[],119,United States,lower
ocd-bill/d13c3dc6-14a2-475a-8038-880c5db8cd5e,HR 38,Constitutional Concealed Carry Reciprocity Act,['bill'],[],119,United States,lower
ocd-bill/0935f04b-6a84-4fdd-9371-93222b3557f3,HRES 101,"Expressing support for the designation of February 4, 2025, as ""Transit Equity Day"".",['resolution'],[],119,United States,lower
ocd-bill/a25e6216-1979-4c64-9a74-029455d2fc8a,HR 2385,CREATE AI Act of 2025,['bill'],[],119,United States,lower
ocd-bill/c04da92f-7fcb-4dc6-a9f1-ad341380814b,S 1157,Women and Lung Cancer Research and Preventive Services Act of 2025,['bill'],[],119,United States,upper
ocd-bill/793bcd5b-d944-4a8b-adb3-16c22c5684c5,HR 2370,Taiwan Travel and Tourism Coordination Act,['bill'],[],119,United States,lower
ocd-bill/e1b61186-ceb3-4711-9cc8-11a7ad53d1d7,S 1158,Working Families Flexibility Act of 2025,['bill'],[],119,United States,upper
ocd-bill/6bb38f4a-24cd-408d-93cc-7caa788edbba,HR 2356,Dual Loyalty Disclosure Act,['bill'],[],119,United States,lower
ocd-bill/dd3b0322-5e86-4bf1-9745-7cea42b7ec2d,HR 1534,IMPACT Act,['bill'],[],119,United States,lower
ocd-bill/fdca75e0-b875-40fd-a091-91658cfcde29,S 1139,HOPE for Heroes Act of 2025,['bill'],[],119,United States,upper
ocd-bill/f5e452c3-de0d-4732-a61a-33ef8ffa43d1,HR 2243,LEOSA Reform Act of 2025,['bill'],[],119,United States,lower
ocd-bill/83244199-582e-4afd-89a1-4e2c912527f9,S 1156,Food Secure Strikers Act of 2025,['bill'],[],119,United States,upper
ocd-bill/c6361702-5a43-4057-b109-73d8b16d1609,S 1148,A bill to terminate the Department of Education.,['bill'],[],119,United States,upper
ocd-bill/6004d4a0-a6da-4815-858b-e19f41936785,HR 1715,Public Health Funding Restoration Act,['bill'],[],119,United States,lower
ocd-bill/7b9844a7-5d4c-4f17-9b78-7673ac51791a,HR 2361,Cameras in the Courtroom Act,['bill'],[],119,United States,lower
ocd-bill/2a12549f-4232-44a0-b5f7-11a1212f39d9,HR 1105,Disaster Resiliency and Coverage Act of 2025,['bill'],[],119,United States,lower
ocd-bill/84170f1c-6297-46ee-ad8e-ee50e50222c9,HRES 242,"Providing for consideration of the joint resolution (H.J. Res. 24) providing for congressional disapproval under chapter 8 of title 5, United States Code, of the rule submitted by the Department of Energy relating to ""Energy Conservation Program: Energy Conservation Standards for Walk-In Coolers and Walk-In Freezers""; providing for consideration of the joint resolution (H.J. Res. 75) providing for congressional disapproval under chapter 8 of title 5, United States Code, of the rule submitted by the Office of Energy Efficiency and Renewable Energy, Department of Energy relating to ""Energy Conservation Program: Energy Conservation Standards for Commercial Refrigerators, Freezers, and Refrigerator-Freezers""; and providing for consideration of the bill (H.R. 1048) to amend the Higher Education Act of 1965 to strengthen disclosure requirements relating to foreign gifts and contracts, to prohibit contracts between institutions of higher education and certain foreign entities and countries of concern, and for other purposes.",['resolution'],[],119,United States,lower
ocd-bill/dac166ec-3231-47de-abd8-3ddf0ddfe4cc,HR 2267,NICS Data Reporting Act,['bill'],[],119,United States,lower
ocd-bill/ad788e1a-0c67-4862-91ee-a3af5a54548e,HRES 254,Recognizing the 250th anniversary of the United States Marine Corps.,['resolution'],[],119,United States,lower
ocd-bill/79373b81-0dc9-452d-8d92-19ec2079e5d0,HR 2369,PHIT Act of 2025,['bill'],[],119,United States,lower
ocd-bill/97bbf917-0164-4be9-8b37-c83d9db4174b,HR 2381,SCREENS for Cancer Act of 2025,['bill'],[],119,United States,lower
ocd-bill/2c0de808-0b21-47b9-b022-c2745af0b663,HR 2394,DETERRENCE Act,['bill'],[],119,United States,lower
ocd-bill/b63ef112-2f7f-4778-9aed-3f6a4302b38c,HR 2392,STABLE Act of 2025,['bill'],[],119,United States,lower
ocd-bill/926abb39-9287-4894-8273-9f8a04ba10a1,HR 2350,Cellphone Jamming Reform Act of 2025,['bill'],[],119,United States,lower
ocd-bill/41768968-561d-436c-95b9-4d604c4f9da2,S 1134,Strengthening VA Patient Advocacy for Rural Veterans Act of 2025,['bill'],[],119,United States,upper
ocd-bill/b46aa532-5cef-4a6d-af03-07553401153c,HR 1492,To amend title XI of the Social Security Act to equalize the negotiation period between small-molecule and biologic candidates under the Drug Price Negotiation Program.,['bill'],[],119,United States,lower
ocd-bill/d1fd3e96-d3f1-463d-aaa2-36580d709b4a,HRES 255,"Of inquiry requesting the President and directing the Secretary of State to transmit to the House of Representatives any record created on or after January 20, 2025, under the control of the President or the Secretary, respectively, relating to strikes on the Houthis in Yemen and the disclosure of confidential information to a journalist on the Signal application.",['resolution'],[],119,United States,lower
ocd-bill/bb1ac246-24a6-4658-8125-66e7582cfa04,S 1151,Accountability Through Electronic Verification Act,['bill'],[],119,United States,upper
ocd-bill/c4a2fdc6-da9a-41ea-b308-541e1109e2f6,S 1150,Increased TSP Access Act of 2025,['bill'],[],119,United States,upper
ocd-bill/db13ce80-d2f2-4029-a24f-16950b04f504,HR 2390,Maritime Supply Chain Security Act,['bill'],[],119,United States,lower
ocd-bill/0bdb74e1-1cb6-4967-b0d2-b9cfd01f5396,HR 2240,Improving Law Enforcement Officer Safety and Wellness Through Data Act of 2025,['bill'],[],119,United States,lower
ocd-bill/8c9e2e7f-eaa4-4a0b-958d-d0be8a70649e,HR 2359,Improve Transparency and Stability for Families and Children Act,['bill'],[],119,United States,lower
ocd-bill/ce8484ec-7b93-43e1-b102-1e4b4492db0a,HR 2378,Defining Male and Female Act of 2025,['bill'],[],119,United States,lower
ocd-bill/8dd06ce5-3a2d-4f26-a369-0747fc948ea6,HR 2389,Quinault Indian Nation Land Transfer Act,['bill'],[],119,United States,lower
ocd-bill/198b15ae-a734-4232-891f-c5815077623f,HRES 256,Supporting the designation of March 2025 as Endometriosis Awareness Month.,['resolution'],[],119,United States,lower
ocd-bill/8146a8e0-b91b-4b2c-8aab-b7d1efba6e15,HRES 147,"Expressing support for designation of the third Friday of every March, as ""National FIRST Robotics Day"".",['resolution'],[],119,United States,lower
ocd-bill/2aa328a9-e840-4a7d-9dfb-6e9a79461413,S 1154,Congressional Whistleblower Protection Act of 2025,['bill'],[],119,United States,upper
ocd-bill/8771c77d-0d02-46f1-a8ef-7692d953c546,HRES 258,Censuring Representative Jasmine Crockett of Texas.,['resolution'],[],119,United States,lower
ocd-bill/23890437-46cf-445f-a930-9801baa2fe1c,HR 2360,"To permanently extend the exemption from the engine compartment portion of the pre-trip vehicle inspection skills testing requirement for school bus drivers, and for other purposes.",['bill'],[],119,United States,lower
ocd-bill/f24ca0aa-e8d2-43d8-a33d-6f66da276ea8,HR 588,Boundary Waters Wilderness Protection and Pollution Prevention Act,['bill'],[],119,United States,lower
ocd-bill/0591818c-3d93-450a-b4a0-38061fcfb775,SRES 139,"A resolution expressing support for the designation of March 2025 as ""Music in Our Schools Month"".",['resolution'],[],119,United States,upper
ocd-bill/76e15cf8-f14a-42ae-a5fd-707ede62d709,HR 2383,Protecting Kids from Fentanyl Act of 2025,['bill'],[],119,United States,lower
ocd-bill/59862f7a-e730-4a6c-b966-7503408c4992,HR 2380,Building Youth Workforce Skills Act,['bill'],[],119,United States,lower
ocd-bill/3b333d88-24cc-4540-bc70-200e6bc6f88d,S 1144,PHIT Act of 2025,['bill'],[],119,United States,upper
ocd-bill/370dbacd-5ef0-4375-a0cf-65fc08ee576d,HR 2358,ESG Act of 2025,['bill'],[],119,United States,lower
ocd-bill/98d3188a-78a0-4bd3-9412-f2ba57880cf1,S 1138,Enhancing Southbound Inspections to Combat Cartels Act,['bill'],[],119,United States,upper
ocd-bill/f4494621-e062-4486-b16f-6b0ab3208dd4,HR 2354,Restoring Temporary to TANF Act,['bill'],[],119,United States,lower
ocd-bill/156ef968-72ea-4961-ac00-71619f851c79,S 1152,Rhode Island Fishermen's Fairness Act of 2025,['bill'],[],119,United States,upper
ocd-bill/ef412b15-46bb-4c64-9837-df13ba518eee,HR 195,CBP Relocation Act,['bill'],[],119,United States,lower
ocd-bill/d883a4aa-f203-4e3c-bf30-381508114da9,HR 34,LASSO Act,['bill'],[],119,United States,lower
ocd-bill/ccb3745d-7f23-46ca-be01-9a5dec56bb71,HR 81,Travel Mask Mandate Repeal Act of 2025,['bill'],[],119,United States,lower
ocd-bill/ea01e00c-9549-4a0e-81b2-dbc0bb26995d,HR 212,Capitol Remembrance Act,['bill'],[],119,United States,lower
ocd-bill/89bbf0c3-61c0-46ba-a6e5-b5f7ddd7b0ef,HR 283,Panama Canal Repurchase Act of 2025,['bill'],[],119,United States,lower
ocd-bill/bd3cb962-f174-4560-b9f5-2b9fc8024869,HR 219,Improving Menopause Care for Veterans Act of 2025,['bill'],[],119,United States,lower
ocd-bill/96d1035d-7677-4172-ac39-bf99b8bab05d,HR 234,HOV Lanes for Heroes Act,['bill'],[],119,United States,lower
ocd-bill/b9009338-25bb-44fe-94ed-1542d7f437ac,HR 450,FORCE Act,['bill'],[],119,United States,lower
ocd-bill/3e7c8ebe-ea80-41bf-87af-d79654037cb8,HR 488,Combating Cartels on Social Media Act of 2025,['bill'],[],119,United States,lower
ocd-bill/175b919d-8dfc-4fae-bb45-8605843e5741,HR 321,FLY Act,['bill'],[],119,United States,lower
ocd-bill/4c8a04e8-57dc-40b1-9ebd-67217efd55e1,HR 259,No Funding for Illegal Migrant Billboards Act,['bill'],[],119,United States,lower
ocd-bill/b4d175d3-05da-4b8b-b8dc-a9a49c1782b8,HR 272,Protecting Life and Taxpayers Act of 2025,['bill'],[],119,United States,lower
ocd-bill/ac65aad3-50b7-48b1-b0a3-2a78400748e7,HR 519,Federal Subaward Reporting System Modernization and Expansion Act,['bill'],[],119,United States,lower
ocd-bill/0a19d955-0c15-4483-ad4a-d68df78357d9,HR 562,BLUE Pacific Act,['bill'],[],119,United States,lower
ocd-bill/f57506cc-982c-456d-a654-20b2d095379d,HR 633,TAKE IT DOWN Act,['bill'],[],119,United States,lower
ocd-bill/9222c85a-897b-4534-9e1b-a4d85c91e710,HR 553,BRAVE Act,['bill'],[],119,United States,lower
ocd-bill/0124a29f-122d-4cf3-b535-6210a611923a,HR 638,Housing Temperature Safety Act of 2025,['bill'],[],119,United States,lower
ocd-bill/7a26500e-ed96-4f4b-90aa-3fdde028cdbc,HR 635,WaterSMART Access for Tribes Act,['bill'],[],119,United States,lower
ocd-bill/154be289-952b-479f-aae9-1df97fb67c1d,HR 616,"To amend the Internal Revenue Code of 1986 to double the dollar limitation for the energy efficient home improvement credit with respect to heat pumps, heat pump water heaters, biomass stoves, and boilers.",['bill'],[],119,United States,lower
ocd-bill/26f65c50-3e37-4063-9210-371e706b3c02,HR 603,Reinforcing the Grid Against Extreme Weather Act of 2025,['bill'],[],119,United States,lower
ocd-bill/e2367b63-2be2-4021-9567-6cc90f05c790,HR 632,Protecting Life on College Campus Act of 2025,['bill'],[],119,United States,lower
ocd-bill/b15100b0-a127-4a44-a068-d15f887a8219,HR 621,Protecting First Responders from Secondary Exposure Act of 2025,['bill'],[],119,United States,lower
ocd-bill/c157e2e1-73f4-4b4e-b186-a06446a3d252,HR 637,911 SAVES Act,['bill'],[],119,United States,lower
ocd-bill/0f507a51-e19a-47e9-b60f-7d2a546845ba,HR 495,Subterranean Border Defense Act,['bill'],[],119,United States,lower
ocd-bill/0c19b76f-1ca7-4c74-850b-60f8cc75bd58,HR 608,COVER Now Act,['bill'],[],119,United States,lower
ocd-bill/08199651-b852-48bc-b566-54c658aa3535,HR 439,Veterans Foreign Medical Coverage Equality and Modernization Act of 2025,['bill'],[],119,United States,lower
ocd-bill/85c5cffe-09eb-4867-9f9c-a4dd6b54f3d7,HR 624,RIFLE Act of 2025,['bill'],[],119,United States,lower
ocd-bill/075c2f04-801a-4958-9b4b-8cf66d1f15d2,HR 604,REDUCE Act,['bill'],[],119,United States,lower
ocd-bill/1c79f7a0-0430-46b3-bdbd-4d7993725011,HR 626,Northwest Energy Security Act,['bill'],[],119,United States,lower
ocd-bill/edf9ff1f-c8b4-4754-8960-fb09986ebb56,HJRES 27,"Providing for congressional disapproval under chapter 8 of title 5, United States Code, of the rule submitted by the Environmental Protection Agency relating to ""Trichloroethylene (TCE); Regulation Under the Toxic Substances Control Act (TSCA)"".",['resolution'],[],119,United States,lower
ocd-bill/8967bf03-de81-4b3d-92d6-d1cf5c942c07,HR 614,SAFE Grilling Act,['bill'],[],119,United States,lower
ocd-bill/8d77d28e-ebc6-4813-adcf-ea14811f6fb6,HR 617,American Music Tourism Act of 2025,['bill'],[],119,United States,lower
ocd-bill/aeb04fb6-6f77-4329-b1de-2b6d2288ce29,HR 634,Ninth Circuit Court of Appeals Judgeship and Reorganization Act of 2025,['bill'],[],119,United States,lower
ocd-bill/56c16a1c-9ff4-474b-a8ad-5c4e5c48d2ad,HR 602,SANE Act of 2025,['bill'],[],119,United States,lower
ocd-bill/74f98e94-f969-4745-b894-5dd37381c868,HR 599,Protect Funding for Women’s Health Care Act,['bill'],[],119,United States,lower
ocd-bill/0cb4c5e5-63a5-498c-9ec7-81263ec254b7,HR 627,Ensuring Accurate and Complete Abortion Data Reporting Act of 2025,['bill'],[],119,United States,lower
ocd-bill/a53911fc-fb69-4744-9737-7a3e023277d0,HR 607,ATF Accountability Act of 2025,['bill'],[],119,United States,lower
ocd-bill/8c615d85-2e6d-4a3f-be64-061b50ff3099,HR 611,Justice for Victims of Sanctuary Cities Act of 2025,['bill'],[],119,United States,lower
ocd-bill/0c906246-2230-4ea0-8c08-c3bcc3d1484f,HRES 25,"Expunging the January 13, 2021, impeachment of President Donald John Trump.",['resolution'],[],119,United States,lower
ocd-bill/c80841d9-bdf4-40cc-a931-5e1ea5784266,HR 640,Chemical Tax Repeal Act,['bill'],[],119,United States,lower
ocd-bill/a93dbd51-de1c-4230-973f-cfa898e81972,HR 631,PARTS Act of 2025,['bill'],[],119,United States,lower
ocd-bill/89f0f1a3-2ab1-4642-9205-7dd00e2d7022,HRES 54,Electing Members to certain standing committees of the House of Representatives.,['resolution'],[],119,United States,lower
ocd-bill/64fc1924-7eb0-40e1-bf74-0b171d62067f,HJRES 26,"Providing for congressional disapproval under chapter 8 of title 5, United States Code, of the rule submitted by the Environmental Protection Agency relating to ""Greenhouse Gas Emissions Standards for Heavy-Duty Vehicles-Phase 3"".",['resolution'],[],119,United States,lower
ocd-bill/f832b305-d8be-42a2-bf1e-2c926739c9d7,HR 613,ATF Transparency Act,['bill'],[],119,United States,lower
ocd-bill/aea34b95-1f39-45af-86d2-2e9edf55ceb6,HR 628,Honor Our Living Donors Act,['bill'],[],119,United States,lower
ocd-bill/7f4e4736-c54c-4a92-8179-2cb2b083198a,HR 622,"To amend the Food Security Act of 1985 to increase funding for the conservation stewardship program, and for other purposes.",['bill'],[],119,United States,lower
ocd-bill/636ba420-79d3-4a0d-8550-cebe45a4f111,HR 601,Estate Tax Rate Reduction Act,['bill'],[],119,United States,lower
ocd-bill/7e81cbe1-cded-46fd-9512-cb5102d1bcc7,HR 636,Pregnancy Resource Center Defense Act,['bill'],[],119,United States,lower
ocd-bill/e1df4811-c6a8-44aa-859e-b619896c9fad,HRES 56,Memorializing the unborn by lowering the United States flag to half-staff on the 22d day of January each year.,['resolution'],[],119,United States,lower
ocd-bill/42b9a0c2-8fbb-4be2-a263-93274d0648d1,SRES 30,A resolution honoring Mississippi's Gestational Age Act.,['resolution'],[],119,United States,upper
ocd-bill/452b5b8e-b849-4eda-a373-590e7b8cc87b,S 25,Polluters Pay Climate Fund Act of 2025,['bill'],[],119,United States,upper
ocd-bill/ecf6d5c5-8412-4d28-9c0b-65252441950d,S 184,CURD Act,['bill'],[],119,United States,upper
ocd-bill/afd08512-ccbe-4a64-8e48-d50b43083289,S 189,CONSTRUCTS Act of 2025,['bill'],[],119,United States,upper
ocd-bill/9a318555-e229-410c-84d9-bc253ab4c652,HRES 55,Electing Members to certain standing committees of the House of Representatives.,['resolution'],[],119,United States,lower
ocd-bill/b783927f-d565-42f2-ac47-fcd68df3baf8,S 145,Dismantle Iran’s Proxy Act of 2025,['bill'],[],119,United States,upper
ocd-bill/3ef858ed-1418-4ee7-8d4b-b91383cbb938,S 6,Born-Alive Abortion Survivors Protection Act,['bill'],[],119,United States,upper
ocd-bill/7ad09b59-3aea-4499-912c-85353e03512f,S 177,Protect Funding for Women's Health Care Act,['bill'],[],119,United States,upper
ocd-bill/cb771e96-0bc3-4c58-b7cf-8ab01b0078db,S 191,LICENSE Act of 2025,['bill'],[],119,United States,upper
ocd-bill/cd66f239-9e2e-4efe-9335-70957fa11605,S 193,Neighbors Not Enemies Act,['bill'],[],119,United States,upper
ocd-bill/5c12e415-0a59-4a2b-aa96-20b8413951a7,S 194,HITS Act,['bill'],[],119,United States,upper
ocd-bill/897a1bb7-09c6-48d9-88b2-33a5b8a54862,S 181,A bill to require agencies submit zero-based budgets.,['bill'],[],119,United States,upper
ocd-bill/a90b1bfe-0a6a-4c8b-bd93-6c12991f9ff3,S 186,No Taxpayer Funding for Abortion and Abortion Insurance Full Disclosure Act of 2025,['bill'],[],119,United States,upper
ocd-bill/fa1a0935-24df-46b8-8630-1cadcfe8447c,S 190,North Pacific Research Board Enhancement Act,['bill'],[],119,United States,upper
ocd-bill/56cf72f3-f0e4-43a2-890c-70e3bfb4d611,S 185,Justice for Victims of Sanctuary Cities Act of 2025,['bill'],[],119,United States,upper
ocd-bill/7b769093-a300-4b9f-9ed1-fe8b4d08daf2,S 196,MAIN Event Ticketing Act,['bill'],[],119,United States,upper
ocd-bill/68151bab-31a2-45ca-808d-1b07ffda572b,S 178,Ensuring Accurate and Complete Abortion Data Reporting Act of 2025,['bill'],[],119,United States,upper
ocd-bill/847afc69-0d0f-46cc-a7ce-471eeb08864e,S 183,Fiscal Year 2025 Veterans Affairs Major Medical Facility Authorization Act,['bill'],[],119,United States,upper
ocd-bill/53de14e3-9b90-467f-aed2-48da0730ad42,S 179,FARM Act,['bill'],[],119,United States,upper
ocd-bill/2a9f9c33-5195-471c-ac05-997d399d8a4b,S 188,Free Speech Protection Act,['bill'],[],119,United States,upper
ocd-bill/e349baa6-6a2b-4aff-821a-3e8a1588d874,S 182,Northwest Energy Security Act,['bill'],[],119,United States,upper
ocd-bill/6c2bd13b-845b-4e84-ae80-48400be3375b,S 176,Not One More Inch or Acre Act,['bill'],[],119,United States,upper
ocd-bill/c3fa80ee-3c8e-4ac6-83b5-012e628ff06e,S 180,Protecting First Responders from Secondary Exposure Act of 2025,['bill'],[],119,United States,upper
ocd-bill/75b76b62-9ab8-4fb8-b80b-ee2b50b82883,S 187,ALIGN Act,['bill'],[],119,United States,upper
ocd-bill/0b42de44-2eb4-4012-adf7-f08534b7eeac,S 197,Protecting Military Installations and Ranges Act of 2025,['bill'],[],119,United States,upper
ocd-bill/5c14c96d-0e23-4ff0-8e24-282a4b023e4f,S 192,Restricting First Use of Nuclear Weapons Act of 2025,['bill'],[],119,United States,upper
ocd-bill/5772e86d-9c51-4882-a7d2-f27a65787006,HR 1795,NETWORKS Act,['bill'],[],119,United States,lower
ocd-bill/4703d37f-1f62-4de9-bf32-b304515eb1d8,HR 1816,WOSB Accountability Act,['bill'],[],119,United States,lower
ocd-bill/51cffc04-b078-4d53-aa62-60ef1d8ee793,HR 1818,Aviation Workforce Development Act,['bill'],[],119,United States,lower
ocd-bill/9bee99ab-b787-4357-b3e9-6de4202a8588,HR 1781,To repeal certain executive orders.,['bill'],[],119,United States,lower
ocd-bill/3f559857-308a-4fc0-ae3c-28832b5045ec,HR 1779,SWAMP Act,['bill'],[],119,United States,lower
ocd-bill/66944901-d3b1-4f68-b4ed-59e4599b9e89,HR 1546,Erie Canal Bicentennial Commemorative Coin Act,['bill'],[],119,United States,lower
ocd-bill/04d6c5bd-4289-4362-b508-597f6d76c140,HR 1461,"To designate the facility of the United States Postal Service located at 521 Thorn Street in Sewickley, Pennsylvania, as the ""Mary Elizabeth 'Bettie' Cole Post Office Building"".",['bill'],[],119,United States,lower
ocd-bill/a761c62c-d295-4ea4-9ef8-3c26246c5a04,HR 1515,GOOD Act,['bill'],[],119,United States,lower
ocd-bill/5062e1e2-22ed-4060-bd8b-f421b0c868e2,HR 2234,Ensuring Veterans Timely Access to Anesthesia Care Act of 2025,['bill'],[],119,United States,lower
ocd-bill/d4846074-8b10-4959-a2f2-dde5b11ffbb0,S 706,American Victims of Terrorism Compensation Act,['bill'],[],119,United States,upper
ocd-bill/42f4f976-2de8-4d11-9e83-e88ea8b008fc,S 680,Ending China's Unfair Advantage Act of 2025,['bill'],[],119,United States,upper
ocd-bill/02358332-2f2b-4de7-9c83-cc6c0778a6cd,S 679,LEOSA Reform Act,['bill'],[],119,United States,upper
ocd-bill/af6b3619-877b-4893-bd83-54a5f6711c6a,S 720,Empowering and Enforcing Environmental Justice Act of 2025,['bill'],[],119,United States,upper
ocd-bill/a58c8362-5c86-4bee-b28f-385980404198,HR 1524,ALYSSA Act,['bill'],[],119,United States,lower
ocd-bill/8351a216-2189-4fad-be04-d3cc6670600b,HR 1572,World LEAP Act,['bill'],[],119,United States,lower
ocd-bill/b86032d6-a53b-4847-a7e0-5a42f04c5799,HR 551,Make the Migrant Protection Protocols Mandatory Act of 2025,['bill'],[],119,United States,lower
ocd-bill/9d17900d-53ba-49ec-9a00-f38d2d0690c8,HR 942,Banning SPR Oil Exports to Foreign Adversaries Act,['bill'],[],119,United States,lower
ocd-bill/3d2e40fb-faae-41fe-8b87-b126786f4cdf,HR 1518,New Era of Preventing End-Stage Kidney Disease Act,['bill'],[],119,United States,lower
ocd-bill/314ffa37-d455-421e-8288-f6fbf43f12f2,HR 475,Sanction Russian Nuclear Safety Violators Act of 2025,['bill'],[],119,United States,lower
ocd-bill/7e695059-1422-4248-aa81-3cec2b29ce97,HR 1787,Roberto Clemente Commemorative Coin Act,['bill'],[],119,United States,lower
ocd-bill/c3a63aee-f16b-4844-9988-d10dd261f403,HR 1766,NTIA Policy and Cybersecurity Coordination Act,['bill'],[],119,United States,lower
ocd-bill/934c440f-31e3-45f6-a037-c6bde1f8d00e,HR 1673,"To designate the facility of the United States Postal Service located at 28 East Airy Street in Norristown, Pennsylvania, as the ""Charles L. Blockson Post Office Building"".",['bill'],[],119,United States,lower
ocd-bill/aef6225f-010d-4cd4-9b67-308565dcf212,HR 1801,Employer Participation in Repayment Act,['bill'],[],119,United States,lower
ocd-bill/2acd67f4-6f06-4a78-ac71-a456c0d80656,HRES 149,Supporting the goals and ideals of International Mother Language Day in bringing attention to the importance of preserving linguistic and cultural heritage through education.,['resolution'],[],119,United States,lower
ocd-bill/51c00342-45e1-4b12-a1c6-74feb9251408,HRES 145,"Impeaching Paul Adam Engelmayer, United States District Court Judge for the Southern District of New York, for high crimes and misdemeanors.",['resolution'],[],119,United States,lower
ocd-bill/df3e0733-ef09-4a2c-a1ee-757ba4e1c933,HR 1798,End Tobacco Loopholes Act,['bill'],[],119,United States,lower
ocd-bill/a2b2347e-572c-48e2-a012-b1acc7d7ae4f,HR 1686,No More D.C. Waste Act,['bill'],[],119,United States,lower
ocd-bill/bbd9b8f4-5688-423a-bd37-891f2aa1d9da,HR 656,Protecting Military Parental Leave Evaluations Act,['bill'],[],119,United States,lower
ocd-bill/b76f0476-fa39-4179-b6cd-815c65788932,HR 671,Vital Documents Access for Unaccompanied Homeless Youth Act of 2025,['bill'],[],119,United States,lower
ocd-bill/931a65db-04dd-431a-8660-324eff0111a2,HR 643,Federal Insurance Office Elimination Act,['bill'],[],119,United States,lower
ocd-bill/e808c2ca-85f8-4ae7-9d9a-79f8aeb33b12,HR 323,"To designate the facility of the United States Postal Service located at 80 Prospect Street in Avon, New York, as the ""Officer Anthony Mazurkiewicz Memorial Post Office Building"".",['bill'],[],119,United States,lower
ocd-bill/ea2d3055-74f4-4102-9d7a-3c9bbb7ce860,HR 271,Defund Planned Parenthood Act of 2025,['bill'],[],119,United States,lower
ocd-bill/8cf575a2-62fa-42ed-87c9-6e5437217970,HR 224,Disabled Veterans Housing Support Act,['bill'],[],119,United States,lower
ocd-bill/e4c30eff-f37d-4167-87a0-523320c5f9f0,HR 151,Equal Representation Act,['bill'],[],119,United States,lower
ocd-bill/643d4d5b-5a2b-4dbd-886f-23bac35e4215,HR 522,FAITH in Small Business Act,['bill'],[],119,United States,lower
ocd-bill/c0bddf83-df06-41ce-9e70-b9759214d91a,HR 589,FACE Act Repeal Act of 2025,['bill'],[],119,United States,lower
ocd-bill/a0f4cbf2-ad66-4601-863a-e0130c4da8ff,HR 472,Restore VA Accountability Act of 2025,['bill'],[],119,United States,lower
ocd-bill/3afac2fe-1856-471b-b070-63f0b2c66da6,HR 674,Northeast Fisheries Heritage Protection Act of 2025,['bill'],[],119,United States,lower
ocd-bill/14007f89-5d30-47ba-9758-3fac00877bc2,HR 663,"To oppose the permitting of deep seabed mining and exploration for deep seabed mining, and for other purposes.",['bill'],[],119,United States,lower
ocd-bill/577b8042-1ccb-43a7-acf3-0bffbea71b92,HR 609,Assuring Medicare’s Promise Act of 2025,['bill'],[],119,United States,lower
ocd-bill/71acbb52-0f2d-4de4-81a4-965266cc82fc,HR 695,Medal of Honor Act,['bill'],[],119,United States,lower
ocd-bill/cd385b33-ab5d-467a-bc46-2230bd3b9f5f,HR 692,China Exchange Rate Transparency Act of 2025,['bill'],[],119,United States,lower
ocd-bill/f23318f4-a82e-4e91-bc51-67f07f1618ea,HR 664,American Seabed Protection Act,['bill'],[],119,United States,lower
ocd-bill/fdd86bba-cde2-4f58-88b4-88a3d2475ee9,HR 689,FREE Act,['bill'],[],119,United States,lower
ocd-bill/3f6e0ca6-78df-49a7-ae8d-c9af8c2e6716,HR 705,To direct the Secretary of Defense to establish a compensation fund for military firefighters exposed to PFAS.,['bill'],[],119,United States,lower
ocd-bill/93a6413d-dc32-4ba3-99a3-292aebeb1d66,HR 666,Noncontiguous Shipping Reasonable Rate Act of 2024,['bill'],[],119,United States,lower
ocd-bill/c5a63e44-5a5f-4c37-aadc-767ef4140f05,HR 694,Restoring Trade Fairness Act,['bill'],[],119,United States,lower
ocd-bill/65c8c1af-2edc-48a9-a0ef-f8757517071a,HR 647,Ensuring Veterans’ Final Resting Place Act of 2025,['bill'],[],119,United States,lower
ocd-bill/f0935c2c-8c49-4dbc-9a60-bac757979586,HR 708,SHIELD Against CCP Act,['bill'],[],119,United States,lower
ocd-bill/b7a0b650-615d-4f23-9053-2761c19b01e6,HR 676,To exempt Federal actions related to energy and mineral activities on certain Federal lands from the requirements of the National Environmental Policy Act of 1969.,['bill'],[],119,United States,lower
ocd-bill/92a1bb95-aaa9-4b62-8f74-e4982557a3ca,HR 648,Strengthening our Servicemembers with Milk Act,['bill'],[],119,United States,lower
ocd-bill/278c8a63-a317-42e0-ad80-54c9417a6511,HR 669,Restricting First Use of Nuclear Weapons Act of 2025,['bill'],[],119,United States,lower
ocd-bill/592f7d6f-3dbf-408c-a1d5-ec1c7970d019,HR 698,Asylum Accountability Act,['bill'],[],119,United States,lower
ocd-bill/b245bcfa-2e8a-41d6-b5fb-aa0745daeb84,HR 700,MACARTHUR Act,['bill'],[],119,United States,lower
ocd-bill/2c3d74c8-0015-40ab-86b4-b7c2127401b6,HR 651,Spectrum Pipeline Act of 2025,['bill'],[],119,United States,lower
ocd-bill/a58941d9-cd7b-4008-8c18-04ee5d990d94,HR 673,ICE Security Reform Act of 2025,['bill'],[],119,United States,lower
ocd-bill/ad457f2c-7f17-45bc-8f81-4082480e5c3b,HR 714,Jobs Now Act of 2025,['bill'],[],119,United States,lower
ocd-bill/8728be14-f7b1-4aac-9096-ccc7700e627b,HR 680,Caring for Survivors Act of 2025,['bill'],[],119,United States,lower
ocd-bill/c67d5b76-7d21-4132-96c4-3c222caf16fa,HR 659,Veterans Law Judge Experience Act of 2025,['bill'],[],119,United States,lower
ocd-bill/b31cc646-99ea-4f1d-84f5-91ee00fed24f,HR 706,DHS Biodetection Improvement Act,['bill'],[],119,United States,lower
ocd-bill/3bd11679-4575-4da3-9555-d36424e7e2c1,HR 652,Small Business Investor Tax Parity Act of 2025,['bill'],[],119,United States,lower
ocd-bill/2a7e0c00-c484-4115-94c2-74fa0f5db033,HR 704,To provide for the issuance of a Manatee Semipostal Stamp.,['bill'],[],119,United States,lower
ocd-bill/9e73bce1-405a-400e-94e9-fb55da06779d,HR 713,Preventing Financial Exploitation in Higher Education Act,['bill'],[],119,United States,lower
ocd-bill/cfebeecb-fbfd-4295-aaf9-12dad12e31a8,HR 646,Build Housing with Care Act of 2025,['bill'],[],119,United States,lower
ocd-bill/d57b22a7-e1b9-4802-b78a-5d0c072338f3,HR 675,Domestic SUPPLY Act of 2025,['bill'],[],119,United States,lower
ocd-bill/7f23626e-f0bc-4583-a2d9-e74a84d78f92,HR 707,Deport Illegal Voters Act of 2025,['bill'],[],119,United States,lower
ocd-bill/6cec5760-2283-4d5f-8887-09b89639cdf8,HR 681,"To amend the Act of August 9, 1955 (commonly known as the ""Long-Term Leasing Act""), to authorize leases of up to 99 years for land held in trust for the Mashpee Wampanoag Tribe and the Wampanoag Tribe of Gay Head (Aquinnah), and for other purposes.",['bill'],[],119,United States,lower
ocd-bill/d5f75e50-d518-453e-9add-2ed548c0e731,HR 712,Child and Animal Abuse Detection and Reporting Act,['bill'],[],119,United States,lower
ocd-bill/8a43de1f-be95-41b1-8734-ddb413503801,HR 670,Lady Liberty Act of 2025,['bill'],[],119,United States,lower
ocd-bill/5c42752f-a9d4-4853-a680-514fa560d1e6,HR 672,"To establish new ZIP Codes for certain communities, and for other purposes.",['bill'],[],119,United States,lower
ocd-bill/f21695a3-7d8a-4c15-827a-672ec6552550,HR 710,Regulation Decimation Act,['bill'],[],119,United States,lower
ocd-bill/fa5305e5-0932-48c0-8ac4-b155809dd339,HR 665,Noncontiguous Shipping Competition Act,['bill'],[],119,United States,lower
ocd-bill/5b69aa5d-2bb0-4909-85bc-b78db8f5fadc,HR 685,SAVE Moms and Babies Act of 2025,['bill'],[],119,United States,lower
ocd-bill/52759516-94f1-40a5-b7be-7bd457a5e49f,HR 657,VA CPE Modernization Act,['bill'],[],119,United States,lower
ocd-bill/9642c2b1-3081-47f8-9b4e-512221058f1e,HR 715,BNA Fairness Act,['bill'],[],119,United States,lower
ocd-bill/3145c8b6-cc26-45dc-b1d7-e001f69ad345,HR 610,Close the Medigap Act of 2025,['bill'],[],119,United States,lower
ocd-bill/ec2d89e6-6d3f-4ffa-8557-a29a95f42d46,HR 679,"To nullify the modifications made by the Food and Drug Administration in January 2023 to the risk evaluation and mitigation strategy for the abortion pill mifepristone, and for other purposes.",['bill'],[],119,United States,lower
ocd-bill/5950fa5b-e3dd-4a81-aa68-ac7882c7454f,HR 691,"To designate the Washington Dulles International Airport in Virginia as the ""Donald J. Trump International Airport"".",['bill'],[],119,United States,lower
ocd-bill/301587f0-2a64-4f7b-9068-793adc5a4a74,HR 686,Protecting the Dignity of Unborn Children Act of 2025,['bill'],[],119,United States,lower
ocd-bill/71153968-5883-4893-b4e9-3981a22e2ae3,HR 711,FAIR Act of 2025,['bill'],[],119,United States,lower
ocd-bill/66a7899d-aa09-4c37-924f-f3009bc9ea1c,HRES 60,Expressing the support of the House of Representatives for the naming of new or undedicated facilities of the Department of Veterans Affairs after women veterans and minority veterans in order to reflect the diversity of all who have served in the Armed Forces of the United States.,['resolution'],[],119,United States,lower
ocd-bill/b857b11e-d191-4873-8115-70e9ec5f920e,HRES 63,"Expressing support for the designation of the week of January 26 through February 1, 2025, as ""National School Choice Week"".",['resolution'],[],119,United States,lower
ocd-bill/8e585abb-47c1-4205-ae4a-ef8b3247f99c,HRES 58,Congratulating the University of Vermont men's soccer team on winning the 2024 National Collegiate Athletic Association Division I men's soccer national championship.,['resolution'],[],119,United States,lower
ocd-bill/02145a91-35a8-4d4d-844a-3ebc4367fad1,HRES 62,Supporting the goals and ideals of a Juan Pablo Duarte Day.,['resolution'],[],119,United States,lower
ocd-bill/6a36e43d-90cb-4c39-8b86-275aab95cc32,HR 718,Public Lands in Public Hands Act,['bill'],[],119,United States,lower
ocd-bill/1894fa5c-63d6-4206-8c92-752e492c0f81,HR 642,Myakka Wild and Scenic River Act of 2025,['bill'],[],119,United States,lower
ocd-bill/d506689e-5192-4706-8067-8a0d362052e8,HR 702,Improving Federal Assistance to Families Act,['bill'],[],119,United States,lower
ocd-bill/bb85f5e7-49a9-48c6-8fb9-b036015a5a49,HR 661,MIRACLE Medical Technology Act of 2025,['bill'],[],119,United States,lower
ocd-bill/7349fd39-0fe4-4c6b-abfc-336128651624,HR 688,Standing with Moms Act,['bill'],[],119,United States,lower
ocd-bill/17a0a23d-ede2-451c-a029-efc1ba3f3d2b,HR 678,Expression of Interest Sensibility Act,['bill'],[],119,United States,lower
ocd-bill/26793e66-0e12-403b-a827-a5f7731aef5e,HR 716,Fill the Lake Act,['bill'],[],119,United States,lower
ocd-bill/8bfa5d87-49be-4ec8-8dda-cf4df6865dc9,HR 683,Combat Veterans Pre-Enrollment Act of 2025,['bill'],[],119,United States,lower
ocd-bill/d4735ca0-9fd4-4bbc-ad6a-c242ad024275,HR 699,No Taxpayer Funding for the U.N. Population Fund,['bill'],[],119,United States,lower
ocd-bill/d57c26ee-8d33-4ebb-8d5b-b6b3383181a6,HRES 61,"Expressing support for the recognition of January as ""Muslim-American Heritage Month"" and celebrating the heritage and culture of Muslim Americans in the United States.",['resolution'],[],119,United States,lower
ocd-bill/fdedb1cf-6c70-4fa0-ab38-7836051f10d9,HR 701,REDUCE Food Prices Act,['bill'],[],119,United States,lower
ocd-bill/61f52c40-521d-4208-b3f6-118784de884f,HJRES 29,Proposing an amendment to the Constitution of the United States to provide that no person shall be elected to the office of the President more than three times.,['resolution'],[],119,United States,lower
ocd-bill/00424ff0-ebc6-4f5c-8156-c8526382e607,HR 717,Wildlife Movement Through Partnerships Act of 2025,['bill'],[],119,United States,lower
ocd-bill/850794e9-636d-4777-a0d5-a1e8a4c26c23,HR 690,To prohibit the use of Federal funds to implement Salmonella framework for raw poultry products.,['bill'],[],119,United States,lower
ocd-bill/64663a51-b952-49c4-b5a7-e532ff26f035,HR 697,End the Deep State Act,['bill'],[],119,United States,lower
ocd-bill/fc71fd06-edfc-4de2-abaf-480dc54acf84,HR 654,TABS Act of 2025,['bill'],[],119,United States,lower
ocd-bill/81e4901f-86da-4c37-8f42-e64d39cf7538,HRES 59,"Expressing the sense of the House of Representatives that the sermon given by the Right Reverend Mariann Edgar Budde at the National Prayer Service on January 21st, 2025, at the National Cathedral was a display of political activism and condemning its distorted message.",['resolution'],[],119,United States,lower
ocd-bill/a669375a-1ec5-469c-9b06-927151888154,HRES 57,"Recognizing the benefits of natural gas to the United States economy and environment, and recognizing natural gas as an affordable and ""green"" energy.",['resolution'],[],119,United States,lower
ocd-bill/66cab877-6f3d-42c8-842b-b0ff4d17d6bd,HR 696,End Unaccountable Amnesty Act,['bill'],[],119,United States,lower
ocd-bill/7f08038d-90cf-4c7b-a68f-a532876a7c0a,HR 653,Protect Minors from Medical Malpractice Act of 2025,['bill'],[],119,United States,lower
ocd-bill/aab465be-b900-4fb5-a357-250489fa48d5,HR 645,National Constitutional Carry Act,['bill'],[],119,United States,lower
ocd-bill/18ba32df-c078-407c-86ca-84cd3cb63696,HR 655,The Dalles Watershed Development Act,['bill'],[],119,United States,lower
ocd-bill/d469f99b-11c8-4a73-8759-a0c08169e83e,HR 684,Protecting American Savers and Retirees Act,['bill'],[],119,United States,lower
ocd-bill/98ee8b23-4866-4391-b212-392bbdd881c6,SRES 32,"A resolution designating January 23, 2025, as ""Maternal Health Awareness Day"".",['resolution'],[],119,United States,upper
ocd-bill/040db31c-93b7-4e90-856f-48ade69a4141,S 46,Health Care Affordability Act of 2025,['bill'],[],119,United States,upper
ocd-bill/40f596b8-22a3-4f7f-a148-c33522ac805b,SRES 31,A resolution calling on the Government of Panama to expel officials and interests of the People's Republic of China and terminate Chinese management of key Panamanian ports.,['resolution'],[],119,United States,upper
ocd-bill/357b90e8-6cf4-41ad-9190-b124ca91172c,SRES 33,"A resolution expressing support for the recognition of January as ""Muslim-American Heritage Month"" and celebrating the heritage and culture of Muslim Americans in the United States.",['resolution'],[],119,United States,upper
ocd-bill/892264a3-8330-45e8-aa69-5c4b99202505,SRES 34,A resolution congratulating the Washington University in St. Louis Bears women's soccer team for winning the 2024 NCAA Division III Women's Soccer Championship.,['resolution'],[],119,United States,upper
ocd-bill/4a5cca29-51a4-427e-8bfd-a20e456f4491,S 157,CONTAINER Act,['bill'],[],119,United States,upper
ocd-bill/125f861e-d7ea-4e3a-a5d9-16ba3f30a06c,S 233,Restoring Confidence in the World Anti-Doping Agency Act of 2025,['bill'],[],119,United States,upper
ocd-bill/336d0bef-a83b-4806-b496-f4b7aa048404,S 223,Restoring the First Amendment and Right to Peaceful Civil Disobedience Act of 2025,['bill'],[],119,United States,upper
ocd-bill/c3761870-584d-4bdb-bbd9-b26b54c7c53f,S 218,"A bill to designate the area between the intersections of 16th Street, Northwest and Fuller Street, Northwest and 16th Street, Northwest and Euclid Street, Northwest in Washington, District of Columbia, as ""Oswaldo Paya Way"".",['bill'],[],119,United States,upper
ocd-bill/ac1e05f8-34c9-4d84-b43f-a1e83ac9bd74,S 227,PEACE Act of 2025,['bill'],[],119,United States,upper
ocd-bill/3f7ec398-8396-4c45-8de4-42528ac5cdcd,S 217,"Apex Project, Nevada Land Transfer and Authorization Act Amendments Act",['bill'],[],119,United States,upper
ocd-bill/e7b71093-d8e9-4581-a78e-dd864f1a135f,S 229,DTC Act of 2025,['bill'],[],119,United States,upper
ocd-bill/08959a50-3834-40b9-a0d0-1df0ff7d558d,S 238,FREE Act,['bill'],[],119,United States,upper
ocd-bill/587edf9d-25ba-4b9e-b9b7-848d36c520ef,S 215,"Maintaining Academy Culture and Assuring Retention of Tradition, Honor, and Unity of the Republic Act (MACARTHUR) Act",['bill'],[],119,United States,upper
ocd-bill/46f451a8-f53e-4ce0-95e2-a494525b9dfe,S 200,RULES Act,['bill'],[],119,United States,upper
ocd-bill/2583b9ff-1caa-4007-a240-55837e46f3a0,S 224,Promoting Domestic Energy Production Act,['bill'],[],119,United States,upper
ocd-bill/f5ba4eb5-cef9-4b53-9e70-e2b31aeff6bc,S 205,Protecting Individuals with Down Syndrome Act,['bill'],[],119,United States,upper
ocd-bill/5f13b070-7723-4406-8af0-890bd40cb168,S 212,POLICE Act of 2025,['bill'],[],119,United States,upper
ocd-bill/c1087f9c-f96e-4645-bd3d-3640e458aa68,S 235,Apprenticeship Pathways Act of 2025,['bill'],[],119,United States,upper
ocd-bill/ab2e4353-b613-4631-8133-7a1202517fad,S 199,A bill to amend the Internal Revenue Code of 1986 to provide special rules for the taxation of certain residents of Taiwan with income from sources within the United States.,['bill'],[],119,United States,upper
ocd-bill/fb3598e8-62f7-4951-9098-a2ad434359d8,S 209,Protecting Minors from Medical Malpractice Act of 2025,['bill'],[],119,United States,upper
ocd-bill/16b72d54-dc30-4586-81d2-2fae72566972,S 208,"A bill to amend the Public Health Service Act to reauthorize the Stop, Observe, Ask, and Respond to Health and Wellness Training Program.",['bill'],[],119,United States,upper
ocd-bill/eb6acedd-870d-4af3-8cd1-910d447078b7,S 206,Restoring Trade Fairness Act,['bill'],[],119,United States,upper
ocd-bill/a0c07556-34b9-4815-82c7-6f2ddd1361ca,S 207,Protecting Life on College Campus Act of 2025,['bill'],[],119,United States,upper
ocd-bill/bf321390-507f-47f4-bcda-7807101b1085,S 211,Resiliency for Ranching and Natural Conservation Health Act,['bill'],[],119,United States,upper
ocd-bill/82f6d147-2200-4c1d-b9b1-0aaf7246cc08,S 236,"A bill to amend the Act of August 9, 1955 (commonly known as the ""Long-Term Leasing Act""), to authorize leases of up to 99 years for land in the Mashpee Wampanoag Tribe Reservation and land held in trust for the Wampanoag Tribe of Gay Head (Aquinnah), and for other purposes.",['bill'],[],119,United States,upper
ocd-bill/adf92286-a95f-4197-9698-27a319d90c53,S 214,MEDAL Act of 2025,['bill'],[],119,United States,upper
ocd-bill/987dd701-a2a8-49d9-9d5d-f5c298e51bd9,SJRES 5,A joint resolution directing the removal of United States Armed Forces from hostilities in Ukraine that have not been authorized by Congress.,['resolution'],[],119,United States,upper
ocd-bill/1e0372b4-ac24-4f5d-8bca-d194e3ebf1be,S 228,Acequia Communities Empowered by Qualifying Upgrades for Infrastructure Act,['bill'],[],119,United States,upper
ocd-bill/44bb2971-4087-4fd5-a47a-7f7ce3871520,S 219,Veterans Health Care Freedom Act,['bill'],[],119,United States,upper
ocd-bill/ff992cbd-4634-44dc-8421-adf691340215,S 210,SWAG Act,['bill'],[],119,United States,upper
ocd-bill/5e22842a-6b09-4ba6-bea6-dc211228d993,SJRES 6,A joint resolution directing the removal of United States Armed Forces from hostilities in Syria that have not been authorized by Congress.,['resolution'],[],119,United States,upper
ocd-bill/edd8bf0f-822e-4384-82db-c8c41af7198b,S 226,No Tax Dollars for Terrorists Act,['bill'],[],119,United States,upper
ocd-bill/d096ab1e-d362-4a9f-9110-f9a9a0c4817a,S 231,WEATHER Act of 2025,['bill'],[],119,United States,upper
ocd-bill/8271ee76-f785-4784-9e1e-0e1eb3c4fbe1,S 234,Prosecutors Need to Prosecute Act of 2025,['bill'],[],119,United States,upper
ocd-bill/95d9fdf7-27eb-47f0-925d-82f5e466fbd1,S 232,Preventing Algorithmic Collusion Act of 2025,['bill'],[],119,United States,upper
ocd-bill/c4cc4979-95cd-4694-b21a-db1304eb27a3,S 201,ACES Act,['bill'],[],119,United States,upper
ocd-bill/cc37575c-6407-4ef4-a570-c0e8b4c50052,S 216,Save Our Seas 2.0 Amendments Act,['bill'],[],119,United States,upper
ocd-bill/3a29658a-d110-427e-8521-f2adc3573c78,S 204,Families’ Rights and Responsibilities Act,['bill'],[],119,United States,upper
ocd-bill/5d79a6bf-39f6-48a4-86ae-de16c5af927b,S 202,Helping Small Businesses THRIVE Act,['bill'],[],119,United States,upper
ocd-bill/7f2d3931-f66b-4ec9-8ce9-da95f806cca4,S 221,Extending Limits of United States Customs Waters Act of 2025,['bill'],[],119,United States,upper
ocd-bill/3ab65da2-7e5d-43f8-9008-fcf37ebf6c20,S 225,End Unaccountable Amnesty Act,['bill'],[],119,United States,upper
ocd-bill/e163de37-72cd-434a-8d70-0d98f0475318,S 203,Defund Planned Parenthood Act,['bill'],[],119,United States,upper
ocd-bill/7948c013-1251-4ebb-b294-7a62e1892865,S 230,Unborn Child Support Act,['bill'],[],119,United States,upper
ocd-bill/97eae76d-4cf6-4ec0-8d73-4c5152aac664,HR 33,To amend the Internal Revenue Code of 1986 to provide special rules for the taxation of certain residents of Taiwan with income from sources within the United States.,['bill'],[],119,United States,lower
ocd-bill/15dfc6c3-3050-4512-81eb-3f9b76744654,SJRES 21,A joint resolution providing for congressional disapproval of the proposed foreign military sale to Israel of certain defense articles and services.,['resolution'],[],119,United States,upper
ocd-bill/25ca3321-c31c-497e-afbf-38dff310e215,S 659,GRACIE Act of 2025,['bill'],[],119,United States,upper
ocd-bill/b715e3ea-215e-4676-ac72-d977befbcebd,SJRES 22,A joint resolution providing for congressional disapproval of the proposed foreign military sale to Israel of certain defense articles and services.,['resolution'],[],119,United States,upper
ocd-bill/c1fac32d-7554-4318-8498-f62a12ca3bda,SJRES 23,A joint resolution providing for congressional disapproval of the proposed license amendment for the export to Israel of certain defense articles and services.,['resolution'],[],119,United States,upper
ocd-bill/6560345a-6099-4af1-8ec0-2301ef77e774,S 655,Stop Tax Penalties on American Hostages Act of 2025,['bill'],[],119,United States,upper
ocd-bill/74808611-aa57-407e-981b-e33f8e0d9a30,SJRES 20,A joint resolution providing for congressional disapproval of the proposed foreign military sale to Israel of certain defense articles and services.,['resolution'],[],119,United States,upper
ocd-bill/e39544eb-3905-4cb7-8bb6-9e5e34971b5e,S 645,North Platte Canteen Congressional Gold Medal Act,['bill'],[],119,United States,upper
ocd-bill/4f5998f7-48fa-4d3e-8419-cd024bbe9a35,HR 23,Illegitimate Court Counteraction Act,['bill'],[],119,United States,lower
ocd-bill/bcddf34a-bf77-4435-9b47-a2d8e7d98953,HR 354,Small Business Growth Act,['bill'],[],119,United States,lower
ocd-bill/ccb56c6f-5774-4c54-8c3e-a70df40968e4,HR 600,WHO is Accountable Act,['bill'],[],119,United States,lower
ocd-bill/2532bbce-721b-40d5-9c34-ac556f742bf5,S 50,Transnational Criminal Organization Illicit Spotter Prevention and Elimination Act,['bill'],[],119,United States,upper
ocd-bill/6cb3175b-f18e-45e5-8561-269d2de3fffe,HR 274,Sunset Chevron Act,['bill'],[],119,United States,lower
ocd-bill/bf4897ee-ec60-499b-b2b2-bb6fb7afa6eb,HR 1009,"To designate the facility of the United States Postal Service located at 86 Main Street in Haverstraw, New York, as the ""Paul Piperato Post Office Building"".",['bill'],[],119,United States,lower
ocd-bill/b37688df-deab-4f1b-8ff5-fb8bd7bb10d1,HR 1020,BOOST Act,['bill'],[],119,United States,lower
ocd-bill/177c8422-d37d-4758-9d09-2c9ccf630352,HR 478,Promoting New Bank Formation Act,['bill'],[],119,United States,lower
ocd-bill/76c1d5f1-b022-411c-8a14-a707282d807f,HR 516,To amend the Internal Revenue Code of 1986 to modify the railroad track maintenance credit.,['bill'],[],119,United States,lower
ocd-bill/2a32acd4-2237-483a-8618-a12d66aa4280,HR 630,Neighbors Not Enemies Act,['bill'],[],119,United States,lower
ocd-bill/b4a4eed6-45a3-423e-80b1-84f24c665598,HR 934,Chinese Spy Balloon Assessment Act,['bill'],[],119,United States,lower
ocd-bill/b81a1728-923c-414e-80d1-0ee67a66eb00,HR 943,No User Fees for Gun Owners Act,['bill'],[],119,United States,lower
ocd-bill/ac74b689-3355-495e-ae14-139628338130,HR 1078,Respect State Housing Laws Act,['bill'],[],119,United States,lower
ocd-bill/c720fe83-0495-4076-91b0-adb887587701,HR 1166,Decoupling from Foreign Adversarial Battery Dependence Act,['bill'],[],119,United States,lower
ocd-bill/fdef1e56-6cbb-4729-93ff-3d12c7b5880c,HR 1171,SAFE Act,['bill'],[],119,United States,lower
ocd-bill/15dc45d2-1ee0-4c3a-988e-13802409527d,HR 1163,Prove It Act of 2025,['bill'],[],119,United States,lower
ocd-bill/136ad4fa-53b8-4af0-8576-a657733500da,HR 1168,Protecting Federal Funds from Human Trafficking and Smuggling Act of 2025,['bill'],[],119,United States,lower
ocd-bill/c8d40404-df41-41bc-8010-890bb6808a08,HR 1160,Health Care Provider Shortage Minimization Act of 2025,['bill'],[],119,United States,lower
ocd-bill/1bf57a09-ad03-4e72-a4fb-9b0b09cbe7cd,HR 1162,Medicaid Primary Care Improvement Act,['bill'],[],119,United States,lower
ocd-bill/a901d40f-4867-411b-aeab-f474b2dfcc70,HR 1176,Clock Hour Program Student Protection Act,['bill'],[],119,United States,lower
ocd-bill/0f6d7fb9-5c7a-45eb-af10-1d7b6f3340bb,HR 1152,Electronic Filing and Payment Fairness Act,['bill'],[],119,United States,lower
ocd-bill/83aa0cb1-97b7-455b-86d1-859f8bab4a27,HR 1154,Space Infrastructure Act,['bill'],[],119,United States,lower
ocd-bill/53d377a9-c106-4e67-99d6-af119311b210,HR 1153,Rural Physician Workforce Production Act of 2025,['bill'],[],119,United States,lower
ocd-bill/8b26266f-dac4-4c60-b9d2-8cb83d222fea,HR 1157,ACCESS Act,['bill'],[],119,United States,lower
ocd-bill/8ef00c1b-cdad-452f-8bf3-e6ab3de06307,HR 1173,Equal Federal Funding for the District of Columbia Act,['bill'],[],119,United States,lower
ocd-bill/afa386a8-5734-4918-b2b2-de655b527161,HR 1167,Keep China Out of Solar Energy Act of 2025,['bill'],[],119,United States,lower
ocd-bill/cdd5ab35-1254-4b9b-a143-92fc6682e2a4,HR 1178,Alpha-gal Allergen Inclusion Act,['bill'],[],119,United States,lower
ocd-bill/36e8ed46-b336-4062-8523-b675a1d0c1b4,HR 1169,Wildfire Victim Tax Relief and Recovery Act,['bill'],[],119,United States,lower
ocd-bill/9086725e-f458-42ac-b2a7-3b27531606c8,HR 1002,Caring for All Families Act,['bill'],[],119,United States,lower
ocd-bill/9384020d-88ad-4107-92a3-0ff3e59ef329,HR 1174,Ensuring Distance Education Act,['bill'],[],119,United States,lower
ocd-bill/72400800-f1ba-4ec5-ae70-8411f403a4f1,HR 1156,Pandemic Unemployment Fraud Enforcement Act,['bill'],[],119,United States,lower
ocd-bill/2ecb418d-d344-429e-9acb-85ba17f5541a,HRES 33,Supporting the goals and ideals of Korean American Day.,['resolution'],[],119,United States,lower
ocd-bill/239a57e7-974d-48d1-9c46-8495c8ec0dce,HR 1165,Port Crane Security and Inspection Act of 2025,['bill'],[],119,United States,lower
ocd-bill/086fb61c-1647-4611-8d4b-e3dd49a1572e,HR 1179,Chiquita Canyon Tax Relief Act,['bill'],[],119,United States,lower
ocd-bill/c98166af-b472-462d-b2ff-8a5be5808ca4,HR 1155,Recovery of Stolen Checks Act,['bill'],[],119,United States,lower
ocd-bill/50d6ac8b-a6d0-48a1-ba8f-2fdca166ab28,HR 1170,Congressional Access to Military Posts Act of 2025,['bill'],[],119,United States,lower
ocd-bill/e25043a7-e3b5-4924-97a6-95821ef25a03,HCONRES 10,Emergency Border Control Resolution,['resolution'],[],119,United States,lower
ocd-bill/96ec882d-4838-463b-a457-12426395dd8f,HRES 123,Congratulating the Philadelphia Eagles on their victory in Super Bowl LIX.,['resolution'],[],119,United States,lower
ocd-bill/9b97a3fe-2806-4543-8aed-48e095507c2e,HRES 122,"Providing for consideration of the bill (H.R. 77) to amend chapter 8 of title 5, United States Code, to provide for en bloc consideration in resolutions of disapproval for ""midnight rules"", and for other purposes.",['resolution'],[],119,United States,lower
ocd-bill/382ed98f-786b-4784-b84b-3b851f4d83b4,HRES 124,"Expressing continued support for the people of Puerto Rico, and urging the Federal Government to expedite the rebuilding of Puerto Rico's electrical grid.",['resolution'],[],119,United States,lower
ocd-bill/a45e6d93-02e7-4630-9742-8af5f3f333fe,HR 383,End Oil and Gas Tax Subsidies Act of 2025,['bill'],[],119,United States,lower
ocd-bill/26b13d51-682f-4209-886f-f75adeb3235b,SRES 68,"A resolution expressing the sense of the Senate that the United States shall not deploy United States military assets or personnel to Gaza for purposes of ""taking over"" Gaza.",['resolution'],[],119,United States,upper
ocd-bill/0c4e80ff-e8fa-447b-ab0f-a64b5ee89cef,S 158,Preventing Violence Against Women by Illegal Aliens Act,['bill'],[],119,United States,upper
ocd-bill/88397ac0-364b-4aa8-8066-f100eba5df91,S 502,Rural Hospital Closure Relief Act of 2025,['bill'],[],119,United States,upper
ocd-bill/7fe60327-dc14-4f41-ae9b-03ac1c33c67c,S 504,High Rise Fire Sprinkler Incentive Act of 2025,['bill'],[],119,United States,upper
ocd-bill/69da24aa-bb63-4841-b3b3-316ba2535f14,S 498,United States Colored Troops Congressional Gold Medal Act,['bill'],[],119,United States,upper
ocd-bill/87752745-0118-4524-b00d-cc59b28ea6a7,S 499,Government Shutdown Prevention Act of 2025,['bill'],[],119,United States,upper
ocd-bill/b297a2f8-7144-4b8b-a84c-e258941c4f72,S 503,NET Act,['bill'],[],119,United States,upper
ocd-bill/cedd7840-58ac-4789-a894-a783954dad83,S 492,Improve and Enhance the Work Opportunity Tax Credit Act,['bill'],[],119,United States,upper
ocd-bill/fc502def-1d74-4b00-aa6f-147ec615def8,S 495,Prove It Act of 2025,['bill'],[],119,United States,upper
ocd-bill/e17cd2fb-ee0a-405d-845d-3d73fe504d53,S 500,CAREER Act of 2025,['bill'],[],119,United States,upper
ocd-bill/94cf45e4-3fba-4ed1-9567-64b50ea37042,S 497,FENCE Act,['bill'],[],119,United States,upper
ocd-bill/4dc047b1-4983-4265-ac6b-dd9af1e7aff2,S 496,Wildfire Victim Tax Relief and Recovery Act,['bill'],[],119,United States,upper
ocd-bill/e8b3f004-f3d8-4689-9a46-efca25030ae4,S 501,Strategy for Public Health Preparedness and Response to Artificial Intelligence Threats,['bill'],[],119,United States,upper
ocd-bill/a82e681f-d348-4ba7-b02d-4dd91258331a,S 493,Stop the ICC Act,['bill'],[],119,United States,upper
ocd-bill/72d6885c-21d0-41a3-a4c4-f9dd1bc06220,S 494,National Plan for Epilepsy Act,['bill'],[],119,United States,upper
ocd-bill/11aa0ba5-2bcd-4afe-bc0c-e94b7afd3584,HR 248,Baby Changing on Board Act,['bill'],[],119,United States,lower
ocd-bill/9854c2be-21a5-4c96-a8c5-b76cc199c5ad,HJRES 30,"Providing for congressional disapproval under chapter 8 of title 5, United States Code, of the rule submitted by the Environmental Protection Agency relating to ""Phasedown of Hydrofluorocarbons: Management of Certain Hydrofluorocarbons and Substitutes Under the American Innovation and Manufacturing Act of 2020"".",['resolution'],[],119,United States,lower
ocd-bill/7b0b0202-9b96-405e-a81f-2a00484ca155,HR 719,No Abortion Coverage for Medicaid Act,['bill'],[],119,United States,lower
ocd-bill/01fae960-181d-49c9-a591-d3f320805eb1,HR 728,Expanding Head Start Eligibility Act of 2025,['bill'],[],119,United States,lower
ocd-bill/376ef551-f18d-488c-a0b9-2dcce3b7ecdd,HR 726,Crow Tribe Water Rights Settlement Amendments Act of 2025,['bill'],[],119,United States,lower
ocd-bill/4272e2be-b5cf-40ac-a57e-5a2b883482fc,HR 724,CBO Show Your Work Act,['bill'],[],119,United States,lower
ocd-bill/17a6451e-a7b7-4852-b377-cf0832ffc266,HR 731,Green Tape Elimination Act of 2025,['bill'],[],119,United States,lower
ocd-bill/f0bd162f-4a2e-483b-8214-478a390381e2,HR 733,To provide for a review of sanctions with respect to Hong Kong.,['bill'],[],119,United States,lower
ocd-bill/86c389d7-8377-473d-8954-c23b062f716d,HR 732,The Disaster Recovery Efficiency Act,['bill'],[],119,United States,lower
ocd-bill/25280580-0596-4dbf-a234-78a074ef5afd,HR 721,Performing Artist Tax Parity Act of 2025,['bill'],[],119,United States,lower
ocd-bill/f72ad31d-6035-48a3-958e-421262286147,HR 729,Teleabortion Prevention Act of 2025,['bill'],[],119,United States,lower
ocd-bill/1bb9d067-33c5-43bc-95ac-038ddc4ac053,HR 727,Prohibiting Abortion Industry’s Lucrative Loopholes Act,['bill'],[],119,United States,lower
ocd-bill/31f831cc-6e2a-4944-bda6-311e17bbb2c9,HR 738,Universal Right To Vote by Mail Act of 2025,['bill'],[],119,United States,lower
ocd-bill/e7d54f72-f5f2-4d4e-8118-521ea6095104,HR 737,"To require the Secretary of the Treasury to issue reports with respect to extraordinary measures, and for other purposes.",['bill'],[],119,United States,lower
ocd-bill/970c011c-a67a-49b4-855a-9eea664ccc62,HR 725,Crow Revenue Act,['bill'],[],119,United States,lower
ocd-bill/3bd74705-4d9f-4ea0-84b0-3de5aed2a16a,HR 739,Salad Bars in Schools Expansion Act,['bill'],[],119,United States,lower
ocd-bill/e672d976-39c9-41d3-be36-d37cc92989a7,HR 730,Mathematical and Statistical Modeling Education Act,['bill'],[],119,United States,lower
ocd-bill/e74d1213-f50b-4290-b0aa-cc3f7cb4cdba,HR 734,To amend the Food and Nutrition Act of 2008 with respect to the issuance of quality control guidance issued by the Secretary of Agriculture.,['bill'],[],119,United States,lower
ocd-bill/a0b66d6b-8fdf-4edc-a4d7-c96b8830b992,HR 735,United States Reciprocal Trade Act,['bill'],[],119,United States,lower
ocd-bill/9900b7bf-aecb-4337-9ae3-39ab824f8246,HR 723,Protect American Election Administration Act of 2025,['bill'],[],119,United States,lower
ocd-bill/8db14a92-d27f-44f1-bcda-bfbcf7656236,HR 720,Protecting Life in Health Savings Accounts Act,['bill'],[],119,United States,lower
ocd-bill/b72600b1-8c53-4e06-a818-4c9a782dd013,HRES 67,Recognizing the roles and the contributions of Americas Certified Registered Nurse Anesthetists (CRNAs) and their critical role in providing quality health care for the public and the Nation's Armed Forces for more than 150 years and through multiple public health emergencies and beyond.,['resolution'],[],119,United States,lower
ocd-bill/b3f5d851-6024-4619-8e74-66e9626fc8cc,HRES 65,Reaffirming the freedom to decide and expressing continued support for medication abortion access.,['resolution'],[],119,United States,lower
ocd-bill/32cb6cb2-29b1-4e58-bcbd-1d50bcba3700,HRES 69,"Celebrating Hindu Americans, condemning attacks on Hindu places of worship, Hinduphobia, and anti-Hindu bigotry, and for other purposes.",['resolution'],[],119,United States,lower
ocd-bill/be00d45c-59cf-4ee5-a452-90004555f47c,HRES 66,"Affirming the role of the United States in improving access to quality, inclusive public education and improving learning outcomes for children and adolescents, particularly for girls, around the world.",['resolution'],[],119,United States,lower
ocd-bill/22e1d468-4917-4633-ad82-c1e68ec95f1c,HR 1073,Great Lakes Gateways Network Act of 2025,['bill'],[],119,United States,lower
ocd-bill/523c82ef-7294-4404-9405-c34aa58b17ef,S 239,Crow Revenue Act,['bill'],[],119,United States,upper
ocd-bill/82b09cfa-b855-48a3-a18d-7589663b6909,SRES 35,A resolution honoring the 100th anniversary of Nellie Tayloe Ross becoming the first female elected as the Governor of a State in the United States.,['resolution'],[],119,United States,upper
ocd-bill/f23622a8-e86a-4bd1-9d69-96cd929a7076,SRES 37,"A resolution expressing the sense of the Senate that the people of the United States should have continuous access to timely, up-to-date, and accurate health information.",['resolution'],[],119,United States,upper
ocd-bill/d34c62ce-1ab4-4e26-b977-d657ec20a114,SCONRES 6,A concurrent resolution expressing the sense of Congress that tax-exempt fraternal benefit societies have historically provided and continue to provide critical benefits to the people and communities of the United States.,['resolution'],[],119,United States,upper
ocd-bill/db63a6a4-4890-4ac9-8a52-20acbcb104f7,SRES 36,"A resolution expressing the sense of the Senate that the United States, States, cities, Tribal nations, businesses, institutions of higher education, and other institutions in the United States should work toward achieving the goals of the Paris Agreement.",['resolution'],[],119,United States,upper
ocd-bill/e9558a6f-d5e4-459d-84a2-20c6b3d16009,S 241,Northern Montana Water Security Act of 2025,['bill'],[],119,United States,upper
ocd-bill/171390f8-1d6a-4d95-8f66-136e3612f712,S 248,Sustainable Cardiopulmonary Rehabilitation Services in the Home Act,['bill'],[],119,United States,upper
ocd-bill/6daea88c-1711-4331-8fde-a5561aaeab53,S 245,Insure Cybersecurity Act of 2025,['bill'],[],119,United States,upper
ocd-bill/efdc0b67-f36b-417c-8926-6a40dd3f3bad,S 242,Dignity for Aborted Children Act,['bill'],[],119,United States,upper
ocd-bill/695e34a4-7ca8-47b3-b7b2-8c83ccafd3a3,S 251,Protecting Life in Health Savings Accounts Act,['bill'],[],119,United States,upper
ocd-bill/88f38d88-a5ad-4c52-ae9b-18bf5b345be0,S 253,Abortion Is Not Health Care Act of 2025,['bill'],[],119,United States,upper
ocd-bill/a2c95155-a387-44e7-94f6-83f67efe99d6,S 255,Archie Cavanaugh Migratory Bird Treaty Amendment Act,['bill'],[],119,United States,upper
ocd-bill/27bf52e6-83f6-4447-8d89-9fe702503e0a,S 252,GOOD Act,['bill'],[],119,United States,upper
ocd-bill/c41c05d8-a598-4204-9e8f-e63de4b14874,S 250,Protecting Life in Foreign Assistance Act,['bill'],[],119,United States,upper
ocd-bill/e3371b71-69b2-4d1a-84df-317cf4f33cfd,S 254,ARTIST Act,['bill'],[],119,United States,upper
ocd-bill/4d1b72ea-8b29-44ec-abf2-0966f15b7941,S 243,Radiation Exposure Compensation Reauthorization Act,['bill'],[],119,United States,upper
ocd-bill/262d1f43-bdac-443c-b9f0-1a5d4aef56be,S 240,Crow Tribe Water Rights Settlement Amendments Act of 2025,['bill'],[],119,United States,upper
ocd-bill/41ee8345-2b8e-4bbc-9910-e9ba530366cb,S 247,Choices for Increased Mobility Act of 2025,['bill'],[],119,United States,upper
ocd-bill/d1bc34b9-4973-4337-a3aa-56f229a6ab3e,S 246,Interstate Transport Act of 2025,['bill'],[],119,United States,upper
ocd-bill/1b572ec9-5c2e-400d-b37d-2f1aeccf3876,S 249,Access to Pediatric Technologies Act of 2025,['bill'],[],119,United States,upper
ocd-bill/3c35f692-9ffe-452b-88c6-509e46aba68c,S 244,ROUTERS Act,['bill'],[],119,United States,upper
ocd-bill/6b18007d-b643-46ff-93f5-52551e8b9373,HR 77,Midnight Rules Relief Act,['bill'],[],119,United States,lower
ocd-bill/6cbe0d65-26f4-4af0-889f-db8a1e0c50b7,HR 497,Medicaid Third Party Liability Act,['bill'],[],119,United States,lower
ocd-bill/1270e692-0bfb-477f-bac2-6a8fbdbebee9,HR 375,Continued Rapid Ohia Death Response Act of 2025,['bill'],[],119,United States,lower
ocd-bill/98355224-e6bd-4182-b8cd-e80194ba42da,HR 1177,Improve and Enhance the Work Opportunity Tax Credit Act,['bill'],[],119,United States,lower
ocd-bill/a19d54e7-de2a-4936-a8f1-6d5abfdd8424,HR 1158,Freedom First Lend Lease Act,['bill'],[],119,United States,lower
ocd-bill/f2622f81-d89f-4562-a727-a0fd3c966c1e,HR 1367,ELITE Vehicles Act,['bill'],[],119,United States,lower
ocd-bill/325c544f-712f-4403-ba63-ed1642e977e3,HR 1374,Securing the Cities Improvement Act,['bill'],[],119,United States,lower
ocd-bill/77a5bbb0-a5d3-4e85-bd0d-29ab30a48ec0,HR 1393,Wildfire Response Improvement Act,['bill'],[],119,United States,lower
ocd-bill/de3d84d9-4681-4498-abf6-0d44a72bddca,HR 1366,Mining Regulatory Clarity Act of 2025,['bill'],[],119,United States,lower
ocd-bill/ee3debf8-ba81-4428-aa10-161e5509d871,HR 1372,"To designate the facility of the United States Postal Service located at 300 Macedonia Lane in Knoxville, Tennessee, as the ""Reverend Harold Middlebrook Post Office Building"".",['bill'],[],119,United States,lower
ocd-bill/31180db3-b0b6-4d4b-8df3-80b4311cfc43,HR 1368,DOE and NASA Interagency Research Coordination Act,['bill'],[],119,United States,lower
ocd-bill/f8b7ca6c-f63e-449c-9240-817299b84a7b,HR 1380,Meat and Poultry Special Investigator Act,['bill'],[],119,United States,lower
ocd-bill/8c12e261-1893-4be5-bdc3-5311fadcae6c,HR 1375,"To amend the Small Business Act with respect to the maximum additional loan amount for certain disaster loans, and for other purposes.",['bill'],[],119,United States,lower
ocd-bill/e4590533-2a13-4ae7-b1d6-e89b0f558f7b,HR 1377,Sarah Keys Evans Congressional Gold Medal Act,['bill'],[],119,United States,lower
ocd-bill/0f604d00-3530-4fa9-ae23-eba5ee6ca901,HR 1396,"To amend the Internal Revenue Code of 1986 to establish the generic drugs and biosimilars production credit, and for other purposes.",['bill'],[],119,United States,lower
ocd-bill/c0665aaf-b1bf-4b47-85b2-2932307be8ac,HR 1383,Secure Rural Schools Reauthorization Act of 2025,['bill'],[],119,United States,lower
ocd-bill/e6172932-08b3-4c3a-bb67-902840285d2c,HR 1369,President Jimmy Carter Congressional Gold Medal Act,['bill'],[],119,United States,lower
ocd-bill/be6db09c-8017-40d1-bf88-207732e18883,HR 1394,CURD Act,['bill'],[],119,United States,lower
ocd-bill/278b6af7-9246-4fa7-afea-de08bba91eca,HR 1364,ASSIST Act of 2025,['bill'],[],119,United States,lower
ocd-bill/59960be0-a724-4d30-bced-e9787d555ef7,HR 1391,Student Veteran Benefit Restoration Act of 2025,['bill'],[],119,United States,lower
ocd-bill/3b9ff524-0ac6-4d49-af97-cac9bd58e7e0,HR 1362,Downwinders Parity Act of 2025,['bill'],[],119,United States,lower
ocd-bill/447298ec-0aa9-44fb-b004-aba80950d8af,HR 1373,Tennessee Valley Authority Transparency Act of 2025,['bill'],[],119,United States,lower
ocd-bill/50e6a071-31b7-4672-99a8-97bfd7508269,HR 1376,Healthy Poultry Assistance and Indemnification Act of 2025,['bill'],[],119,United States,lower
ocd-bill/13ff3a77-e0a3-4ffc-ac98-638f7533d754,HR 1371,Presidential Legacy Act,['bill'],[],119,United States,lower
ocd-bill/d3404bea-3fa3-413a-9a36-88fc4db13e6e,HR 1378,To amend the Internal Revenue Code of 1986 to extend the temporary increase in limitation on the cover over of distilled spirits taxes to Puerto Rico and the Virgin Islands.,['bill'],[],119,United States,lower
ocd-bill/59964bcd-25a8-4cd3-97db-fb4a8f3af8d1,HR 1388,Fair-Value Accounting and Budget Act,['bill'],[],119,United States,lower
ocd-bill/06bb5568-bb6a-4dc7-9654-a6f11bee0534,HR 1382,"To amend the Federal Water Pollution Control Act with respect to San Francisco Bay restoration, and for other purposes.",['bill'],[],119,United States,lower
ocd-bill/e9402209-07f3-4673-9c15-df239268799e,HR 1370,USA FIRST Act,['bill'],[],119,United States,lower
ocd-bill/338b4ffd-03aa-480b-af50-abf0a3212f5b,HR 1379,Trafficking Survivors Relief Act of 2025,['bill'],[],119,United States,lower
ocd-bill/c1c54a3f-7ac9-4147-b6e1-d647d4ac380e,HR 1365,America First Energy Act,['bill'],[],119,United States,lower
ocd-bill/d6389da5-3026-48be-bf60-f927f031dc33,HRES 137,"Designating the House Press Gallery, Rooms H-315, H-316, H-317, H-318, and H-319 in the United States Capitol, as the ""Frederick Douglass Press Gallery"".",['resolution'],[],119,United States,lower
ocd-bill/80f4d33a-ad7a-43f6-a811-680b42adf273,HR 1381,COVID–19 Vaccination Non-Discrimination Act,['bill'],[],119,United States,lower
ocd-bill/27ac2928-01ff-44b3-bb15-8943bcac0713,HR 1363,Honor and Remember Flag Recognition Act,['bill'],[],119,United States,lower
ocd-bill/67ab8ea6-ee4f-4a07-826c-e3821ee6b420,HR 1390,Ocean Pollution Reduction Act II,['bill'],[],119,United States,lower
ocd-bill/45e1e647-2273-4d23-9b61-d6e5590d7a65,HR 1385,Strengthening Cooperation and Security in the Middle East Act,['bill'],[],119,United States,lower
ocd-bill/706ca5c1-0d4f-4a73-93c6-c07acb6f8a67,HR 1386,To establish a Department of State Domestic Protection Mission relating to unmanned aircraft system and unmanned aircraft.,['bill'],[],119,United States,lower
ocd-bill/ba0bc643-956c-4ac9-b85e-802a865c93a5,HR 1395,Trump’s Birthday and Flag Day Holiday Establishment Act,['bill'],[],119,United States,lower
ocd-bill/905d080b-121e-4c98-8741-dc4687cf78d8,HR 1387,COST Act,['bill'],[],119,United States,lower
ocd-bill/d3e9ff56-8bf7-4e52-8b75-84d8c7adaeab,HR 1384,Veterans Equal Access Act,['bill'],[],119,United States,lower
ocd-bill/aeaa4886-7033-4b4c-a026-914649f4b8eb,HCONRES 13,"Providing that George Washington's ""Farewell Address"" shall be read at the beginning of each Congress.",['resolution'],[],119,United States,lower
ocd-bill/db2250b4-b34b-4b4e-b53e-9ac3259b86c2,HRES 139,"Calling on the United Kingdom, France, and Germany (E3) to initiate the snapback of sanctions on Iran under United Nations Security Council Resolution 2231 (2015).",['resolution'],[],119,United States,lower
ocd-bill/3a917a21-c55a-473d-b8ba-1c73be9d5c57,HRES 140,Providing amounts for the expenses of the Committee on Education and Workforce in the One Hundred Nineteenth Congress.,['resolution'],[],119,United States,lower
ocd-bill/cd3f8430-c1b6-445c-8a40-4e861b52f06a,HRES 141,Providing amounts for the expenses of the Committee on Small Business in the One Hundred Nineteenth Congress.,['resolution'],[],119,United States,lower
ocd-bill/a9c21571-f950-4ded-b6e2-de841ec99c16,HRES 138,Providing amounts for the expenses of the Committee on Foreign Affairs in the One Hundred Nineteenth Congress.,['resolution'],[],119,United States,lower
ocd-bill/e474ad76-7839-49e1-bfe6-d7e6ade71918,HJRES 1,Proposing an amendment to the Constitution of the United States to require that the Supreme Court of the United States be composed of nine justices.,['resolution'],[],119,United States,lower
ocd-bill/dac32e12-fa61-4e12-8e77-afbff3edc87b,HR 469,Semiquincentennial Congressional Time Capsule Act,['bill'],[],119,United States,lower
ocd-bill/a36c954c-e7b8-410d-8342-461eef4eb067,S 103,Extend the TikTok Deadline Act,['bill'],[],119,United States,upper
ocd-bill/c3b9aa9d-e488-4ab7-be04-d455f5767fe1,S 1169,Freedom from Unfair Gun Taxes Act,['bill'],[],119,United States,upper
ocd-bill/5ed34b24-ac59-4a33-9981-5ea079e30aeb,HR 2170,"To name the Department of Veterans Affairs community-based outpatient clinic in Toms River, New Jersey, the Leonard G. 'Bud' Lomell, VA Clinic, and for other purposes.",['bill'],[],119,United States,lower
ocd-bill/caec91a0-e5cd-4729-b003-b1638c22cf0a,HR 2197,No 340B Savings for Transgender Care Act,['bill'],[],119,United States,lower
ocd-bill/6de754e5-12e5-40a7-a10c-d898bedec322,HR 35,Agent Raul Gonzalez Officer Safety Act,['bill'],[],119,United States,lower
ocd-bill/b2eec9b1-6a92-4bef-9357-7d865ec84a58,HR 136,Veteran Overmedication and Suicide Prevention Act of 2025,['bill'],[],119,United States,lower
ocd-bill/a83044ec-e87a-499d-8a8e-ae33f7f9c53a,HR 75,HOUSE Act of 2025,['bill'],[],119,United States,lower
ocd-bill/d5358e61-5642-4057-9a04-c52b7cd56df2,HR 164,POWER Act of 2025,['bill'],[],119,United States,lower
ocd-bill/e65e9041-a321-4b26-8a95-b0feacd6ab27,HR 546,Investing in Safer Traffic Stops Act of 2025,['bill'],[],119,United States,lower
ocd-bill/1db3bdd1-0679-4ae1-9f1a-4e2956a4fe8b,HR 502,Protecting Infrastructure Investments for Rural America Act,['bill'],[],119,United States,lower
ocd-bill/1bcba77f-ab73-406d-b22c-13605d6698a8,HR 501,Promoting Resilient Buildings Act of 2025,['bill'],[],119,United States,lower
ocd-bill/574454a1-eb4a-4733-9492-d4d246fa5f54,HRES 264,"Of inquiry requesting the President transmit certain documents in his possession to the House of Representatives relating to the security clearances held by Elon Musk, members of the United States Department of Government Efficiency Service, and any other individual considered to be a member of the DOGE team.",['resolution'],[],119,United States,lower
ocd-bill/fd7bbc8a-f080-4e9c-82bc-13f0b54fc212,HR 514,SWAMP Act,['bill'],[],119,United States,lower
ocd-bill/5d9ebf8a-debb-4624-946b-9b6c75c54947,HR 623,LICENSE Act of 2025,['bill'],[],119,United States,lower
ocd-bill/8d84331d-6518-4aa1-bc07-90a0e860f609,SRES 145,"A resolution protecting the Iranian political refugees, including female former political prisoners, in Ashraf-3 in Albania.",['resolution'],[],119,United States,upper
ocd-bill/6da69366-ac3d-4d26-a538-9e48210f0ba5,HR 288,Long Island Sound Restoration and Stewardship Reauthorization Act of 2025,['bill'],[],119,United States,lower
ocd-bill/750f6ca9-b48a-45c1-bb91-fbce322bf6e5,S 1170,Taxpayer-Funded Union Time Transparency Act,['bill'],[],119,United States,upper
ocd-bill/df7b8d31-5a85-4673-a6a6-e4809baf70b2,HR 315,To waive certain provisions in the case of an emergency declaration under the Robert T. Stafford Disaster Relief and Emergency Assistance Act.,['bill'],[],119,United States,lower
ocd-bill/26ec6409-e0a2-446b-8af1-533764c00e68,HR 352,Motorist Tax Abuse Act,['bill'],[],119,United States,lower
ocd-bill/a996c393-ffda-4748-83d0-9ee841225545,HR 482,No Tax on Tips Act,['bill'],[],119,United States,lower
ocd-bill/e675c36f-28f3-4e5b-b4d8-5568f6b2144e,HR 709,National Training Center for Counter-Unmanned Aircraft Systems Act,['bill'],[],119,United States,lower
ocd-bill/7033b001-5bdc-4cf5-8dd1-c42cde8ed507,HR 703,Main Street Tax Certainty Act,['bill'],[],119,United States,lower
ocd-bill/432eef2e-42a8-4f69-8e84-f559925c5b50,HR 959,Combating International Islamophobia Act,['bill'],[],119,United States,lower
ocd-bill/65c2c621-82cc-4326-9777-d06ca0892ad3,HR 953,United States Trade Leadership in the Indo-Pacific Act,['bill'],[],119,United States,lower
ocd-bill/d16ed067-351f-4445-b8ad-ec99c07f0fe3,HR 922,Period PROUD (Providing Resources for Our Underserved and Disadvantaged) Act of 2025,['bill'],[],119,United States,lower
ocd-bill/44e8f525-90ee-401e-aa93-0dbb593f8244,SJRES 40,A joint resolution providing for congressional disapproval of the proposed export of certain defense articles to Israel.,['resolution'],[],119,United States,upper
ocd-bill/66b92545-3ab6-4963-8091-55da57749b3b,HR 994,Stop Musk Act,['bill'],[],119,United States,lower
ocd-bill/89b8b418-f992-4b71-8652-7084c18ec798,S 1173,Restore Protections for Dialysis Patients Act,['bill'],[],119,United States,upper
ocd-bill/ce9e134e-c76b-41c0-8ee5-10df8ca178cf,HRES 262,Establishing the Select Committee to Defeat the Mexican Drug Cartels.,['resolution'],[],119,United States,lower
ocd-bill/dc82abc0-9742-4031-8dfb-6454dec540fb,S 1190,Coast Guard Improvement Act of 2025,['bill'],[],119,United States,upper
ocd-bill/c85bfba9-da6c-4ad7-90d0-18b67dea7af4,HR 975,Credit Union Board Modernization Act,['bill'],[],119,United States,lower
ocd-bill/1369febd-b2bb-4e02-8c69-53af34c0f9e2,HR 1183,Fair Play for Women Act,['bill'],[],119,United States,lower
ocd-bill/dfebed82-1d3f-4ff9-95c5-c051f098ea97,HR 1222,Operation Lone Star Reimbursement Act,['bill'],[],119,United States,lower
ocd-bill/34a2c9df-856e-4b06-8a2b-e507c1ad0432,HR 1187,UAP Transparency Act,['bill'],[],119,United States,lower
ocd-bill/dd6aab64-e548-4f97-8c12-5690f2c5cd6e,HR 1195,Protect Medicaid Act,['bill'],[],119,United States,lower
ocd-bill/44f1ebc9-7ae6-48b3-b6f4-a5ed65ca80cc,S 1184,Cross Border Aerial Law Enforcement Operations Act,['bill'],[],119,United States,upper
ocd-bill/1a67995e-046f-4657-a047-1a671b1a5b89,HR 1190,Expanding Access to Capital for Rural Job Creators Act,['bill'],[],119,United States,lower
ocd-bill/9b52214c-39a8-4178-b880-fbef438faf47,HR 2194,Ending Drug Trafficking in Our Communities Act,['bill'],[],119,United States,lower
ocd-bill/af8bd7aa-6104-4bf5-8dba-9485693e5796,S 1165,Strengthen American Competitiveness Against Harmful Subsidies Act of 2025,['bill'],[],119,United States,upper
ocd-bill/f212c2a3-1252-47d0-a9d8-2903a8158cab,HR 978,Superior National Forest Restoration Act of 2025,['bill'],[],119,United States,lower
ocd-bill/0c27363f-56a4-46c4-917e-f37b8b40f9c6,HR 1076,WARN Act,['bill'],[],119,United States,lower
ocd-bill/fac0b3aa-b240-4a98-9ec5-7022a2a8f3ec,HJRES 39,"Providing for congressional disapproval under chapter 8 of title 5, United States Code, of the rule submitted by the Federal Trade Commission relating to ""Premerger Notification; Reporting and Waiting Period Requirements"".",['resolution'],[],119,United States,lower
ocd-bill/d5ebc1fc-8946-431d-bf3b-f9fa37c7859f,HR 1203,Stop VOYEURS Act of 2025,['bill'],[],119,United States,lower
ocd-bill/0090cc85-4ac1-4919-a93b-b430329b6967,HR 1208,No Tax Breaks for Radical Corporate Activism Act,['bill'],[],119,United States,lower
ocd-bill/5b8b3c79-6fa6-4a15-afb5-8d9f50ce0490,HR 1185,Human Trafficking and Exploitation Prevention Training Act,['bill'],[],119,United States,lower
ocd-bill/ccc21929-fe9c-4ac0-8e22-36536339cec4,HR 1202,Stop Human Trafficking of Unaccompanied Migrant Children Act of 2025,['bill'],[],119,United States,lower
ocd-bill/3895b62d-e83e-44e5-8184-c3a5f1240940,HR 1191,Supporting Access to Rural Community Hospitals Act of 2025,['bill'],[],119,United States,lower
ocd-bill/05a4ee8f-0517-4561-8861-65fa34a0b248,HR 1212,Countering Online Radicalization and Terrorism Act,['bill'],[],119,United States,lower
ocd-bill/7c4a93f1-256b-4d45-9f3c-06649f9bb519,HR 1172,No Social Security for Illegal Aliens Act of 2025,['bill'],[],119,United States,lower
ocd-bill/a7d08070-f999-4542-ab36-dc3b6377abb9,HR 1214,"To require the name of military installation under jurisdiction of Secretary of the Army located in Fayetteville, North Carolina, to be known and designated as Fort Bragg, and for other purposes.",['bill'],[],119,United States,lower
ocd-bill/2f532624-2d71-41f3-9c3e-7510e82076ad,HR 2279,No Tax on LOSAP Act,['bill'],[],119,United States,lower
ocd-bill/eb7e7b82-111c-4d1b-a1e8-57be0c794456,S 1198,Northern Rockies Ecosystem Protection Act,['bill'],[],119,United States,upper
ocd-bill/9865f606-e5e6-489b-827d-b1156757ab87,HR 1220,FIRM Act of 2025,['bill'],[],119,United States,lower
ocd-bill/f077b0e1-76bd-43cc-ab68-4e9136692bfb,HR 1205,Safe Shelters Act of 2025,['bill'],[],119,United States,lower
ocd-bill/e460a2e4-12ab-476b-8133-16a7ebc5d16f,HRES 266,"Expressing support for the designation of March 27, 2025, as ""Tuskegee Airmen Commemoration Day"", and calling on each State, the District of Columbia, and each territory to recognize the Tuskegee Airmen for their heroism, valor, and exemplary service to the Nation.",['resolution'],[],119,United States,lower
ocd-bill/5aea5e77-ea2d-4935-9c0d-402371ee8ba7,HR 1204,Sue VOYEURS Act,['bill'],[],119,United States,lower
ocd-bill/93c8efc3-7485-47cc-828a-8b242b17d7d1,S 1178,GREEN Appraisals Act of 2025,['bill'],[],119,United States,upper
ocd-bill/add8a3fd-0004-4619-9ba4-697159eeecec,HR 1186,CREEPER Act 2.0,['bill'],[],119,United States,lower
ocd-bill/a97f21b0-8601-4353-a16c-884d300d3379,HR 1188,Police CAMERA Act of 2025,['bill'],[],119,United States,lower
ocd-bill/653c1fc4-c67b-4085-93f3-cf721ad6d8db,S 1092,WIPPES Act,['bill'],[],119,United States,upper
ocd-bill/785fa46f-a75b-4b24-85dd-0f43b2206054,HR 1084,Ski Hill Resources for Economic Development Act,['bill'],[],119,United States,lower
ocd-bill/6022b23a-f708-43c9-a56f-df0d1ee80b83,SJRES 42,A joint resolution providing for congressional disapproval of the proposed export of certain defense articles to Israel.,['resolution'],[],119,United States,upper
ocd-bill/7e8acbff-a15f-49ed-8b64-a934b8898ed7,HR 1161,"Red, White, and Blueland Act of 2025",['bill'],[],119,United States,lower
ocd-bill/24f8efc0-455d-4422-98e7-9d4d23c3d5be,HR 1192,"To ensure that Big Cypress National Preserve may not be designated as wilderness or as a component of the National Wilderness Preservation System, and for other purposes.",['bill'],[],119,United States,lower
ocd-bill/76e371ee-c887-4c20-a43a-4b916ac21fc1,HJRES 82,Disapproving the action of the District of Columbia Council in approving the Insurance Regulation Amendment Act of 2024.,['resolution'],[],119,United States,lower
ocd-bill/5e92fe19-3722-41c7-88c2-49c389ef971b,HR 1180,To repeal the Impoundment Control Act of 1974.,['bill'],[],119,United States,lower
ocd-bill/97362757-a953-474b-a386-ae7ea6e3e366,HR 2171,Spectrum Coordination Act,['bill'],[],119,United States,lower
ocd-bill/e14ad701-1bf0-49ea-afd3-61d548d151a5,HR 1199,Small Business Investment Act of 2025,['bill'],[],119,United States,lower
ocd-bill/9336de3a-f06f-459d-b232-67743f8d2d00,S 951,Stop Comstock Act,['bill'],[],119,United States,upper
ocd-bill/02d74728-9a4a-40d8-b2db-5ffb66c4f409,HR 1213,Forest Data Modernization Act of 2025,['bill'],[],119,United States,lower
ocd-bill/87de9c90-ebfe-49a8-b0da-39a90a2d6453,HR 1189,National Plan for Epilepsy Act,['bill'],[],119,United States,lower
ocd-bill/1ccb5be7-7a4f-4e01-a686-35e41b62f257,S 1171,COST of Relocations Act,['bill'],[],119,United States,upper
ocd-bill/2da12c1d-58aa-4e6c-995e-0e503bb30b02,HR 1198,Let’s Get to Work Act of 2025,['bill'],[],119,United States,lower
ocd-bill/5a76ab25-ec28-4102-a69a-99a88a24c291,HR 1194,Federal Lands and Waters Leasing Transparency Act,['bill'],[],119,United States,lower
ocd-bill/ae117005-0aa0-453f-a584-b5e634a03ebb,HR 1209,End of GSE Conservatorship Preparation Act of 2025,['bill'],[],119,United States,lower
ocd-bill/a6f84246-933a-40eb-a766-efc128e0f008,HR 1210,Protecting Taxpayers’ Wallets Act of 2025,['bill'],[],119,United States,lower
ocd-bill/928e2ce9-b0cc-4cb2-ae12-9b9fdfcf1e04,HR 1217,Orphan Well Grant Flexibility Act of 2025,['bill'],[],119,United States,lower
ocd-bill/d94689f7-7970-43b8-84d5-329bdaef1dc2,HR 1182,Compressed Gas Cylinder Safety and Oversight Improvements Act of 2025,['bill'],[],119,United States,lower
ocd-bill/f0a90803-1924-47f6-b2a2-952495bcfb14,S 1196,"A bill to require Executive agencies to limit the use of special Government employees to 130 days, to require the maintenance of a public database of certain special Government employees, to require the release of financial disclosures filed by certain special Government employees, and for other purposes.",['bill'],[],119,United States,upper
ocd-bill/37ff59df-6f59-43d7-a95f-0d1c8071e2aa,HR 1218,SHIELD Act of 2025,['bill'],[],119,United States,lower
ocd-bill/9a609605-341c-4ebe-a9be-b49ada1f0844,HJRES 25,"Providing for congressional disapproval under chapter 8 of title 5, United States Code, of the rule submitted by the Internal Revenue Service relating to ""Gross Proceeds Reporting by Brokers That Regularly Provide Services Effectuating Digital Asset Sales"".",['resolution'],[],119,United States,lower
ocd-bill/10a8482b-a355-4e5e-a3c1-b6786be40d30,S 1185,FIGHTING for America Act of 2025,['bill'],[],119,United States,upper
ocd-bill/d95d8211-1d08-4451-ad34-233d28208a70,S 1166,Excess Urban Heat Mitigation Act of 2025,['bill'],[],119,United States,upper
ocd-bill/c762fcbe-b107-4097-b5ac-09fe0217b8f4,S 1167,Transportation Asset Management Simplification Act,['bill'],[],119,United States,upper
ocd-bill/77a8e254-abb5-473d-a64b-d95f10601f63,HR 1216,Defund Government-Sponsored Propaganda Act,['bill'],[],119,United States,lower
ocd-bill/c7303963-8353-4339-8a09-6353d1455fb3,HR 1184,Stop CCP Land Act,['bill'],[],119,United States,lower
ocd-bill/06344ed2-ab0a-4be0-870f-b921c6b9d6ae,HR 1211,No Propaganda Act,['bill'],[],119,United States,lower
ocd-bill/093f4a99-870d-43c0-968f-9bc47664ead7,HR 1201,Doctors in our Borders Act,['bill'],[],119,United States,lower
ocd-bill/27ca36c0-6fb0-4a9f-88b1-dd07ccfae46f,HR 1193,Future in Logging Careers Act,['bill'],[],119,United States,lower
ocd-bill/3a5eb717-e780-46ff-8d50-ab3042430b6a,SRES 132,"A resolution designating March 24, 2025, as ""National Women of Color in Tech Day"".",['resolution'],[],119,United States,upper
ocd-bill/79162767-9db7-456e-9fa5-0ba02400376e,HR 1221,Social Security and Medicare Lock-Box Act,['bill'],[],119,United States,lower
ocd-bill/eda7155e-8b2f-45a4-bfda-7a8604317ceb,HR 1206,WEST Act of 2025,['bill'],[],119,United States,lower
ocd-bill/bfbd7c5e-c81f-4223-ac74-023ad277e767,HR 1215,Semiconductor Supply Chain Security and Diversification Act of 2025,['bill'],[],119,United States,lower
ocd-bill/b692d360-efc1-4877-964e-09ae489e35e7,HRES 267,Recognizing the 10th Anniversary of Educators Rising.,['resolution'],[],119,United States,lower
ocd-bill/915aad71-aa76-41a3-bd1f-053b60b20821,HR 1219,Oral Health Products Inclusion Act,['bill'],[],119,United States,lower
ocd-bill/a475e250-5df8-40ed-bf64-aef73cc782bd,HR 2198,To amend the Internal Revenue Code of 1986 to restore the taxable REIT subsidiary asset test.,['bill'],[],119,United States,lower
ocd-bill/592ce52e-7c0a-4601-bf61-b0186f35a07a,HRES 125,Electing a Member to a certain standing committee of the House of Representatives.,['resolution'],[],119,United States,lower
ocd-bill/fb37646d-334c-40bf-880a-4e7820dcd9eb,S 1186,Lower Drug Costs for Families Act,['bill'],[],119,United States,upper
ocd-bill/b4091ac0-f43c-472b-9b5e-39bfb11e735c,S 1180,Abolish TSA Act of 2025,['bill'],[],119,United States,upper
ocd-bill/e0e88c6e-0a7e-4d0a-8c72-f11b124ff89c,HCONRES 11,Providing for a joint session of Congress to receive a message from the President.,['resolution'],[],119,United States,lower
ocd-bill/a160a0e8-463a-4f33-ba18-8c1d0f2f2aed,S 1195,Pershing County Economic Development and Conservation Act,['bill'],[],119,United States,upper
ocd-bill/70d2fa84-9173-4a4f-9592-778385692ba0,HRES 268,"Of inquiry requesting the President and directing the Secretary of Defense to transmit information to the House of Representatives relating to certain military activities against the Houthis and information referring or relating to certain laws and certain policies, guidance, instructions, standards, practices, and procedures of the Department of Defense applicable to the control, communication, transmission, or delivery of classified or sensitive information.",['resolution'],[],119,United States,lower
ocd-bill/568de7d8-8cec-4c6a-b356-c2f00a0c297c,HRES 259,"Of inquiry requesting the President to provide certain documents in the President's possession to the House of Representatives relating to the access provided to the staff and advisers of, including any individual working for or in conjunction with, the Department of Government Efficiency to the systems, applications, and accounts, and any information contained therein, of the Bureau of Consumer Financial Protection.",['resolution'],[],119,United States,lower
ocd-bill/ee6dadb1-c8ba-47a3-acd7-c3bb36b22309,S 963,Space National Guard Establishment Act of 2025,['bill'],[],119,United States,upper
ocd-bill/ea4b51a1-612e-416c-9e3e-f49591d637c6,HR 1197,PREEMIE Reauthorization Act of 2025,['bill'],[],119,United States,lower
ocd-bill/a5df7d6c-cac6-471a-a208-1a0e4f239ae5,S 1181,Tribal Energy Fairness Act of 2025,['bill'],[],119,United States,upper
ocd-bill/091e9f37-65fb-4f75-a261-b2809a9bb723,SRES 144,"A resolution recognizing the heritage, culture, and contributions of Latinas in the United States.",['resolution'],[],119,United States,upper
ocd-bill/886fc6f4-4bb7-4ef5-8d55-dbebd2b137d0,S 1188,A bill to amend the Internal Revenue Code of 1986 to provide for permanent full expensing for property used to capture gas that would otherwise be flared or vented and to use such gas in value-added products.,['bill'],[],119,United States,upper
ocd-bill/21fcc75e-267f-428c-ae4e-3416064b4ef3,S 1189,School Guardian Act of 2025,['bill'],[],119,United States,upper
ocd-bill/636105ac-7ec6-4047-9411-0d01c7946a8d,HR 2118,Protecting our Guests During Hostilities in Ukraine Act,['bill'],[],119,United States,lower
ocd-bill/a7f43b1f-3c8a-4fcc-90ae-8bd94ce056e6,S 1183,Maintaining and Enhancing Hydroelectricity and River Restoration Act of 2025,['bill'],[],119,United States,upper
ocd-bill/910db137-cbc8-48b5-83ee-8d39687c2ce1,S 1179,Las Cruces Bataan Memorial Clinic Act,['bill'],[],119,United States,upper
ocd-bill/f9147fcf-302f-4ada-afca-742f6603258d,S 1187,Deerfield River Wild and Scenic River Study Act of 2025,['bill'],[],119,United States,upper
ocd-bill/831cec3f-548f-40c6-81a3-661333f04d7d,S 1176,Healthy Food Access for All Americans Act,['bill'],[],119,United States,upper
ocd-bill/4ffbad47-e746-4bfb-837b-2aa15f7dc4c7,HRES 260,"Designating March 27, 2025, as ""National Women in Agriculture Day"".",['resolution'],[],119,United States,lower
ocd-bill/06e1f853-2e4e-4ed7-8e27-3c77c9bbbc4c,S 1175,Small County PILT Parity Act,['bill'],[],119,United States,upper
ocd-bill/adaddd53-c5dc-4396-90e2-04a44ddb133d,S 1177,Volunteer Driver Tax Appreciation Act of 2025,['bill'],[],119,United States,upper
ocd-bill/a1cdcf1c-dbe0-4050-a14b-04cd556c6d22,S 1197,SNAP Reform and Upward Mobility Act of 2025,['bill'],[],119,United States,upper
ocd-bill/174a0cc5-8cf8-4a36-a543-bdb9d74c2966,S 1199,SBA Fraud Enforcement Extension Act,['bill'],[],119,United States,upper
ocd-bill/4f8d3144-147d-467a-b721-bd003f1616a2,HR 2190,Shareholder Political Transparency Act of 2025,['bill'],[],119,United States,lower
ocd-bill/b84f9b9e-51fc-41d3-9bc3-2ef561b8dead,S 1182,Stop Antisemitism on College Campuses Act,['bill'],[],119,United States,upper
ocd-bill/6535c2d8-e5d5-4087-b997-8940cc6b6162,SRES 146,"A resolution condemning the recent acts of violence, arson, and domestic terrorism committed throughout the United States",['resolution'],[],119,United States,upper
ocd-bill/ed7dde5f-f8d3-41bb-b7bb-24af74283abe,HR 517,Filing Relief for Natural Disasters Act,['bill'],[],119,United States,lower
ocd-bill/f0cdb04d-9fa6-4c8b-a831-0c3cf9bf9d69,HR 2092,SPEAK Act of 2025,['bill'],[],119,United States,lower
ocd-bill/a088050e-ad80-4342-8d58-ea79c379eb7e,S 1168,Portable Ultrasound Reimbursement Equity Act of 2025,['bill'],[],119,United States,upper
ocd-bill/2f53d8ea-8314-4368-b36d-8fa55a72cedd,S 821,Taiwan Assurance Implementation Act,['bill'],[],119,United States,upper
ocd-bill/8b5d4fea-d8a3-482e-a90c-a3901b88d54b,SRES 86,"A resolution expressing the sense of the Senate regarding United Nations General Assembly Resolution 2758 (XXVI) and the harmful conflation of China's ""One China Principle"" and the United States'""One China Policy"".",['resolution'],[],119,United States,upper
ocd-bill/e5226698-b661-4184-be7e-f75fcb01490f,HR 2199,Restore Protections for Dialysis Patients Act,['bill'],[],119,United States,lower
ocd-bill/9d6d484d-1c27-4aa0-9bdb-2ac76be3fc50,S 1093,Coordinated Support for Rural Small Businesses Act,['bill'],[],119,United States,upper
ocd-bill/db27929b-3eca-474e-adfe-47bd139bce35,HR 2251,Protecting Individuals with Down Syndrome Act,['bill'],[],119,United States,lower
ocd-bill/bf7f090d-8cf9-4ce0-bf5d-5b17464b2a95,SJRES 41,A joint resolution providing for congressional disapproval of the proposed export of certain defense articles to Israel.,['resolution'],[],119,United States,upper
ocd-bill/0a9e327c-0971-4719-992e-3d4511cd6301,SJRES 43,A joint resolution proposing an amendment to the Constitution of the United States relating to contributions and expenditures intended to affect elections.,['resolution'],[],119,United States,upper
ocd-bill/d0b72e78-8e38-43a1-b9a5-28fccb8fdda1,HRES 263,"Recognizing the Muslim holy month of Ramadan, commending a month of fasting and spiritual renewal, and extending best wishes to Muslims in the United States and across the globe for a joyous and meaningful observance of Eid al-Fitr.",['resolution'],[],119,United States,lower
ocd-bill/d9512ce7-8a4e-44bb-8d79-313a6d3005bf,S 1194,Manufactured Housing Tenant’s Bill of Rights Act of 2025,['bill'],[],119,United States,upper
ocd-bill/490adf37-131c-4ee4-8a0c-dcac4a3d5d59,HR 1207,"To transfer the functions, duties, responsibilities, assets, liabilities, orders, determinations, rules, regulations, permits, grants, loans, contracts, agreements, certificates, licenses, and privileges of the United States Agency for International Development relating to implementing and administering the Food for Peace Act to the Department of Agriculture.",['bill'],[],119,United States,lower
ocd-bill/bf7014d3-6f6d-4a5d-8ee0-d4d3c1d4e243,S 1163,Rural Veterinary Workforce Act,['bill'],[],119,United States,upper
ocd-bill/41eed605-f843-4080-8282-30dc3da0b973,HR 1483,Protecting Investors’ Personally Identifiable Information Act,['bill'],[],119,United States,lower
ocd-bill/01a7a49c-f911-45c1-8d41-179fddac30f1,SRES 133,A resolution expressing support for the local public K-12 schools of the United States and condemning any actions that would defund public education or weaken or dismantle the Department of Education.,['resolution'],[],119,United States,upper
ocd-bill/349b6885-a488-4407-89f8-5ab24b24214e,S 1174,Local Zoning Decisions Protection Act of 2025,['bill'],[],119,United States,upper
ocd-bill/70ec0938-06f9-46e5-a01d-2be5f7b80926,HRES 265,"Condemning the Trump administration for the use of an unauthorized method of communicating highly sensitive or potentially classified information regarding a United States military operation via the messaging platform ""Signal"".",['resolution'],[],119,United States,lower
ocd-bill/f5c13bf3-3c6b-474c-9648-362d4db3ad69,S 1162,SHORT Act,['bill'],[],119,United States,upper
ocd-bill/c1e756c6-0d9a-485d-8081-ff3bd4a2694c,SRES 142,"A resolution recognizing the heritage, culture, and contributions of American Indian, Alaska Native, and Native Hawaiian women in the United States.",['resolution'],[],119,United States,upper
ocd-bill/ab943ecc-c536-47d1-90c8-b8ef66a1c3d3,SJRES 44,"A joint resolution providing for congressional disapproval under chapter 8 of title 5, United States Code, of the rule submitted by the Department of Energy relating to ""Energy Conservation Program: Energy Conservation Standards for Commercial Refrigerators, Freezers, and Refrigerator-Freezers"".",['resolution'],[],119,United States,upper
ocd-bill/27ce0181-e39c-4b24-a568-ed347af8ef8f,S 1172,Honor Farmer Contracts Act of 2025,['bill'],[],119,United States,upper
ocd-bill/0ae9207b-e4a0-4020-a361-411813c6be40,HCONRES 20,"Establishing the Congressional Fitness Challenge, and for other purposes.",['resolution'],[],119,United States,lower
ocd-bill/bbd8f136-91c0-41ae-9506-bb573d854f0c,S 936,WEST Act of 2025,['bill'],[],119,United States,upper
ocd-bill/10c3c761-accb-4acf-834c-d362b80d98f4,HR 1008,"To designate the facility of the United States Postal Service located at 298 Route 292 in Holmes, New York, as the ""Sheriff Adrian 'Butch' Anderson Post Office Building"".",['bill'],[],119,United States,lower
ocd-bill/6c6ceff8-c748-4644-a4d1-ced1c92cca36,S 1164,Increasing Access to Dental Insurance Act,['bill'],[],119,United States,upper
ocd-bill/7739f71a-75b2-41cf-8aa5-9e0eb8691876,HRES 261,"Recognizing the heritage, culture, and contributions of Latinas in the United States.",['resolution'],[],119,United States,lower
ocd-bill/fa32916c-4c25-4e46-bfa6-854fcf59d7de,S 1193,America’s Red Rock Wilderness Act,['bill'],[],119,United States,upper
ocd-bill/559f0d47-17a5-4a48-9197-25dfaffcb95f,S 1191,"A bill to amend the National Environmental Policy Act of 1969 to require the Council on Environmental Quality to publish an annual report on environmental reviews and causes of action based on alleged non-compliance with that Act, and for other purposes.",['bill'],[],119,United States,upper
ocd-bill/0ec43884-facb-46f6-99e7-d6ceafd3af6c,SRES 147,A resolution expressing the sense of the Senate that Congress should take all appropriate measures to ensure that the United States Postal Service remains an independent establishment of the Federal Government and is not subject to privatization.,['resolution'],[],119,United States,upper
ocd-bill/2bfa4567-b55e-4c07-b60e-711c7acd1e05,S 1192,A bill to amend the Internal Revenue Code of 1986 to ensure that bonds used to finance professional stadiums are not treated as tax-exempt bonds.,['bill'],[],119,United States,upper
ocd-bill/95ae3677-8a72-452e-b129-9bd72f4d43b8,HR 2402,No Hungry Kids in Schools Act,['bill'],[],119,United States,lower
ocd-bill/b6804c5e-b844-48f9-8b8e-e9e09a3a23a8,HR 2425,To protect babies and young children in childcare settings by strengthening transparency and safety requirements.,['bill'],[],119,United States,lower
ocd-bill/db415958-21c4-4ef6-a666-5ce3071f9bb1,HR 2445,Ensuring Medicaid Eligibility Act of 2025,['bill'],[],119,United States,lower
ocd-bill/092227c4-fa25-4116-bf53-2742f12893c2,HR 998,Internal Revenue Service Math and Taxpayer Help Act,['bill'],[],119,United States,lower
ocd-bill/bb73c8cc-24e7-449c-8c99-0783d4049431,HR 2430,"To direct the United States Postal Service to designate a single, unique ZIP Code for Northlake, Texas.",['bill'],[],119,United States,lower
ocd-bill/5274dea7-4843-4407-89ec-d4b45f966394,HR 2459,Reclaim Trade Powers Act,['bill'],[],119,United States,lower
ocd-bill/f22ff47c-221f-45d0-bea2-53308ac6f194,HR 2468,No Sanctions Relief for Terrorists Act,['bill'],[],119,United States,lower
ocd-bill/8defcf04-3a51-48b7-9c23-713bd9036fa8,HR 2418,Federal Reserve Regulatory Oversight Act,['bill'],[],119,United States,lower
ocd-bill/e42c8693-af80-46cc-9053-0b3c3f0b3294,HR 2443,NPR and PBS Act,['bill'],[],119,United States,lower
ocd-bill/b5510812-211c-485a-afbf-746bb7ae7186,HR 2472,INFANTS Act of 2025,['bill'],[],119,United States,lower
ocd-bill/b01de7ae-cc1f-4728-b8e4-dc5e5a9cd4fa,HR 2435,Save Our Small Farms Act of 2025,['bill'],[],119,United States,lower
ocd-bill/c37db873-759b-4074-b15d-35100f7fa127,HR 2431,"To amend title 49, United States Code, to limit mass layoffs of employees of the Federal Aviation Administration within 1 year of a major aviation accident, and for other purposes.",['bill'],[],119,United States,lower
ocd-bill/ce3440f5-13c4-412e-a4ce-17cc214bfa74,HR 2400,Pit River Land Transfer Act of 2025,['bill'],[],119,United States,lower
ocd-bill/15f81c1c-aa47-493d-a193-a4f98b70bae8,HR 2407,SNAP Reform and Upward Mobility Act of 2025,['bill'],[],119,United States,lower
ocd-bill/77b1a920-07ea-4818-896d-0e6175ca8a05,HR 2473,Healthy Food Access for All Americans Act,['bill'],[],119,United States,lower
ocd-bill/48883358-d6d6-46c1-a07b-114111806b04,HR 2466,"To designate the facility of the United States Postal Service located at 5225 Harrison Avenue in Rockford, Illinois, as the ""Jay P. Larson Post Office Building"".",['bill'],[],119,United States,lower
ocd-bill/27cb8499-8067-4368-aceb-c4ebd8f7a75f,HR 2423,Unfair Tax Prevention Act,['bill'],[],119,United States,lower
ocd-bill/a7755de5-6539-43fd-a431-8a50d08db1a8,HR 2437,EASE Act of 2025,['bill'],[],119,United States,lower
ocd-bill/0424d757-c098-49c9-a220-2828865b3c99,HR 2422,CAPE Canaveral Act,['bill'],[],119,United States,lower
ocd-bill/6e5badc9-f71d-4765-9dce-1a7a04cc5130,HR 2442,Freedom from Unfair Gun Taxes Act of 2025,['bill'],[],119,United States,lower
ocd-bill/9afbef6d-9290-442e-ae73-046214ac83d7,HR 2448,To direct the Secretary of Interior to submit to Congress a report on the National Park Service's interpretation and application of the Standards for Rehabilitation for use of the Federal Historic Preservation Tax Incentives program.,['bill'],[],119,United States,lower
ocd-bill/5e074437-a4cf-4fe2-a191-d3fa753e58b0,HR 2479,Homes for Young Adults Act of 2025,['bill'],[],119,United States,lower
ocd-bill/a7bcf9e3-fe1c-4d36-aa78-b990c009be93,HR 2450,Prescription Drug Transparency and Affordability Act,['bill'],[],119,United States,lower
ocd-bill/dc59bcca-2d7b-43a6-804f-a3f9f6ee9a2a,HR 2453,To continue Executive Order 14224 in effect indefinitely.,['bill'],[],119,United States,lower
ocd-bill/ef3148a8-7e3c-4cff-83ba-e7863e210674,HR 2458,Secure Space Act of 2025,['bill'],[],119,United States,lower
ocd-bill/9b9ce7d7-382e-4072-b531-bace131412c5,HR 2398,Rural Veterinary Workforce Act,['bill'],[],119,United States,lower
ocd-bill/3db09d69-d2ca-4716-9aa7-40854d86d92f,HR 2413,GREEN Appraisals Act of 2025,['bill'],[],119,United States,lower
ocd-bill/46898aef-5c16-44dc-83d2-5fe5062fdf94,HR 2475,Youth Homelessness Guaranteed Income Pilot Program Act of 2025,['bill'],[],119,United States,lower
ocd-bill/527f774e-4c33-4d27-9307-59de219c881b,HR 2449,FUTURE Networks Act,['bill'],[],119,United States,lower
ocd-bill/5bd1d7a1-8e81-456e-bb62-6221e903a9ef,HR 2465,Ensuring Opportunities in Online Training Act,['bill'],[],119,United States,lower
ocd-bill/f879192d-338a-4c1c-9b1a-c8c25002ed5f,HR 2441,Improving Disclosure for Investors Act of 2025,['bill'],[],119,United States,lower
ocd-bill/0dbcdae6-ef0b-48cc-a9ea-fa598b535f6b,HR 2421,Protecting Taxpayer Resources Act,['bill'],[],119,United States,lower
ocd-bill/1d116d43-6e6a-4b9a-a879-4aaca1e5fe30,HR 487,Hawaii Invasive Species Protection Act,['bill'],[],119,United States,lower
ocd-bill/cd626762-30a3-445a-bbb6-f91fe47911ae,HR 736,Protect Small Businesses from Excessive Paperwork Act of 2025,['bill'],[],119,United States,lower
ocd-bill/f83fe29f-454a-45c9-9d1e-1cd8b6b2afb9,HR 965,Housing Unhoused Disabled Veterans Act,['bill'],[],119,United States,lower
ocd-bill/d6db146e-64c9-422b-8c07-0718f3f22304,HR 2395,SHORT Act,['bill'],[],119,United States,lower
ocd-bill/2de03faf-1bf2-4073-84ac-0d83ccfe9a9f,HR 2471,Right Drug Dose Now Act of 2025,['bill'],[],119,United States,lower
ocd-bill/e9c28466-016f-4e91-96b3-ed81d41761bd,HR 2420,"To designate certain National Forest System land and certain public land under the jurisdiction of the Secretary of the Interior and the Secretary of Agriculture in the States of Idaho, Montana, Oregon, Washington, and Wyoming as wilderness, wild and scenic rivers, wildland recovery areas, and biological connecting corridors, and for other purposes.",['bill'],[],119,United States,lower
ocd-bill/8385fde6-e48b-410f-865a-531715dce0fd,HR 2410,Revitalizing Downtowns and Main Streets Act,['bill'],[],119,United States,lower
ocd-bill/fd0ad08c-ba8b-4ebc-97f0-9d76cbf04ff5,HR 2404,Remote Opioid Monitoring Act of 2025,['bill'],[],119,United States,lower
ocd-bill/9fe2dfd2-8051-4c73-829a-2fddd65e78dc,HR 2454,No Citizenship for Alien Invaders Act of 2025,['bill'],[],119,United States,lower
ocd-bill/33ae9489-002b-4735-bbe3-6e1fd4140f17,HR 2427,"To prohibit price gouging as an unfair and deceptive act or practice during a major disaster or emergency, and for other purposes.",['bill'],[],119,United States,lower
ocd-bill/f4ec3af6-9a04-444f-8aaa-477f866e54d7,HR 2452,Keep Our Girls Safe Act of 2025,['bill'],[],119,United States,lower
ocd-bill/501c3287-6519-4580-a26c-d6e66b191bc4,HR 2456,Orderly Liquidation of the Department of Education Act,['bill'],[],119,United States,lower
ocd-bill/915047b9-6280-4845-9665-5118713942b2,HR 2457,Mining Schools Act of 2025,['bill'],[],119,United States,lower
ocd-bill/caaf559b-b341-440b-bedb-f602a7802e76,HR 2477,Portable Ultrasound Reimbursement Equity Act of 2025,['bill'],[],119,United States,lower
ocd-bill/7c5f9742-6775-4dfb-bcf2-4c5f9d8d8025,S 256,Pardon Transparency and Accountability Act of 2025,['bill'],[],119,United States,upper
ocd-bill/ff587aec-430b-48a4-828a-ab95f29d3696,HR 2429,"To direct the Secretary of Transportation to develop and implement a comprehensive Campus Modernization Plan for the United States Merchant Marine Academy, and for other purposes.",['bill'],[],119,United States,lower
ocd-bill/ddde646e-f428-4346-9400-35e540a10ccc,HR 2478,Financial Exploitation Prevention Act of 2025,['bill'],[],119,United States,lower
ocd-bill/5301dbff-4ee3-49aa-956f-273c10c7cc80,HR 2476,Stop Illegal Campaign Coordination Act,['bill'],[],119,United States,lower
ocd-bill/fbf3db32-5820-4c7a-913b-14a479689288,HR 2460,Eliminating the RFS and Its Destructive Outcomes Act,['bill'],[],119,United States,lower
ocd-bill/2c7a5634-7e4e-49f7-b8b4-49527fed6f24,HR 2414,To amend the Public Health Service Act to reauthorize a military and civilian partnership for trauma readiness grant program.,['bill'],[],119,United States,lower
ocd-bill/78525759-8101-4140-a3ff-df189621a6f0,HR 2463,Mechanical Insulation Installation Incentive Act of 2025,['bill'],[],119,United States,lower
ocd-bill/b4d8bf8d-966b-4d28-b102-bf2689232ccb,HR 2399,Rural Broadband Protection Act of 2025,['bill'],[],119,United States,lower
ocd-bill/756cfa60-385f-4755-b868-ba4b317fbca1,HR 2428,Wildfire Homeowner Relief Act,['bill'],[],119,United States,lower
ocd-bill/eab263ca-c843-45e5-9b75-e4b60704c768,HR 2434,No Tax Subsidies for Stadiums Act of 2025,['bill'],[],119,United States,lower
ocd-bill/f9966b4d-ebc0-4e62-af73-9f2bea5576b5,HR 2467,America's Red Rock Wilderness Act,['bill'],[],119,United States,lower
ocd-bill/38c29565-162c-462c-ab25-46b01722e5d3,HR 2415,Baseball Diplomacy Act,['bill'],[],119,United States,lower
ocd-bill/3aba8327-ed82-4bd1-8017-8ace4ca0b3aa,HR 2438,Foster Care Tax Credit Act,['bill'],[],119,United States,lower
ocd-bill/124c3553-5ce8-4baf-b678-1731c7c1033e,HR 2401,Urban Waters Federal Partnership Act of 2025,['bill'],[],119,United States,lower
ocd-bill/eaf647da-5f38-4ae4-9106-ec48616ad0e4,HR 2419,Patient Fairness Act of 2025,['bill'],[],119,United States,lower
ocd-bill/13717d49-848b-42e2-96d4-ac5261b3fb02,HR 2446,Stop Antisemitism on College Campuses Act,['bill'],[],119,United States,lower
ocd-bill/87c7b9e9-6d90-408b-ade5-4850b5c653ce,HR 2396,Honor Farmer Contracts Act,['bill'],[],119,United States,lower
ocd-bill/7b3df9ff-d7d7-4003-8506-4cda8dcae8de,HR 2412,Indigenous Diplomacy and Engagement Act,['bill'],[],119,United States,lower
ocd-bill/8313ddc4-a68b-436d-87e7-094b2f3024be,HR 2403,TELL Act,['bill'],[],119,United States,lower
ocd-bill/de28f8de-7102-4c7a-aa4f-b0feb21bb29d,HR 2451,Deerfield River Wild and Scenic River Study Act of 2025,['bill'],[],119,United States,lower
ocd-bill/694679c5-fc0d-4603-81c9-cb7a4f4e957f,HR 2464,Repealing Outdated and Unilateral Tariff Authorities Act,['bill'],[],119,United States,lower
ocd-bill/85ad5b99-e02b-41bc-9d7f-23b65fe54bfa,HR 2455,Special Government Employees Transparency Act of 2025,['bill'],[],119,United States,lower
ocd-bill/3a1c4fcf-6130-4750-896e-d84aa6b5b292,HR 2470,COST of Relocations Act,['bill'],[],119,United States,lower
ocd-bill/4ba3b081-9052-4feb-8898-49f188cdf21b,HR 2469,Abortion DOULAS Act,['bill'],[],119,United States,lower
ocd-bill/070d6f5a-bde1-4812-b377-a51d48676329,HR 2474,Expanding Appalachia’s Broadband Access Act,['bill'],[],119,United States,lower
ocd-bill/646af727-bdfe-4f69-b6a1-fb60119a2f7b,HR 2409,Guidance Clarity Act,['bill'],[],119,United States,lower
ocd-bill/e52ea2c7-f74a-4edc-945c-f8d4162191b4,SRES 70,An original resolution authorizing expenditures by the Committee on Energy and Natural Resources.,['resolution'],[],119,United States,upper
ocd-bill/250506c0-4d33-4d3d-8521-3958e4c1bbc3,HR 2411,UNRWA Funding Emergency Restoration Act of 2025,['bill'],[],119,United States,lower
ocd-bill/4d5cd45e-e463-473d-a665-9a726daa8e1e,SRES 73,An original resolution authorizing expenditures by the Select Committee on Intelligence.,['resolution'],[],119,United States,upper
ocd-bill/e00ee130-831d-458e-a9bd-61f861844dc0,SRES 69,An original resolution authorizing expenditures by the Committee on Armed Services.,['resolution'],[],119,United States,upper
ocd-bill/a38bf8da-d506-44a0-85bc-351a8040501c,SRES 72,A resolution affirming that Hamas cannot retain any political or military control in the Gaza Strip.,['resolution'],[],119,United States,upper
ocd-bill/785ff89d-dfdf-4cdb-8bae-447931be88a1,HR 2405,The White Oak Resilience Act,['bill'],[],119,United States,lower
ocd-bill/587688ec-f1d2-4bba-842e-d51d519fef87,SRES 74,An original resolution authorizing expenditures by the Committee on Veterans' Affairs.,['resolution'],[],119,United States,upper
ocd-bill/4498c676-da4f-45db-a7c9-250ec0b36f5e,SRES 71,An original resolution authorizing expenditures by the Committee on Small Business and Entrepreneurship.,['resolution'],[],119,United States,upper
ocd-bill/54662e03-89b5-4c9f-84a9-a859bd5062c3,HR 2426,Veterans Mental Health and Addiction Therapy Quality of Care Act,['bill'],[],119,United States,lower
ocd-bill/545e2610-9de7-4eb6-a8a1-107b74645085,HR 2417,Strengthening Agency Management and Oversight of Software Assets Act,['bill'],[],119,United States,lower
ocd-bill/428c0954-8bd4-4ff9-8498-5cd0e2a9bdde,HR 2440,SIFIA Act,['bill'],[],119,United States,lower
ocd-bill/ec9c4f1f-4309-4aef-9795-62ed5fe09166,HR 2406,National Oceanic and Atmospheric Administration Sexual Harassment and Assault Prevention Improvements Act of 2025,['bill'],[],119,United States,lower
ocd-bill/a07b1bae-538a-4dee-bb33-0443c7f7be43,HR 2447,New Collar Jobs Act of 2025,['bill'],[],119,United States,lower
ocd-bill/a4b01f7e-c4f6-4309-a101-59f861f33510,HR 2408,Protecting Local Communities from Harmful Algal Blooms Act,['bill'],[],119,United States,lower
ocd-bill/366a16cc-19f2-420b-a1df-dcc1bb174dfc,HR 2433,Reducing Medically Unnecessary Delays in Care Act of 2025,['bill'],[],119,United States,lower
ocd-bill/1396af13-5a87-42e0-9d9d-ab1c5e2af02c,HR 2462,Black Vulture Relief Act of 2025,['bill'],[],119,United States,lower
ocd-bill/b2729a15-999d-4942-a0b1-0a6a05281df0,HR 2424,"Modern, Clean, and Safe Trucks Act of 2025",['bill'],[],119,United States,lower
ocd-bill/ead8eda7-2cbd-4c70-9e56-3879cb7a5144,HR 2436,To amend the Internal Revenue Code of 1986 to treat distributions from health savings accounts for funeral expenses of the account beneficiary as qualified distributions.,['bill'],[],119,United States,lower
ocd-bill/245f692e-f5aa-497b-8ef6-0d9cb3724ccd,HR 2397,Targeting TANF to Families in Need Act,['bill'],[],119,United States,lower
ocd-bill/0a495263-359c-4f5f-a709-4ea2e912415c,HR 2444,Promoting Resilient Supply Chains Act of 2025,['bill'],[],119,United States,lower
ocd-bill/3f626c2f-0a6f-4487-a66a-a59c4f0a0546,S 169,Child Care Workforce and Facilities Act of 2025,['bill'],[],119,United States,upper
ocd-bill/40e5f059-7b94-465c-9e8e-00212ce17e94,S 513,Help Our Kelp Act of 2025,['bill'],[],119,United States,upper
ocd-bill/f0bca0db-2317-4a85-bcbc-683479629fd7,S 529,Capping Prescription Costs Act of 2025,['bill'],[],119,United States,upper
ocd-bill/6daabc6c-4783-44c4-905d-79b4b8b2fe07,S 385,Fairness for Servicemembers and their Families Act of 2025,['bill'],[],119,United States,upper
ocd-bill/467b48e8-1145-487d-ba72-66e2fab5a291,S 391,Access to Counsel Act of 2025,['bill'],[],119,United States,upper
ocd-bill/69d771ea-ddc2-4d76-9847-2757ec29658c,S 510,Financing Our Energy Future Act,['bill'],[],119,United States,upper
ocd-bill/1d45b362-9906-4e48-8bad-31ee5b91e939,S 519,No Propaganda Act,['bill'],[],119,United States,upper
ocd-bill/4c4376e5-9e11-4be6-80f7-e3be6d07820c,S 508,BEACH Act of 2025,['bill'],[],119,United States,upper
ocd-bill/b1b17e9e-ad96-42a9-ba5c-4bd80364a9d9,S 524,Coast Guard Authorization Act of 2025,['bill'],[],119,United States,upper
ocd-bill/1e963e52-6154-4212-ba99-161eee86d2fa,S 507,Promoting Precision Agriculture Act of 2025,['bill'],[],119,United States,upper
ocd-bill/a08d4a27-a763-4939-92d1-7fe0b6a8ba62,S 509,Future Logging Careers Act,['bill'],[],119,United States,upper
ocd-bill/d76b0cac-f492-4495-8284-6e33dd806cfd,S 520,Supporting the Abused by Learning Options to Navigate Survivor Stories Act,['bill'],[],119,United States,upper
ocd-bill/694d0927-3166-42c1-95cb-70ea67d65c86,S 506,Coordinating Care for Senior Veterans and Wounded Warriors Act,['bill'],[],119,United States,upper
ocd-bill/315e1073-3207-4c89-80d9-6f17947175a4,S 516,SHIELD Act of 2023,['bill'],[],119,United States,upper
ocd-bill/4b1e4474-2446-4469-a013-2b91f1b6f8a4,S 521,Supporting Access to Rural Community Hospitals Act of 2025,['bill'],[],119,United States,upper
ocd-bill/65d2cce1-3887-48f0-9e7d-d91be24ef150,S 515,A bill to repeal the Impoundment Control Act of 1974.,['bill'],[],119,United States,upper
ocd-bill/0ea5f509-b22a-4de3-8ce2-534f2e90e69f,S 523,Protect Medicaid Act,['bill'],[],119,United States,upper
ocd-bill/68605d65-1cf5-4e16-9e1d-7def539995ce,S 518,Defund Government-Sponsored Propaganda Act,['bill'],[],119,United States,upper
ocd-bill/c048358f-1b14-4a63-bb81-39528aa953e5,S 531,American Apprenticeship Act,['bill'],[],119,United States,upper
ocd-bill/7e2b046d-b31d-4f29-aa75-e83b91baf39d,S 526,Pharmacy Benefit Manager Transparency Act of 2025,['bill'],[],119,United States,upper
ocd-bill/4e734c52-f578-418f-8a42-6052c24f4c09,S 517,Forest Data Modernization Act of 2025,['bill'],[],119,United States,upper
ocd-bill/2a117b20-e040-4b49-a7dc-3d56f8f9d82e,S 530,WEST Act of 2025,['bill'],[],119,United States,upper
ocd-bill/b3fd4db5-e14d-4af7-a25b-c60a8c56e9f2,S 514,MERP Clarifications Act of 2025,['bill'],[],119,United States,upper
ocd-bill/23e99f90-a15e-401b-9045-2f6c11e3d6a0,S 525,"A bill to transfer the functions, duties, responsibilities, assets, liabilities, orders, determinations, rules, regulations, permits, grants, loans, contracts, agreements, certificates, licenses, and privileges of the United States Agency for International Development relating to implementing and administering the Food for Peace Act to the Department of Agriculture.",['bill'],[],119,United States,upper
ocd-bill/31253e81-78e3-4a58-9e1d-10b6a2eddc72,S 512,Agent Raul Gonzalez Officer Safety Act,['bill'],[],119,United States,upper
ocd-bill/0c0457f3-5d63-4984-9cb2-9d7e093eabe3,S 522,Credit Union Board Modernization Act,['bill'],[],119,United States,upper
ocd-bill/5ff4dbe2-8e6e-4246-b467-e52f8a739d30,S 1153,No Dollars for Dictators Act of 2025,['bill'],[],119,United States,upper
ocd-bill/c6209ac4-cf9d-4afe-85b7-a488c1d31960,HR 2236,Healthy Foods for Native Seniors Act,['bill'],[],119,United States,lower
ocd-bill/53eac36c-1f9c-4933-b132-891d3ea62e13,S 1065,INFORM Act of 2025,['bill'],[],119,United States,upper
ocd-bill/d210fc49-888b-40ec-913a-0e3740c4dc86,HR 2218,Stop CARB Act of 2025,['bill'],[],119,United States,lower
ocd-bill/738d5cb5-ce42-409f-aa4b-86de6f89c936,S 1056,Home-Based Telemental Health Care Act of 2025,['bill'],[],119,United States,upper
ocd-bill/4f655881-c47b-4354-9f10-0b471da8579e,S 1045,Aviation Funding Stability Act of 2025,['bill'],[],119,United States,upper
ocd-bill/ef7e6a53-b66c-49af-beee-79cf4397a2d4,S 1096,Preserve Access to Affordable Generics and Biosimilars Act,['bill'],[],119,United States,upper
ocd-bill/61eb6df2-7e3c-4494-9ae2-cd73719e1763,HR 142,Regulations from the Executive in Need of Scrutiny Act of 2025,['bill'],[],119,United States,lower
ocd-bill/a2906f6b-b999-48e3-b429-a27284454cf8,HR 141,Trailer Safety Improvement Act,['bill'],[],119,United States,lower
ocd-bill/c1f7ac5d-5045-420c-ac27-01f270f13215,SRES 38,"A resolution to constitute the majority party's membership on certain committees for the One Hundred Nineteenth Congress, or until their successors are chosen.",['resolution'],[],119,United States,upper
ocd-bill/289de702-4e46-4ed3-85ed-aea7574ea521,HR 220,Veterans Infertility Treatment Act of 2025,['bill'],[],119,United States,lower
ocd-bill/e745a9ae-31c0-4fc3-83b5-6e0292308221,HR 925,"To ensure equal protection of the law, to prevent racism in the Federal Government, and for other purposes.",['bill'],[],119,United States,lower
ocd-bill/d99b0c3c-aaae-400a-b1d0-5217f7722b1f,HRES 126,Celebrating the legacy and contributions of immigrants and opposing discriminatory immigration policies.,['resolution'],[],119,United States,lower
ocd-bill/a0eec8b2-f97a-412a-a4fd-446d6187d0aa,HRES 128,"Expressing support for designation of the month of February 2025 as ""National Teen Dating Violence Awareness and Prevention Month"".",['resolution'],[],119,United States,lower
ocd-bill/ab3321c9-3094-49b1-a5ba-cd97f0ec08f0,HRES 95,Recognizing the significance of the Greensboro Four sit-in during Black History Month.,['resolution'],[],119,United States,lower
ocd-bill/06249ea2-635a-4561-9959-5035f1a3e7d7,HR 249,"To redesignate certain facilities at Paterson Great Falls National Historical Park in honor of Congressman Bill Pascrell, Jr.",['bill'],[],119,United States,lower
ocd-bill/3a264908-950c-4688-bd11-e54f4ed80b1b,HR 541,"To require the Department of Defense to share best practices with, and offer training to, State and local first responders regarding how to most effectively aid victims who experience trauma-related injuries.",['bill'],[],119,United States,lower
ocd-bill/fe010860-4cc2-4034-8b69-ea4aeb37ee53,HR 618,Apex Area Technical Corrections Act,['bill'],[],119,United States,lower
ocd-bill/41b1cfd0-ba95-4ee9-ab0e-97eae851f4a6,HR 973,Setting Consumer Standards for Lithium-Ion Batteries Act,['bill'],[],119,United States,lower
ocd-bill/3b7175e7-b4d3-483c-815f-83ccec9619c2,HR 1001,To provide for a memorandum of understanding to address the impacts of a certain record of decision on the Upper Colorado River Basin Fund.,['bill'],[],119,United States,lower
ocd-bill/e73dc975-85f9-4021-9093-ab648f0a0272,HR 940,FAIR Exams Act,['bill'],[],119,United States,lower
ocd-bill/c7f783e9-3b5f-410d-a7f3-76781a7379b4,HR 1027,QUIET Act,['bill'],[],119,United States,lower
ocd-bill/e97a5081-a9af-4e3f-9070-20ab214852f0,HR 1085,CARGO Act of 2025,['bill'],[],119,United States,lower
ocd-bill/75ee5535-868c-44bd-9539-7524c39c781b,HR 1044,To amend Public Law 99-338 with respect to Kaweah Project permits.,['bill'],[],119,United States,lower
ocd-bill/03efad46-bb30-48ac-85af-9672246b156b,HR 1103,New Markets Tax Credit Extension Act of 2025,['bill'],[],119,United States,lower
ocd-bill/ed822058-abf2-48fd-9e64-1ac86e9ffc04,HR 2291,GARD Act,['bill'],[],119,United States,lower
ocd-bill/f5ee0af6-ed66-49aa-84f4-4ad1158bdad2,HR 1264,USA Batteries Act,['bill'],[],119,United States,lower
ocd-bill/93b8a822-b2c2-4431-b96f-c46d38f62b19,HR 1246,Investing in Rural America Act of 2025,['bill'],[],119,United States,lower
ocd-bill/9e639312-4af6-497f-a454-99da594d3e32,HR 1273,Korean American Divided Families National Registry Act,['bill'],[],119,United States,lower
ocd-bill/dc73df7f-e892-43c3-b61c-1f10d1d6ed87,HR 1259,The Global Demining Protection Act,['bill'],[],119,United States,lower
ocd-bill/de319c8b-c4f6-4b8f-9ca9-ae896d30ba31,HR 1274,PROTECT Our Children Reauthorization Act of 2025,['bill'],[],119,United States,lower
ocd-bill/18e5fc0d-32e4-4e5a-9003-7de785761a9c,SRES 149,"A resolution designating April 2025 as ""Second Chance Month"".",['resolution'],[],119,United States,upper
ocd-bill/075815de-f51c-4fd8-84d4-3e1794ead287,HR 2219,Salary History Question Prohibition Act,['bill'],[],119,United States,lower
ocd-bill/a5705738-0828-4214-b7b7-336651a2a229,HR 2238,Ranching Without Red Tape Act of 2025,['bill'],[],119,United States,lower
ocd-bill/5e04bcec-08ea-4283-86e1-2a2cdb50a63c,HR 1271,"To provide additional funding for scholarships for students at 1890 institutions, and for other purposes.",['bill'],[],119,United States,lower
ocd-bill/ac0c4609-305d-4e77-bbb8-cea22d3c333f,HR 1223,ANCHOR Act,['bill'],[],119,United States,lower
ocd-bill/d19626de-0ffa-468b-899a-a467bb3de23d,HR 1263,Strengthening the Quad Act,['bill'],[],119,United States,lower
ocd-bill/417aee8b-77f3-4712-bfc1-0774708eddfe,HR 1268,Extending Limits of U.S. Customs Waters Act,['bill'],[],119,United States,lower
ocd-bill/63c3731b-4e71-4982-b7ac-f1a2a9292607,HR 1258,Improving Contractor Cybersecurity Act,['bill'],[],119,United States,lower
ocd-bill/d0e89f4a-cbe3-4e31-8dc8-99246df66dad,HR 1230,AG VETS Act,['bill'],[],119,United States,lower
ocd-bill/08de4b65-dc10-4380-a134-b8d626498c59,HR 1231,START Housing Act of 2025,['bill'],[],119,United States,lower
ocd-bill/409987ce-4076-4078-9f8d-7bfd1fe9f660,HR 1261,Land and Water Conservation Fund Water Amendments Act of 2025,['bill'],[],119,United States,lower
ocd-bill/a780f0fc-2f82-4709-b7c4-fe5b02ac9145,HR 1249,INFORM Act of 2025,['bill'],[],119,United States,lower
ocd-bill/8fe836dc-d50a-47e9-9953-d5736ac0b470,HR 1234,"To direct the Librarian of Congress to promote the more cost-effective, efficient, and expanded availability of the Annotated Constitution and pocket-part supplements by replacing the hardbound versions with digital versions.",['bill'],[],119,United States,lower
ocd-bill/1417ebed-2c43-4b09-8b40-5378aee37252,HR 1250,"To require the imposition of sanctions with respect to Ansarallah and its officials, agents, or affiliates for acts of international terrorism.",['bill'],[],119,United States,lower
ocd-bill/8e8fd218-d698-4436-976b-209967d1f455,HR 1251,All Access Act of 2025,['bill'],[],119,United States,lower
ocd-bill/8329ed94-398e-45e4-9e64-3c15f83c1547,HR 1238,Cartel Marque and Reprisal Authorization Act of 2025,['bill'],[],119,United States,lower
ocd-bill/a3954307-1aa3-44ae-816b-06dba894b212,HR 1247,WISE Government Act,['bill'],[],119,United States,lower
ocd-bill/db412ebf-31c1-467a-a05f-b883a48f90b6,HR 1227,Alternatives to PAIN Act,['bill'],[],119,United States,lower
ocd-bill/4c506aaf-4322-494e-9add-8666b3ade862,HR 1257,OPIOIDS Act,['bill'],[],119,United States,lower
ocd-bill/c1405518-dbb2-4a3a-bf29-0240159dc808,HR 1242,Hire Veterans Act,['bill'],[],119,United States,lower
ocd-bill/079a51aa-8866-46bc-9896-1f7755d33529,HR 1244,Reducing Drug Prices for Seniors Act,['bill'],[],119,United States,lower
ocd-bill/6b3de813-9471-4b57-8951-315fb8295441,HR 1245,Disaster Survivors Fairness Act of 2025,['bill'],[],119,United States,lower
ocd-bill/c60e7451-0c4c-4f82-937e-2fd012172bf1,HR 1241,SAFE for America Act of 2025,['bill'],[],119,United States,lower
ocd-bill/ee33f5bc-d640-4dd3-a02d-c40f941964fd,HR 1270,"To suspend the production of the penny and nickel, to require the Comptroller General of the United States to carry out a study on pennies and nickels, and for other purposes.",['bill'],[],119,United States,lower
ocd-bill/8cdfd30e-9f49-414a-873a-240e82d8c8fb,HR 1243,United Nations Voting Accountability Act of 2025,['bill'],[],119,United States,lower
ocd-bill/73916753-c119-40e7-8e21-24527620a40a,HR 1239,Voluntary Sustainable Apparel Labeling Act,['bill'],[],119,United States,lower
ocd-bill/4a20de57-600b-4d63-b1ca-9a0500313d60,HR 1260,U.S. Park Police Modernization Act,['bill'],[],119,United States,lower
ocd-bill/b85a9d6e-99b9-4bd3-a8eb-9eeedc1b562a,HR 1256,Long-Term Care Transparency Act,['bill'],[],119,United States,lower
ocd-bill/ae6f6590-c4d5-4873-8fb7-c2175ccccc3d,HR 1224,Protecting the Second Amendment in Financial Services Act,['bill'],[],119,United States,lower
ocd-bill/ef4de456-02c0-422a-bee4-eef84c7d47f2,HR 1240,National Statistics on Deadly Force Transparency Act of 2025,['bill'],[],119,United States,lower
ocd-bill/5e357875-f2f0-424e-8526-5778bcf937ae,HR 1235,Federal Infrastructure Bank Act of 2025,['bill'],[],119,United States,lower
ocd-bill/3110de20-bd0f-46c4-9b24-035b44da420d,HR 1228,Prioritizing Veterans’ Survivors Act,['bill'],[],119,United States,lower
ocd-bill/c84c194c-bd2a-47c9-84c9-f69a5ff0a7af,HR 1275,Focus on Learning Act,['bill'],[],119,United States,lower
ocd-bill/ed8110c7-7619-4de4-a132-7a3f1cca2e04,HR 1248,Ensuring Continuity in Veterans Health Act,['bill'],[],119,United States,lower
ocd-bill/39fee9a1-06b4-430c-a6da-d0e047d1dc3c,HR 1272,Secure Storage Information Act of 2025,['bill'],[],119,United States,lower
ocd-bill/2654a07b-3954-4db8-a27a-487f8a264416,HR 1254,Rural Obstetrics Readiness Act,['bill'],[],119,United States,lower
ocd-bill/2a3b5a1f-c04d-4975-965d-d4001696a974,HR 1255,Investing in Our Communities Act,['bill'],[],119,United States,lower
ocd-bill/9e92df4d-8b7d-4ad7-922a-ee4bb87d1778,HJRES 51,"Providing for congressional disapproval under chapter 8 of title 5, United States Code, of the rule submitted by the Bureau of Consumer Financial Protection relating to ""Quality Control Standards for Automated Valuation Models"".",['resolution'],[],119,United States,lower
ocd-bill/f48d4d03-85a1-4c20-a0c4-f4a9775072bb,HJRES 56,"Providing for congressional disapproval under chapter 8 of title 5, United States Code, of the rule submitted by the Financial Crimes Enforcement Network relating to ""Anti-Money Laundering/Countering the Financing of Terrorism Program and Suspicious Activity Report Filing Requirements for Registered Investment Advisers and Exempt Reporting Advisers"".",['resolution'],[],119,United States,lower
ocd-bill/d71e9c4c-98ba-43d4-aa1c-e4fb0f57a63b,HR 1253,Fair SHARE Act of 2025,['bill'],[],119,United States,lower
ocd-bill/265caf1b-b2ca-4eb7-b233-bc6ec5470805,HJRES 46,"Providing for congressional disapproval under chapter 8 of title 5, United States Code, of the rule submitted by the Environmental Protection Agency relating to ""Decabromodiphenyl Ether and Phenol, Isopropylated Phosphate (3:1); Revision to the Regulation of Persistent, Bioaccumulative, and Toxic Chemicals Under the Toxic Substances Control Act (TSCA)"".",['resolution'],[],119,United States,lower
ocd-bill/97217c79-5177-48a4-82e9-89bca48d396f,HJRES 43,"Providing for congressional disapproval under chapter 8 of title 5, United States Code, of the rule submitted by the Environmental Protection Agency relating to ""New Source Performance Standards Review for Volatile Organic Liquid Storage Vessels (Including Petroleum Liquid Storage Vessels)"".",['resolution'],[],119,United States,lower
ocd-bill/0df7c276-dd7e-43f6-9bf9-1a3edacf7b5f,HJRES 48,"Providing for congressional disapproval under chapter 8 of title 5, United States Code, of the rule submitted by the Board of Governors of the Federal Reserve System relating to ""Quality Control Standards for Automated Valuation Models"".",['resolution'],[],119,United States,lower
ocd-bill/6b220344-c4b7-4da2-ae9f-353af279a8b0,HJRES 55,"Providing for congressional disapproval under chapter 8 of title 5, United States Code, of the rule submitted by the Financial Crimes Enforcement Network relating to ""Anti-Money Laundering Regulations for Residential Real Estate Transfers"".",['resolution'],[],119,United States,lower
ocd-bill/a260a9b8-5e30-4895-a954-e72bbfff3c4b,HJRES 57,"Providing for congressional disapproval under chapter 8 of title 5, United States Code, of the rule submitted by the Department of the Interior relating to ""Oil and Gas and Sulfur Operations in the Outer Continental Shelf-High Pressure High Temperature Updates"".",['resolution'],[],119,United States,lower
ocd-bill/5c0fb17e-a3dd-46ea-b979-1be654b6c457,HJRES 42,"Providing for congressional disapproval under chapter 8 of title 5, United States Code, of the rule submitted by the Department of Energy relating to ""Energy Conservation Program for Appliance Standards: Certification Requirements, Labeling Requirements, and Enforcement Provisions for Certain Consumer Products and Commercial Equipment"".",['resolution'],[],119,United States,lower
ocd-bill/aaae3bec-99be-4c4a-8b70-a6a8e52d67f3,HJRES 40,"Providing for congressional disapproval under chapter 8 of title 5, United States Code, of the rule submitted by the Department of Defense relating to ""Cybersecurity Maturity Model Certification (CMMC) Program"".",['resolution'],[],119,United States,lower
ocd-bill/7b790a4d-a445-46e9-95b3-4f9f3a61d7a7,HR 1226,Restoring Checks and Balances Act,['bill'],[],119,United States,lower
ocd-bill/68a03060-7929-43b6-826e-d80d18cd8998,HR 1237,PANELS Act,['bill'],[],119,United States,lower
ocd-bill/2b853fc0-430c-449d-a5d0-0bf5a0c01c4c,HR 1225,"To direct the United States Postal Service to designate a single, unique ZIP Code for Eastvale, California.",['bill'],[],119,United States,lower
ocd-bill/979d1989-323e-4b7b-b2a6-c75a6d253750,HJRES 47,"Providing for congressional disapproval under chapter 8 of title 5, United States Code, of the rule submitted by the Office of the Comptroller of the Currency relating to ""Quality Control Standards for Automated Valuation Models"".",['resolution'],[],119,United States,lower
ocd-bill/9c80d1cc-a76a-4ee2-90c8-f3bf6df7d6fb,HJRES 53,"Providing for congressional disapproval under chapter 8 of title 5, United States Code, of the rule submitted by the Securities and Exchange Commission relating to ""Form N-PORT and Form N-CEN Reporting; Guidance on Open-End Fund Liquidity Risk Management Programs"".",['resolution'],[],119,United States,lower
ocd-bill/04b86974-d2ea-4c1f-ba40-be871cad5522,HJRES 52,"Providing for congressional disapproval under chapter 8 of title 5, United States Code, of the rule submitted by the Federal Housing Finance Agency relating to ""Quality Control Standards for Automated Valuation Models"".",['resolution'],[],119,United States,lower
ocd-bill/d5dc20c3-f10f-4d0b-9faf-95204b703224,HJRES 44,"Providing for congressional disapproval under chapter 8 of title 5, United States Code, of the rule submitted by the Environmental Protection Agency relating to ""National Primary Drinking Water Regulations for Lead and Copper: Improvements (LCRI)"".",['resolution'],[],119,United States,lower
ocd-bill/9f1a9ab3-2a5d-4c5e-8369-1e7b24b7dd34,HJRES 58,"Providing for congressional disapproval under chapter 8 of title 5, United States Code, of the rule submitted by the Centers for Medicare & Medicaid Services relating to ""Medicare Program; Calendar Year (CY) 2025 Home Health Prospective Payment System (HH PPS) Rate Update; HH Quality Reporting Program Requirements; HH Value-Based Purchasing Expanded Model Requirements; Home Intravenous Immune Globulin (IVIG) Items and Services Rate Update; and Other Medicare Policies"".",['resolution'],[],119,United States,lower
ocd-bill/6286f8f9-b034-4611-a640-9803005e3d5a,HJRES 45,"Providing for congressional disapproval under chapter 8 of title 5, United States Code, of the rule submitted by the Environmental Protection Agency relating to ""Reconsideration of the Dust-Lead Hazard Standards and Dust-Lead Post-Abatement Clearance Levels"".",['resolution'],[],119,United States,lower
ocd-bill/109f0c20-26da-4a7d-a458-7156330e71a5,HR 1236,Chief Herbert D. Proffitt Act of 2025,['bill'],[],119,United States,lower
ocd-bill/30cbf672-782c-408a-93d7-b87a862ea407,HJRES 50,"Providing for congressional disapproval under chapter 8 of title 5, United States Code, of the rule submitted by the National Credit Union Administration relating to ""Quality Control Standards for Automated Valuation Models"".",['resolution'],[],119,United States,lower
ocd-bill/cc3f81e3-3fc7-445d-be56-61d3e2f098fc,HJRES 49,"Providing for congressional disapproval under chapter 8 of title 5, United States Code, of the rule submitted by the Federal Deposit Insurance Corporation relating to ""Quality Control Standards for Automated Valuation Models"".",['resolution'],[],119,United States,lower
ocd-bill/b3082598-8110-47b6-ba19-20b0829a20d5,HR 1267,Water Systems PFAS Liability Protection Act,['bill'],[],119,United States,lower
ocd-bill/8bf07980-d7b3-45ba-9067-7934f7b40af5,HJRES 41,"Providing for congressional disapproval under chapter 8 of title 5, United States Code, of the rule submitted by the Department of Education relating to ""Postsecondary Student Success Grant"".",['resolution'],[],119,United States,lower
ocd-bill/c85a27a6-91d4-49ef-8de9-b1cfb2ff0e7b,HRES 37,"Recognizing the 4th anniversary of the Trump administration's Secretary of the Air Force announcing Redstone Arsenal in Huntsville, Alabama, as the preferred location for United States Space Command Headquarters.",['resolution'],[],119,United States,lower
ocd-bill/c24e2dc5-4cc7-49e2-b6b5-5744283cb461,S 152,Student Empowerment Act,['bill'],[],119,United States,upper
ocd-bill/424f4125-467c-4f4e-abd7-1a00113a150d,SRES 76,"An original resolution authorizing expenditures by the Committee on Health, Education, Labor and Pensions.",['resolution'],[],119,United States,upper
ocd-bill/8496676e-7496-44e7-ac9e-a8b1287fe08f,SRES 75,A resolution expressing the sense of the Senate that member countries of NATO must commit at least 2 percent of their national gross domestic product to national defense spending to hold leadership or benefit at the expense of those countries who meet their obligations.,['resolution'],[],119,United States,upper
ocd-bill/e054ac2d-2774-4656-93c8-3ae846f4b79b,S 32,LACA,['bill'],[],119,United States,upper
ocd-bill/3b8e238d-1d27-421a-8838-3045037b0fb4,S 167,Protect and Serve Act of 2025,['bill'],[],119,United States,upper
ocd-bill/4c415478-9fec-4e4e-9e45-ce1dd0491990,S 551,Ensuring Outpatient Quality for Rural States Act,['bill'],[],119,United States,upper
ocd-bill/82f7d0f7-ca9f-4cfd-b4d4-450f5f178221,S 422,Right to Contraception Act,['bill'],[],119,United States,upper
ocd-bill/7a16f09e-c58a-411e-b62a-fbc3b03f06a9,S 545,Combating Illicit Xylazine Act,['bill'],[],119,United States,upper
ocd-bill/1c170db0-72ae-4ea7-b2a3-22878b6c6bb5,S 539,PROTECT Our Children Reauthorization Act of 2025,['bill'],[],119,United States,upper
ocd-bill/443204f6-1706-4f0f-b35d-27b25bd97480,S 538,Eliminating Leftover Expenses for Campaigns from Taxpayers (ELECT) Act of 2025,['bill'],[],119,United States,upper
ocd-bill/8893f968-536d-4650-b275-b98ccb0043ac,S 540,Ensuring Continuity in Veterans Health Act,['bill'],[],119,United States,upper
ocd-bill/d4a19470-8f9a-4ef4-ba71-798a5e3b9c6c,S 549,Maritime Fuel Tax Parity Act,['bill'],[],119,United States,upper
ocd-bill/97bdd65e-6a97-4fa2-a590-00f7d316b565,S 546,Technical Correction to the Shoshone-Paiute Tribes of the Duck Valley Reservation Water Rights Settlement Act of 2025,['bill'],[],119,United States,upper
ocd-bill/96395dac-bafa-47f7-8dba-0c386010e87e,S 553,SOLES Act,['bill'],[],119,United States,upper
ocd-bill/db74ad53-544c-4263-99cb-b1b062a2bc83,S 544,Mining Regulatory Clarity Act,['bill'],[],119,United States,upper
ocd-bill/a25ebfb5-c663-4642-bd10-1a08338fcdca,S 537,Protecting Access for Hunters and Anglers Act of 2025,['bill'],[],119,United States,upper
ocd-bill/71462c9f-e6e4-42df-bdff-767831835608,S 557,1071 Repeal to Protect Small Business Lending Act,['bill'],[],119,United States,upper
ocd-bill/9afad604-18b4-4868-9134-d2569078861c,S 555,Korean American Divided Families National Registry Act,['bill'],[],119,United States,upper
ocd-bill/40d4890e-cb79-479d-8e6d-e0087aee6d02,S 535,Respect Parents’ Childcare Choices Act,['bill'],[],119,United States,upper
ocd-bill/6dc89c88-470a-4123-8549-6386c49a2543,S 543,Fair Play for Women Act,['bill'],[],119,United States,upper
ocd-bill/7b2bf865-f1b5-4141-a94b-c11cb6565f5c,S 542,English Language Unity Act of 2025,['bill'],[],119,United States,upper
ocd-bill/9e474177-4b98-4608-8e5b-ad6336d9820b,SJRES 4,"A joint resolution providing for congressional disapproval under chapter 8 of title 5, United States Code, of the rule submitted by the Department of Energy relating to ""Energy Conservation Program: Energy Conservation Standards for Consumer Gas-fired Instantaneous Water Heaters"".",['resolution'],[],119,United States,upper
ocd-bill/88753c1b-4727-4430-92c2-75b0eb85af99,S 550,"A bill to provide for the equitable settlement of certain Indian land disputes regarding land in Illinois, and for other purposes.",['bill'],[],119,United States,upper
ocd-bill/2ab23ba8-7c00-42ad-bef3-643d725970c9,S 534,Presidential Allowance Modernization Act of 2025,['bill'],[],119,United States,upper
ocd-bill/a0c57e12-4438-49fc-9a74-eb6c45b978e8,S 541,ELITE Vehicles Act,['bill'],[],119,United States,upper
ocd-bill/93380da5-f3f8-4511-90d2-4f64151189d8,S 552,CRITICAL Act,['bill'],[],119,United States,upper
ocd-bill/ba58e444-adce-4e56-9ff4-112907f21ce9,S 547,Train More Nurses Act,['bill'],[],119,United States,upper
ocd-bill/c0337100-64a8-4ed5-af09-14cfc2f2676f,S 532,OPTN Fee Collection Authority Act,['bill'],[],119,United States,upper
ocd-bill/6de2bf76-bc2a-45bf-97c7-c5ed274fb398,S 548,Caribbean Border Counternarcotics Strategy Act,['bill'],[],119,United States,upper
ocd-bill/466faf3e-6e91-4763-a3d8-a3834c1cf786,S 554,United States-Israel Defense Partnership Act of 2025,['bill'],[],119,United States,upper
ocd-bill/f99cb42f-2876-4711-851c-eb52a44275b6,S 536,Fair SHARE Act of 2025,['bill'],[],119,United States,upper
ocd-bill/400b9560-a379-4ed1-a476-3195462ce43d,S 533,National Right-to-Work Act,['bill'],[],119,United States,upper
ocd-bill/ee726e9c-c979-4eea-9f4f-31ea59eecd83,HR 2204,"To require an institution of higher education that becomes aware that a student having nonimmigrant status under subparagraph (F)(i) or (J) of section 101(a)(15) of the Immigration and Nationality Act (8 U.S.C. 1101(a)(15)) has endorsed or supported a foreign terrorist organization to notify the SEVIS, and for other purposes.",['bill'],[],119,United States,lower
ocd-bill/e8bdca70-6933-4a41-836b-8d0c35973b9d,HR 2207,Saving DOE’s Workforce Act,['bill'],[],119,United States,lower
ocd-bill/6994c9cd-003f-4496-93cd-6dd72dbddabb,HR 2206,Prevent Homelessness Act of 2025,['bill'],[],119,United States,lower
ocd-bill/008507fd-8400-43de-869d-2f0cde8d28a0,HR 2203,Innovative FEED Act of 2025,['bill'],[],119,United States,lower
ocd-bill/388bb54f-21ce-40fa-8040-c0b69f5b4aea,HR 2210,Saving NASA’s Workforce Act,['bill'],[],119,United States,lower
ocd-bill/f5b5c58e-0071-4dae-8283-3948786b2580,HR 2179,America First Equipment and Information Act,['bill'],[],119,United States,lower
ocd-bill/6b4b260a-c7e9-413f-985b-f8556d0526b6,HRES 278,Providing for consideration of the bill (H.R. 185) to advance responsible policies.,['resolution'],[],119,United States,lower
ocd-bill/7320329c-f684-4be3-83ab-2b6495d9c061,HR 253,Bipartisan Restoring Faith in Government Act,['bill'],[],119,United States,lower
ocd-bill/60a6b771-1976-40e2-b589-69d6cc12d435,HR 2416,"To amend the Taiwan Allies International Protection and Enhancement Initiative (TAIPEI) Act of 2019 to provide that the United States, as a member of any international organizations, should oppose any attempts by the People's Republic of China to resolve Taiwan's status by distorting the decisions, language, policies, or procedures of the organization, and for other purposes.",['bill'],[],119,United States,lower
ocd-bill/40813733-6d97-4a18-8a83-98e95a323617,HR 1648,A–PLUS Act,['bill'],[],119,United States,lower
ocd-bill/6d029ac4-2609-4af3-ba05-3ff6758f99d9,HRES 281,"Urging the people of the United States to observe the month of March 2025 as ""Bulgarian-American Heritage Month"".",['resolution'],[],119,United States,lower
ocd-bill/32113334-4552-4e28-b5d4-98645b93e445,HR 1756,Stop Politicians Profiting from War Act of 2025,['bill'],[],119,United States,lower
ocd-bill/c55b9768-2642-4ddf-98ac-f6c5ecdf6cd7,HR 273,REMAIN in Mexico Act of 2025,['bill'],[],119,United States,lower
ocd-bill/17edc99c-0783-4222-b939-aa7d471c1061,HRES 280,Supporting the goals and ideals of National Women's History Month.,['resolution'],[],119,United States,lower
ocd-bill/f65d427c-8aea-4dc9-9b14-ae4cfe31349c,HR 1681,Expediting Federal Broadband Deployment Reviews Act,['bill'],[],119,United States,lower
ocd-bill/55e10438-4ec2-4ffd-9236-439213d9f227,HRES 277,"Supporting the designation of May 2025 as ""National Myositis Awareness Month"".",['resolution'],[],119,United States,lower
ocd-bill/bc6838a4-ff16-4136-8515-2b7d4f7a71bf,HRES 170,Expressing support for Americas Black workers and affirming the need to pass legislation to reduce inequalities and discrimination in the workforce.,['resolution'],[],119,United States,lower
ocd-bill/2056e4fd-fe68-403b-b2c7-3f7de9f29363,HJRES 83,Providing for congressional disapproval of the proposed foreign military sale to Israel of certain defense articles and services.,['resolution'],[],119,United States,lower
ocd-bill/a1b439f0-70e3-41e3-bcaf-2fec72c878f3,HRES 275,"Supporting the goals and ideals of Social Work Month and World Social Work Day on March 18, 2025.",['resolution'],[],119,United States,lower
ocd-bill/8893fbe0-b057-412b-afd9-459e4f2c9e8c,HRES 176,Encouraging the EU to DESIGNATE Resolution,['resolution'],[],119,United States,lower
ocd-bill/ddfb01f5-8a85-43b5-b17b-77a8384d4c27,HRES 175,"Recognizing the seriousness of polycystic ovary syndrome (PCOS) and expressing support for the designation of the month of September as ""PCOS Awareness Month"".",['resolution'],[],119,United States,lower
ocd-bill/38dd351f-c333-4769-81d3-653e61e29617,HCONRES 21,Recognizing the significance of equal pay and the disparity between wages paid to men and women.,['resolution'],[],119,United States,lower
ocd-bill/e57a9c16-e4df-4eb4-ad77-5218209f2f61,HR 2507,Helping to Encourage Real Opportunities (HERO) for Youth Act of 2025,['bill'],[],119,United States,lower
ocd-bill/60b8ad07-12d3-4552-9b3a-e5757f10fc4f,HJRES 84,Providing for congressional disapproval of the proposed foreign military sale to Israel of certain defense articles and services.,['resolution'],[],119,United States,lower
ocd-bill/fdfca642-825e-4120-a29b-9fbec9b32f86,HRES 272,Expressing the sense of the House of Representatives that the United States seeks to restore peace in Ukraine.,['resolution'],[],119,United States,lower
ocd-bill/2e7f384e-7d6a-48de-a303-fa52d0780f27,HR 1773,Federal Firearms Licensee Protection Act of 2025,['bill'],[],119,United States,lower
ocd-bill/13288787-3abc-49b7-b935-9adc15aad11c,HRES 273,Expressing support for the diplomatic relations required to encourage the Government of Mexico to fulfill its water deliveries on an annual basis to the United States under the treaty between the United States and Mexico regarding the utilization of the Colorado and Tijuana Rivers and of the Rio Grande.,['resolution'],[],119,United States,lower
ocd-bill/2270ed65-1377-4ebd-a76c-f8e6d3c604d1,HR 1782,SHOPP Act of 2025,['bill'],[],119,United States,lower
ocd-bill/9bbfb840-74ee-4533-992c-9e564656399e,HR 2227,WOLF Act of 2025,['bill'],[],119,United States,lower
ocd-bill/26aa353a-4c79-42a6-bdb4-486b1c71cf21,HR 1509,Accelerating Kids’ Access to Care Act of 2025,['bill'],[],119,United States,lower
ocd-bill/2d7a83ef-1f86-43b4-aa29-d7025866ce10,HJRES 86,Providing for congressional disapproval of the report of enhancement or upgrade of sensitive foreign military related to a sale to the Government of Israel of certain defense articles and services.,['resolution'],[],119,United States,lower
ocd-bill/725f3c5a-801a-4a3f-8a91-be0fb2b7cfab,HR 1077,STEAM Act,['bill'],[],119,United States,lower
ocd-bill/cd84eac8-6db8-4636-927b-9aa8a347e014,HR 2461,Manufactured Housing Tenant’s Bill of Rights Act of 2025,['bill'],[],119,United States,lower
ocd-bill/8a561ff1-79f0-4eff-880f-b5e6a014ab7f,HR 2031,HOME Investment Partnerships Reauthorization and Improvement Act of 2025,['bill'],[],119,United States,lower
ocd-bill/5b6b043a-f836-4afd-bfae-156a13e2cb63,HRES 269,Reaffirming the commitment of the Federal Government to historically Black colleges and universities and honoring their enduring legacy and contributions.,['resolution'],[],119,United States,lower
ocd-bill/2d687983-667c-4bed-8d36-44fe0ee8b525,HRES 169,Recognizing the Dominican community's presence and contributions to Washington Heights and Inwood.,['resolution'],[],119,United States,lower
ocd-bill/7048dbac-0911-49ee-8f63-e55b241dd7fe,HRES 174,"Impeaching Amir Hatem Mahdy Ali, a judge of the United States District Court for the District of Columbia, for high crimes and misdemeanors.",['resolution'],[],119,United States,lower
ocd-bill/6bcb2fc8-667c-459b-b7b0-3171b3446dd9,HRES 238,"Expressing the sense of the House of Representatives that every person has the basic right to emergency health care, including abortion care.",['resolution'],[],119,United States,lower
ocd-bill/67b12f50-472a-4d63-94eb-58388464385c,HR 491,Equal COLA Act,['bill'],[],119,United States,lower
ocd-bill/5cc94c32-5c99-473e-a099-ecc14048f2c5,HR 1538,Delivering for Rural Seniors Act of 2025,['bill'],[],119,United States,lower
ocd-bill/bf695f83-5610-4fb8-bfa7-393bb6c58433,HRES 270,"Removing James E. Boasberg, Chief Judge of the United States District Court for the District of Columbia, for failure to remain in good behavior pursuant to section 1 of article III of the Constitution.",['resolution'],[],119,United States,lower
ocd-bill/2b7745b6-b709-40a2-a657-b670ee206272,HRES 274,"Expressing support for the designation of the week of April 6 through April 12, 2025, as ""National Water Week"".",['resolution'],[],119,United States,lower
ocd-bill/e14def33-c611-4c66-926e-9df5bc5aa8e7,HJRES 85,Providing for congressional disapproval of the proposed foreign military sale to Israel of certain defense articles and services.,['resolution'],[],119,United States,lower
ocd-bill/a94a5be2-4443-424e-869d-1b5c17429603,HR 1719,Farm to Fly Act of 2025,['bill'],[],119,United States,lower
ocd-bill/ed2072b5-ba2d-4c63-96a0-a361ce3f8372,HCONRES 22,Authorizing the use of Emancipation Hall in the Capitol Visitor Center for a ceremony to present the Congressional Gold Medals awarded under the 'Six Triple Eight' Congressional Gold Medal Act of 2021.,['resolution'],[],119,United States,lower
ocd-bill/9dd4c310-c138-432f-ace7-7b8a2318b5ef,HRES 276,Raising awareness of the racial disparities in the impact of colorectal cancer on the Hispanic community.,['resolution'],[],119,United States,lower
ocd-bill/9d0a5c3b-4928-4701-bf59-75cc42af2643,HCONRES 23,Supporting the goals and ideals of International Transgender Day of Visibility.,['resolution'],[],119,United States,lower
ocd-bill/f7595e70-6c1d-4b87-868e-c21965930684,S 129,No Tax on Tips Act,['bill'],[],119,United States,upper
ocd-bill/513327cf-9cea-4657-ab78-c89737d71551,SRES 41,A resolution authorizing the Sergeant at Arms and Doorkeeper of the Senate to conduct quarterly blood donation drives during the 119th Congress.,['resolution'],[],119,United States,upper
ocd-bill/9c093886-41a4-4614-ad07-60ad4b73c005,SRES 40,A resolution commemorating the 80th anniversary of the liberation of the Auschwitz extermination camp in Nazi-occupied Poland and International Holocaust Remembrance Day.,['resolution'],[],119,United States,upper
ocd-bill/5eb7570a-426a-468e-b4e1-c48271440624,SRES 39,"A resolution supporting the observation of National Trafficking and Modern Slavery Prevention Month during the period beginning on January 1, 2025, and ending on February 1, 2025, to raise awareness of, and opposition to, human trafficking and modern slavery.",['resolution'],[],119,United States,upper
ocd-bill/bceb2e46-1e7a-4f78-9077-f6d7882d651e,S 261,Halt All United States Investments in Venezuela’s Energy Sector Act of 2025,['bill'],[],119,United States,upper
ocd-bill/700b6fc9-c81f-4da4-9979-7368a5b6b8c5,S 263,FAIR Act of 2025,['bill'],[],119,United States,upper
ocd-bill/5c33035e-ec9b-4939-9865-0609421fc396,S 258,TORNADO Act,['bill'],[],119,United States,upper
ocd-bill/0bf6e858-595f-4d5c-ade9-27c8021736be,S 260,Bottles and Breastfeeding Equipment Screening Enhancement Act,['bill'],[],119,United States,upper
ocd-bill/9353fc3d-f4d1-4e38-bfae-342d6cd5ef9a,S 259,Foreign Adversary Communications Transparency Act,['bill'],[],119,United States,upper
ocd-bill/1f4dfe9c-40e9-4fa4-836c-9a24b1457772,S 257,Promoting Resilient Supply Chains Act of 2025,['bill'],[],119,United States,upper
ocd-bill/adbd870e-dd1d-483f-b99c-f7b1da5e58d6,HR 2480,Securing Semiconductor Supply Chains Act of 2025,['bill'],[],119,United States,lower
ocd-bill/ad90c4d9-22fc-4eb5-ba2a-9ecdf5e4cd93,HR 2482,NTIA Reauthorization Act of 2025,['bill'],[],119,United States,lower
ocd-bill/e8199094-8329-4c52-b4fb-a63a50bd9d6d,HR 2525,Housing Vouchers Fairness Act,['bill'],[],119,United States,lower
ocd-bill/e29538e0-2507-435e-adb2-56ff0acba810,HR 2505,Block the Use of Transatlantic Technology in Iranian Made Drones Act,['bill'],[],119,United States,lower
ocd-bill/4ad074aa-3aa6-4046-9983-9f2a6013868f,HR 2500,Abandoned Vessel Prevention Act,['bill'],[],119,United States,lower
ocd-bill/7248c95e-e8f8-4dfc-8659-81e5dd6b21f4,HRES 279,Expressing support for designation of a Welcome Home Vietnam Veterans Day on the last Saturday of March 2025.,['resolution'],[],119,United States,lower
ocd-bill/c6442560-be2e-463f-8bcf-ef104eff9404,HRES 271,Honoring the accomplishments and legacy of César Estrada Chávez.,['resolution'],[],119,United States,lower
ocd-bill/fc646fe2-c7df-4c1a-b43c-caabcd30eb5e,HR 2513,CFPB–IG Reform Act of 2025,['bill'],[],119,United States,lower
ocd-bill/87ef5fcc-ff4f-44a4-a7c4-4fb0541505c7,HR 2510,American-Hellenic-Israeli Eastern Mediterranean Counterterrorism and Maritime Security Partnership Act of 2025,['bill'],[],119,United States,lower
ocd-bill/549f49a0-8944-460f-a865-3a7074c52888,HR 2492,Fire Safe Electrical Corridors Act of 2025,['bill'],[],119,United States,lower
ocd-bill/39d2381e-c85f-42bb-8f8d-2e18bae37559,HR 2506,AID Youth Employment Act,['bill'],[],119,United States,lower
ocd-bill/7060bd2d-07f9-441a-87e3-f8194c5a259a,HR 2509,COMPLETE Care Act,['bill'],[],119,United States,lower
ocd-bill/94401176-ccf9-4c79-943e-dcd83306f47e,HR 2504,The U.S.-European Nuclear Energy Cooperation Act of 2025,['bill'],[],119,United States,lower
ocd-bill/e0768098-f4aa-47cb-a551-d6391960e34c,HR 2524,REPEAL CBO Requirements Act,['bill'],[],119,United States,lower
ocd-bill/a714b723-8784-4c9a-a854-bd831f92fdff,HR 2517,Community Wood Facilities Assistance Act of 2025,['bill'],[],119,United States,lower
ocd-bill/d48df50d-81cd-4c1b-b08a-0914b03d4122,HR 2494,"To direct the Secretary of Housing and Urban Development to annually submit to the Congress a report that analyzes State and local strategies, activities, and plans that promote affordable housing, and for other purposes.",['bill'],[],119,United States,lower
ocd-bill/11d3fd5f-0a8f-47c1-bf14-ab9f7da93103,HR 2526,Bus Parity and Clarity Act,['bill'],[],119,United States,lower
ocd-bill/3a20ab41-6d6a-410c-b8fa-c0bb453cdc76,HR 2511,Sarah Katz Caffeine Safety Act,['bill'],[],119,United States,lower
ocd-bill/12c56dcb-4ddd-4d35-975c-747709ba7904,HR 2484,Seniors’ Access to Critical Medications Act of 2025,['bill'],[],119,United States,lower
ocd-bill/bbae8d21-9e1e-49b1-9687-4dbac0fe19bc,HR 2490,No In-State Tuition for Illegal Immigrants Act,['bill'],[],119,United States,lower
ocd-bill/26f81021-daaf-4874-a7fa-24fccc6012dd,HR 2491,ABC Act,['bill'],[],119,United States,lower
ocd-bill/0905f504-d03e-43c2-8107-741a6988d09b,HR 2508,ENCRYPT Act of 2025,['bill'],[],119,United States,lower
ocd-bill/79b694a3-2172-4e10-bdec-f7c665f4bf11,HR 2493,Improving Care in Rural America Reauthorization Act of 2025,['bill'],[],119,United States,lower
ocd-bill/7e630a83-e7f7-4b0d-9928-dbe82c9c4f09,HR 2518,Fishing Industry Credit Enhancement Act of 2025,['bill'],[],119,United States,lower
ocd-bill/50c2357a-4c89-4c1d-81fd-5be118449a8e,HR 2485,Arts Education for All Act,['bill'],[],119,United States,lower
ocd-bill/d79f5261-20e6-445b-b64a-74aa3446b864,HR 2516,Accreditation for College Excellence Act of 2025,['bill'],[],119,United States,lower
ocd-bill/2ac0f231-d004-40af-be43-f85116e80f5c,HR 2497,Abortion Care Awareness Act of 2025,['bill'],[],119,United States,lower
ocd-bill/92f62c43-beb9-4279-abd3-65513619ee35,HR 2527,Early Detection of Vision Impairments for Children Act of 2025,['bill'],[],119,United States,lower
ocd-bill/27f63afc-1a2f-4023-b7e5-0065e4601259,HR 2523,State-Level DOGE Establishment Act,['bill'],[],119,United States,lower
ocd-bill/492042a2-1c8f-4348-9c61-101f03446698,HR 2515,American Tank Car Modernization Act of 2025,['bill'],[],119,United States,lower
ocd-bill/8bfaf7df-191c-4bbc-a32e-e128c65991e5,HR 2519,"To provide a per diem allowance for Members of Congress for the costs of lodging, meals, and incidental expenses incurred because of travel to and from the Washington Metropolitan Area in order to cast votes in Congress, and for other purposes.",['bill'],[],119,United States,lower
ocd-bill/b7eb1be0-2d86-4953-b14c-c50bb6565175,HR 2514,Trucker Bathroom Access Act,['bill'],[],119,United States,lower
ocd-bill/a8b26e48-ef5d-4bc1-830e-bae06aae2b43,HR 2495,Nutrition CARE Act of 2025,['bill'],[],119,United States,lower
ocd-bill/8ab7eec5-4271-4639-b7eb-1447c551755e,HR 2486,Heating and Cooling Relief Act,['bill'],[],119,United States,lower
ocd-bill/12079185-d88a-4279-83bc-c119c7a014c3,HR 2503,Undersea Cable Control Act,['bill'],[],119,United States,lower
ocd-bill/56afa89b-b4a3-4daa-b021-8adf518052e1,HR 2502,Law Enforcement Training for Mental Health Crisis Response Act of 2025,['bill'],[],119,United States,lower
ocd-bill/a2f7963d-d803-45f9-8819-389728b6e7fd,HR 2498,End Dark Money Act,['bill'],[],119,United States,lower
ocd-bill/52b96dee-a820-4dc2-8228-3550a2017b17,HR 2520,César E. Chávez and the Farmworker Movement National Historical Park Act,['bill'],[],119,United States,lower
ocd-bill/94310e3a-5e31-452e-b7cd-576955723c64,HR 2488,"To designate the facility of the United States Postal Service located at 3817 Marysville Boulevard in Sacramento, California, as the ""Grantland Johnson Post Office"".",['bill'],[],119,United States,lower
ocd-bill/07f67917-1361-44b6-8d56-5118c06f7778,HR 2499,"To codify Executive Order 14248, entitled ""Preserving and Protecting the Integrity of American Elections"".",['bill'],[],119,United States,lower
ocd-bill/e6c069d7-d8f4-4100-9ca5-5d69bd3454ed,HR 2521,American Family FAFSA Opportunity Act of 2025,['bill'],[],119,United States,lower
ocd-bill/f4227b79-1a0b-4a60-bcf8-ea0a477d2df5,HR 2481,Romance Scam Prevention Act,['bill'],[],119,United States,lower
ocd-bill/df2943d4-87a5-4e58-9f0a-af1dd38d71e4,HR 2496,Dairy Nutrition Incentive Program Act of 2025,['bill'],[],119,United States,lower
ocd-bill/359e75d9-a696-41ff-bd23-bc9ca834c660,HR 255,"To name the Department of Veterans Affairs community-based outpatient clinic in Lubbock, Texas, as the ""General Bernie Mittemeyer VA Clinic"".",['bill'],[],119,United States,lower
ocd-bill/4a698f0f-9e71-4df1-9aed-85837057a7ea,HR 244,Veterans’ True Choice Act of 2025,['bill'],[],119,United States,lower
ocd-bill/933a9bd8-41f4-4934-b3bd-aa78fb00835d,HR 79,Freedom from Mandates Act,['bill'],[],119,United States,lower
ocd-bill/ecc03133-40c9-4500-83ed-29e4fa6790a8,HR 779,Stop Sexually Violent Predators Act,['bill'],[],119,United States,lower
ocd-bill/c6b39ed6-bf10-4b55-9dd6-7e0de936e512,HR 806,District of Columbia Code Returning Citizens Coordination Act,['bill'],[],119,United States,lower
ocd-bill/469395dc-2c19-40dd-a31b-31a9518c0462,HR 792,To direct the Secretary of the Interior to arrange for the carving of the figure of President Donald J. Trump on Mount Rushmore National Memorial.,['bill'],[],119,United States,lower
ocd-bill/53c49581-ca66-41db-8d57-055ad169e68e,HR 789,Transparency and Predictability in Small Business Opportunities Act,['bill'],[],119,United States,lower
ocd-bill/a7187641-cc89-432a-b078-ac180c4edacc,HR 793,SNAP Benefits Fairness Act of 2025,['bill'],[],119,United States,lower
ocd-bill/a1862255-12cd-4c2d-a263-f6397ba097c6,HR 781,No Track No Tax Act of 2025,['bill'],[],119,United States,lower
ocd-bill/77142117-568a-4e2e-8ee9-4522c533ccba,HR 783,Sustainable Cardiopulmonary Rehabilitation Services in the Home Act,['bill'],[],119,United States,lower
ocd-bill/5fd3f955-b31f-4f9c-8c4a-dc5a14e2d6e2,HR 766,SEWER Act,['bill'],[],119,United States,lower
ocd-bill/d87948ba-eada-486a-8fed-ecc1743de451,HR 756,287(g) Program Protection Act,['bill'],[],119,United States,lower
ocd-bill/22cb7c1d-7ab4-435f-b441-5c22759d2da9,HR 796,Second Chance for Moms Act,['bill'],[],119,United States,lower
ocd-bill/f41f4132-3734-486c-9920-63dc12f63b24,HR 807,Public and Private Sector Ransomware Response Coordination Act of 2025,['bill'],[],119,United States,lower
ocd-bill/180fe400-ecd0-4b75-9d7e-7dfe0defce22,HR 758,Mail Traffic Deaths Reporting Act of 2025,['bill'],[],119,United States,lower
ocd-bill/a8e0f17c-48e2-47dd-8a4a-28fbd01a5141,HR 763,James J. Andrews and William H. Campbell Congressional Gold Medal Act,['bill'],[],119,United States,lower
ocd-bill/7c0baa5e-ec07-46cd-b374-0294aee4a979,HR 803,Sergeant Gary Beikirch Medal of Honor Act,['bill'],[],119,United States,lower
ocd-bill/adccfc13-2bdb-42e5-ba34-40279dcb0cea,HR 802,STAR Act of 2025,['bill'],[],119,United States,lower
ocd-bill/03feb1cf-e798-4f8b-8262-04c95a60f8f5,HR 826,COVID Fraud Transparency Act of 2025,['bill'],[],119,United States,lower
ocd-bill/aa574a7b-7e39-4ce1-bf3e-c52b440d0b2f,HR 788,DOE and SBA Research Act,['bill'],[],119,United States,lower
ocd-bill/ee3e6c47-a3df-42e5-9807-d69c8314ea0f,HR 805,End China’s De Minimis Abuse Act,['bill'],[],119,United States,lower
ocd-bill/4b8d438f-099b-49d2-86a9-9474f3f19ab8,HR 751,HEALTH Panel Act,['bill'],[],119,United States,lower
ocd-bill/3a056877-e29c-41dd-bf8e-fa7235329bab,HR 777,Closing the College Hunger Gap Act,['bill'],[],119,United States,lower
ocd-bill/64dd8b96-fc02-4965-9a3a-4445e9f51549,HR 797,Ultrasounds Save Lives Act of 2025,['bill'],[],119,United States,lower
ocd-bill/5ce4b529-b032-48f6-a3bc-6cc53855ed12,HR 762,Snap Back Inaccurate SNAP Payments Act,['bill'],[],119,United States,lower
ocd-bill/c9adddc9-d71e-4fe3-9121-943a9ec9dd68,HR 815,Brownfields Redevelopment Tax Incentive Reauthorization Act of 2025,['bill'],[],119,United States,lower
ocd-bill/cfe6118d-c4ba-4f72-9daf-8483f4c17957,HR 759,Federal Firefighters Families First Act,['bill'],[],119,United States,lower
ocd-bill/0781c662-ff5d-4c90-aeb4-b5f02705af91,HR 750,ACE Act,['bill'],[],119,United States,lower
ocd-bill/7e706cf5-0b2d-40d9-a3a2-2548f45c62a4,HR 770,Accountability for Veterans Act,['bill'],[],119,United States,lower
ocd-bill/99fb159e-5f10-4c9e-ada1-bcaaff91980d,HR 778,Safeguarding American Workers’ Benefits Act,['bill'],[],119,United States,lower
ocd-bill/ff6653ef-ff2b-4073-a682-af6681ea5d5c,HR 753,FIRE Act of 2025,['bill'],[],119,United States,lower
ocd-bill/20acc12b-a35b-4096-9e8a-6a3078cc6fe3,HR 801,Charitable Act,['bill'],[],119,United States,lower
ocd-bill/06336be1-0060-4952-a133-4c0b27916b37,HR 752,Methane Emissions Mitigation Research and Development Act,['bill'],[],119,United States,lower
ocd-bill/e3305337-ab82-4550-91d3-ebbb0587167f,HR 812,MAKERS Act,['bill'],[],119,United States,lower
ocd-bill/71f7684b-7f48-40e2-9242-0da9a644d852,HR 776,Nutria Eradication and Control Reauthorization Act of 2025,['bill'],[],119,United States,lower
ocd-bill/35166802-1f1c-420f-b5da-99f0a82a0739,HR 754,Investing in Main Street Act of 2025,['bill'],[],119,United States,lower
ocd-bill/e3d0f378-3ba3-4ebe-877c-77dec0edfbc4,HR 795,Pregnancy Is Not an Illness Act of 2025,['bill'],[],119,United States,lower
ocd-bill/8b2851b0-f4be-444e-9a1c-22c07f2dc399,HR 827,Homeowners’ Defense Act of 2025,['bill'],[],119,United States,lower
ocd-bill/02aec1e1-85f3-4d41-8362-42dc9548eaf9,HR 808,Fairness for the Trades Act,['bill'],[],119,United States,lower
ocd-bill/ba4ef2c9-9977-4adc-a242-2eac7fb5ef2b,HR 772,Rural ER Access Act,['bill'],[],119,United States,lower
ocd-bill/60e5db74-c4e5-43f9-b148-6685b497f3ad,HR 809,Securing America’s Land from Foreign Interference Act,['bill'],[],119,United States,lower
ocd-bill/fa5ba3d4-ad47-4a6a-b025-65e31d47a3d9,HR 820,Bottles and Breastfeeding Equipment Screening Enhancement Act,['bill'],[],119,United States,lower
ocd-bill/21a1cd2b-5374-416d-af30-c738a7f8ae99,HR 799,Parental Notification and Intervention Act of 2025,['bill'],[],119,United States,lower
ocd-bill/155982d1-4fa9-4d2c-a4ca-3d151cebafbc,HR 774,PASTURES Act,['bill'],[],119,United States,lower
ocd-bill/de238f1b-7904-4ca2-96f6-291ea46022dd,HR 765,MAILS Act,['bill'],[],119,United States,lower
ocd-bill/30aa7e1a-1569-4da9-b95d-3f524a5d6004,HR 824,GORAC Act of 2025,['bill'],[],119,United States,lower
ocd-bill/da83e683-b654-4da8-bb91-69c9ee9fecf9,HR 798,Dignity for Aborted Children Act,['bill'],[],119,United States,lower
ocd-bill/d5f495d5-da95-4e3c-a469-8ba754c1f623,HR 769,All Aboard Act,['bill'],[],119,United States,lower
ocd-bill/b74d6380-237d-47bd-99b6-eb6fdaf53679,HR 755,Critical Mineral Consistency Act of 2025,['bill'],[],119,United States,lower
ocd-bill/fdd3bb11-6b81-472c-a7b0-9bf4a5fa172f,HR 819,Colonel Young Oak Kim Congressional Gold Medal Act,['bill'],[],119,United States,lower
ocd-bill/8b4d52ae-bb86-4b8f-96a3-f12adee32911,HR 800,DEI to DIE Act,['bill'],[],119,United States,lower
ocd-bill/1528a206-96f8-40f4-a890-e57585af7078,HR 794,Lunar New Year Day Act,['bill'],[],119,United States,lower
ocd-bill/736b0c96-d88a-45e2-b305-7144792d52e4,HR 810,Personalized Care Act of 2025,['bill'],[],119,United States,lower
ocd-bill/e7301bd8-8994-40bb-9617-1844ad5bad7e,HR 823,Heroes’ Tax Exemption Act of 2025,['bill'],[],119,United States,lower
ocd-bill/a262b6b4-f93b-4bf6-a864-e94faf88d143,HR 746,America First Act,['bill'],[],119,United States,lower
ocd-bill/c1afab1e-65f5-4d6f-8673-729047647024,HR 822,POST IT Act of 2025,['bill'],[],119,United States,lower
ocd-bill/725150d2-2a07-4a96-ac13-dbe3ba7c6661,HR 791,Foreign Anti-Digital Piracy Act,['bill'],[],119,United States,lower
ocd-bill/fe62802d-4dea-412d-ac4c-b28244e38c3c,HR 740,Veterans’ ACCESS Act of 2025,['bill'],[],119,United States,lower
ocd-bill/5ff07348-8680-4416-9aa4-49ff45e310d6,HR 757,SWAG Act,['bill'],[],119,United States,lower
ocd-bill/10460333-a92d-446e-bf54-de2ae8ea978c,HR 817,To amend the Internal Revenue Code of 1986 to allow a credit against tax for charitable donations to nonprofit organizations providing education scholarships to qualified elementary and secondary students.,['bill'],[],119,United States,lower
ocd-bill/d812713a-37fe-440b-9ac5-13ad13f9e113,HR 816,Build the Wall Act of 2025,['bill'],[],119,United States,lower
ocd-bill/2a59d2e9-d403-4b6c-8c7e-27bfcdf51b28,HR 741,Stronger Engagement for Indian Health Needs Act of 2025,['bill'],[],119,United States,lower
ocd-bill/6f2d3027-62c6-4470-827d-9f71e288ece3,HR 785,Representing our Seniors at VA Act of 2025,['bill'],[],119,United States,lower
ocd-bill/b0005034-8b93-4855-a6dd-9aec1a61904f,HR 782,Reignite Hope Act of 2025,['bill'],[],119,United States,lower
ocd-bill/617c1dd0-f716-452c-b742-f2d47e4ec8b5,HR 742,PROTECTS Act of 2025,['bill'],[],119,United States,lower
ocd-bill/17bb969d-c717-40ea-9096-719203803203,HR 773,"To amend the Food Security Act of 1985 to repeal certain provisions relating to the acceptance and use of contributions for public-private partnerships, and for other purposes.",['bill'],[],119,United States,lower
ocd-bill/fc46d73d-5253-4cae-b5ac-aeb3e9a95872,HR 787,Plain Language in Contracting Act,['bill'],[],119,United States,lower
ocd-bill/5c69f823-d0cb-4cda-ad19-d15e75405de1,HR 786,Preserving Patient Access to Accountable Care Act,['bill'],[],119,United States,lower
ocd-bill/b6fa3e8e-3232-465a-8a14-6e5442d3d735,HR 771,Rural Health Care Access Act of 2025,['bill'],[],119,United States,lower
ocd-bill/4d091dd3-c653-411b-a9c9-8a49e966909c,HR 784,African Diaspora Council Act,['bill'],[],119,United States,lower
ocd-bill/b93e9e60-1606-4438-99ed-cc924ffc4407,HRES 76,Recognizing Gold Shield Families and affirming that their sacrifices and difficulties should not be forgotten.,['resolution'],[],119,United States,lower
ocd-bill/3be2e769-9dac-4953-947c-5516c483b0c4,HRES 74,"Supporting the contributions of Catholic schools in the United States and celebrating the 51st annual ""National Catholic Schools Week"".",['resolution'],[],119,United States,lower
ocd-bill/2462aff2-458e-4154-b46b-3e5e234243cd,HRES 77,"Supporting the designation of January 30, 2025, as ""Fred Korematsu Day of Civil Liberties and the Constitution"".",['resolution'],[],119,United States,lower
ocd-bill/cf584421-b57e-47be-9f3a-3e78bfa1b0a3,HRES 71,Condemning the Government of Mexico for failing to fulfill its water deliveries on an annual basis to the United States under the treaty between the United States and Mexico regarding the utilization of the Colorado and Tijuana Rivers and of the Rio Grande.,['resolution'],[],119,United States,lower
ocd-bill/d1b96bdc-9c69-401c-ae01-44d357c76edc,HRES 73,"Condemning the fraudulent January 2025 Belarusian presidential election and the Lukashenka regime's continued autocratic rule, calling for continued support for the people of Belarus who seek a democratic future, and calling for free and fair elections in Belarus in line with international standards.",['resolution'],[],119,United States,lower
ocd-bill/f9428b02-4a78-4603-8a13-ba1351874750,HRES 72,"Expressing support for the designation of January 30, 2025, as CTE (chronic traumatic encephalopathy) and RHI (repeated head impacts) Awareness Day.",['resolution'],[],119,United States,lower
ocd-bill/1b9f58c2-a11c-415c-b349-26ebca0af883,HRES 75,Recognizing the cultural and historical significance of Lunar New Year in 2025.,['resolution'],[],119,United States,lower
ocd-bill/04f7d747-96b3-4a12-9593-221b91a2a27e,HR 69,Freedom to Petition the Government Act,['bill'],[],119,United States,lower
ocd-bill/e666ee0f-3bd5-46fd-997c-26cbbd743b40,S 1202,Hot Foods Act of 2025,['bill'],[],119,United States,upper
ocd-bill/4d718ad4-eec8-450e-afd5-4b8c69d0b235,S 128,SAVE Act,['bill'],[],119,United States,upper
ocd-bill/b48a6ee2-5c36-4601-aeaa-e576df64c8e2,S 1222,Financial Freedom Act of 2025,['bill'],[],119,United States,upper
ocd-bill/a659f853-7c85-4954-8b4f-251c63ca133e,S 1090,Restraining Judicial Insurrectionist Act of 2025,['bill'],[],119,United States,upper
ocd-bill/0ecaa9ab-956d-4b8b-92cc-6612cfb328f3,S 1221,BOLIVAR Act,['bill'],[],119,United States,upper
ocd-bill/53c64701-71e7-42fc-b8f4-5d5efae3d9be,S 1216,Taiwan Allies Fund Act,['bill'],[],119,United States,upper
ocd-bill/e3e1d0c2-f718-4a12-be8a-4ad88dc24fa6,HR 213,"To prohibit the use of Federal financial assistance for a certain high-speed rail development project in the State of California, and for other purposes.",['bill'],[],119,United States,lower
ocd-bill/b49276e9-9f54-44f0-95ed-22677ffa0dfa,S 1214,Heating and Cooling Relief Act,['bill'],[],119,United States,upper
ocd-bill/fd776bef-1202-4cf4-98c5-cd2f05b145ce,S 1218,Transportation Assistance for Olympic and World Cup Cities Act of 2025,['bill'],[],119,United States,upper
ocd-bill/862827cc-9a87-47a7-ac28-1f628679e28f,S 1217,A bill to amend the Farm Credit Act of 1971 to support the commercial fishing industry.,['bill'],[],119,United States,upper
ocd-bill/fdfb7d5c-8e83-4b96-b4d2-35685721870c,HCONRES 7,Establishing the Task Force on the Legislative Process.,['resolution'],[],119,United States,lower
ocd-bill/64bb5802-5593-448d-b389-b31799f9d00d,SRES 42,A resolution condemning the pardons for individuals who were found guilty of assaulting Capitol Police Officers.,['resolution'],[],119,United States,upper
ocd-bill/98810c24-ef36-46d6-ac92-f0721b623fac,HCONRES 6,Majority Rule Resolution,['resolution'],[],119,United States,lower
ocd-bill/3fd64ad5-53f8-49d4-871e-0fabdca23f87,HCONRES 5,Legislative Proxy and Absence Accommodation Resolution,['resolution'],[],119,United States,lower
ocd-bill/c3e610ac-28bc-435c-ad34-6476241aabf3,S 1223,Prohibiting Foreign Adversary Interference in Cryptocurrency Markets Act,['bill'],[],119,United States,upper
ocd-bill/5df31196-05f0-4638-aad4-ff2fd9e07996,S 1204,Gold Star and Surviving Spouse Career Services Act,['bill'],[],119,United States,upper
ocd-bill/22a4039f-be74-4e6c-a012-f1690c15a065,S 1209,American Prairie Conservation Act,['bill'],[],119,United States,upper
ocd-bill/01e050d5-cb7b-4384-a39b-c6d242324463,S 556,Enhanced Iran Sanctions Act of 2025,['bill'],[],119,United States,upper
ocd-bill/c2530069-e22d-4cd1-a28b-b758f4f2fd05,HRES 78,Amending the Rules of the House of Representatives to permit certain resolutions to be privileged only if they are based on conduct which was the subject of an investigation and report by the appropriate committee of jurisdiction or if they are offered by direction of a party caucus or conference.,['resolution'],[],119,United States,lower
ocd-bill/0c94fd68-6b55-438f-bee0-60db31f7b243,S 84,Sarah's Law,['bill'],[],119,United States,upper
ocd-bill/43aed488-9a38-401c-a344-906ed4ee08d6,S 1212,LOCAL Foods Act of 2025,['bill'],[],119,United States,upper
ocd-bill/b0062d49-299b-4615-8205-6d9d169c8c1f,SCONRES 11,A concurrent resolution supporting the goals and ideals of International Transgender Day of Visibility.,['resolution'],[],119,United States,upper
ocd-bill/8ae89ead-9937-4b9d-8294-1d321773ca00,S 280,"Global Health, Empowerment and Rights Act",['bill'],[],119,United States,upper
ocd-bill/11aae40e-3d31-4ee6-ac31-67a0776f8270,S 267,Restoring Access to Mountain Homes Act,['bill'],[],119,United States,upper
ocd-bill/2d3f3fd8-0c68-49db-b878-a0d1c395de72,S 286,Stop Human Trafficking of Unaccompanied Migrant Children Act of 2025,['bill'],[],119,United States,upper
ocd-bill/8f66a414-3860-48fe-9ba6-5b0cc17bb666,S 285,Fairness for Crime Victims Act of 2025,['bill'],[],119,United States,upper
ocd-bill/c0755ce0-b71d-451c-8f24-b96de18024ff,HR 2483,SUPPORT for Patients and Communities Reauthorization Act of 2025,['bill'],[],119,United States,lower
ocd-bill/2c5607ad-897c-4c3e-ae25-0c8fa388c631,HJRES 75,"Providing for congressional disapproval under chapter 8 of title 5, United States Code, of the rule submitted by the Office of Energy Efficiency and Renewable Energy, Department of Energy relating to ""Energy Conservation Program: Energy Conservation Standards for Commercial Refrigerators, Freezers, and Refrigerator-Freezers"".",['resolution'],[],119,United States,lower
ocd-bill/3816ec9f-35d1-425b-bd2e-9ca809341de0,S 269,Ending Improper Payments to Deceased People Act,['bill'],[],119,United States,upper
ocd-bill/3649c034-6ace-4a10-a364-75687324d98b,S 275,Veterans’ Assuring Critical Care Expansions to Support Servicemembers (ACCESS) Act of 2025,['bill'],[],119,United States,upper
ocd-bill/ef2b3bd8-d2b2-47e7-9ad7-ca0c296a4c0b,S 279,Tim’s Act,['bill'],[],119,United States,upper
ocd-bill/8a0abb00-30b6-47a5-9776-23c1d0cc2860,S 1201,Strengthening Immigration Procedures Act of 2025,['bill'],[],119,United States,upper
ocd-bill/c6fc0c97-26ac-4775-a926-5756c8dbba4f,S 274,Next of Kin Collections Protection Act of 2025,['bill'],[],119,United States,upper
ocd-bill/f9c3ccad-aad6-4cc1-896c-4ad9cd056d05,S 268,Saving American Workers’ Benefits Act of 2025,['bill'],[],119,United States,upper
ocd-bill/298b41c5-92cf-48cd-9452-437415a4e307,S 222,Whole Milk for Healthy Kids Act of 2025,['bill'],[],119,United States,upper
ocd-bill/1dbaba7e-f42c-4e2b-a458-7d07fc0a9d02,S 277,"A bill to release a Federal reversionary interest and convey mineral interests in Chester County, Tennessee, and for other purposes.",['bill'],[],119,United States,upper
ocd-bill/770f0524-e50e-4e32-b413-42a9f224e8f0,S 282,Katahdin Woods and Waters National Monument Access Act,['bill'],[],119,United States,upper
ocd-bill/6b9554f7-e9be-414e-b764-29d81ff9e422,S 284,Congressional Award Program Reauthorization Act,['bill'],[],119,United States,upper
ocd-bill/f14b33f2-de98-404b-9afe-18cec07a1c3e,S 276,Personalized Care Act of 2025,['bill'],[],119,United States,upper
ocd-bill/0d08a8db-0b7f-48c3-a932-a724b078f6da,S 1208,"A bill to amend title 5, United States Code, to address records maintained on individuals, and for other purposes.",['bill'],[],119,United States,upper
ocd-bill/d702de21-d097-4cc8-8258-507acdbc0d47,S 270,Natural Disaster Resilience and Recovery Accountability Act,['bill'],[],119,United States,upper
ocd-bill/656522e9-5aa1-407a-a4a4-08cce8dd12f9,S 1220,Savings Opportunity and Affordable Repayment Act,['bill'],[],119,United States,upper
ocd-bill/707aaa58-339b-47f4-ac3f-5c6b4bdd5ad9,S 272,Protect Infant Formula from Contamination Act,['bill'],[],119,United States,upper
ocd-bill/c86028d9-ce54-4772-b6f7-c196e74bd2a8,S 273,Small Business Child Care Investment Act,['bill'],[],119,United States,upper
ocd-bill/6849660b-edf5-45cc-9b77-92c1e429f3fa,S 287,Marcella LeBeau Recognition Act,['bill'],[],119,United States,upper
ocd-bill/6292bc12-ffd8-4f5c-a563-60387bfa6607,S 278,Kids Off Social Media Act,['bill'],[],119,United States,upper
ocd-bill/e997a5d8-ce93-4ffb-8478-2a065c251d26,S 264,Improving Veterans’ Experience Act of 2025,['bill'],[],119,United States,upper
ocd-bill/1d30fc71-7d14-4c0c-b436-846a14ae0ebd,S 265,Freedom from Government Surveys Act,['bill'],[],119,United States,upper
ocd-bill/6a338d38-08a1-47a8-862d-9b9113017530,S 281,TICKET Act,['bill'],[],119,United States,upper
ocd-bill/f2c770e7-2df6-4157-91fb-5a9142adc05e,S 283,Illegal Red Snapper and Tuna Enforcement Act,['bill'],[],119,United States,upper
ocd-bill/d25e883d-6926-4c2d-904e-fae604bcb60a,S 1206,Judicial Relief Clarification Act of 2025,['bill'],[],119,United States,upper
ocd-bill/e70d9f90-1c9b-4717-aa37-f25c53707ee8,S 1205,Free Speech Fairness Act,['bill'],[],119,United States,upper
ocd-bill/523fda78-be45-463a-89fd-c734191b8a01,S 1219,USA CAR Act,['bill'],[],119,United States,upper
ocd-bill/482003b3-50e1-4942-8280-213312b6ceab,S 1203,Housing Vouchers Fairness Act,['bill'],[],119,United States,upper
ocd-bill/c9c6b5e4-2d47-4494-bb99-d0567b59c68a,S 99,Strengthening Support for American Manufacturing Act,['bill'],[],119,United States,upper
ocd-bill/af236fa6-857c-4c45-ab35-8ceb503c0084,S 1213,"A bill to prohibit the distribution of materially deceptive AI-generated audio or visual media relating to candidates for Federal office, and for other purposes.",['bill'],[],119,United States,upper
ocd-bill/613f76e4-3837-4c54-9387-4385e06f2a95,S 1210,A bill to amend the Internal Revenue Code of 1986 to modify the work opportunity credit for certain youth employees.,['bill'],[],119,United States,upper
ocd-bill/4dc06919-cece-4281-a5e4-981738199b3d,SRES 148,"A resolution honoring the life of the Honorable Alan K. Simpson, former Senator for the State of Wyoming.",['resolution'],[],119,United States,upper
ocd-bill/68a20ecf-fc9b-4e4d-9996-ffa66086d9c8,S 1200,Deschutes River Conservancy Reauthorization Act of 2025,['bill'],[],119,United States,upper
ocd-bill/b2da9966-7e94-4138-bace-a1d9b9aaa68e,S 1207,"A bill to amend the Agriculture Improvement Act of 2018 to reauthorize the feral swine eradication and control pilot program, and for other purposes.",['bill'],[],119,United States,upper
ocd-bill/dbacec04-97a7-4d37-a11e-fae723d7484a,HR 210,Dental Care for Veterans Act,['bill'],[],119,United States,lower
ocd-bill/d41b080f-ddcd-4cdb-8092-e445489970bf,HR 484,Food Deserts Act,['bill'],[],119,United States,lower
ocd-bill/36987292-90d6-441c-9253-06318fe58e2f,HR 498,Do No Harm in Medicaid Act,['bill'],[],119,United States,lower
ocd-bill/1a850e78-675a-493c-8df3-9011042e313b,HR 1037,Voter Eligibility Verification Act of 2025,['bill'],[],119,United States,lower
ocd-bill/01a62a64-b294-47ee-a160-f9b913571744,HR 1048,DETERRENT Act,['bill'],[],119,United States,lower
ocd-bill/70adb755-d752-417f-a5d8-563f26ed16b4,HR 1059,Jobs and Opportunities for Medicaid Act,['bill'],[],119,United States,lower
ocd-bill/c1fefc03-95c8-42eb-995b-575416bb49d0,HR 743,Tim’s Act,['bill'],[],119,United States,lower
ocd-bill/f01c1176-1cca-4d27-a6f6-96731cda2ea6,HR 748,RELIEVE Act,['bill'],[],119,United States,lower
ocd-bill/5c4f9428-42a7-4ce1-9d32-b6c28766b9e9,HR 1278,Coin Metal Modification Authorization and Cost Savings Act of 2025,['bill'],[],119,United States,lower
ocd-bill/26932fc0-de2e-4a26-925d-97017aa1a93f,HR 1333,"To amend the Intermodal Surface Transportation Efficiency Act of 1991 to designate a portion of United States Route 74 in North Carolina as a future interstate, and for other purposes.",['bill'],[],119,United States,lower
ocd-bill/6d19eb6a-047e-4660-8d1b-d9d09b7bbcf1,HR 1306,Tax Fairness for Survivors Act,['bill'],[],119,United States,lower
ocd-bill/6c22c167-da55-491f-9154-9cd4c0331d50,HR 1289,Veterans Nutrition and Wellness Act of 2025,['bill'],[],119,United States,lower
ocd-bill/8e4c1c41-e9cb-4a1f-b0ac-b772b12860f0,HR 1307,Office of Gun Violence Prevention Act of 2025,['bill'],[],119,United States,lower
ocd-bill/30dacbd6-6625-4a9c-ac7f-cf75f4f2dfb5,HR 1360,Officer John Barnes Act,['bill'],[],119,United States,lower
ocd-bill/0a04144b-6edd-42f9-9593-951fb10c0088,HR 1351,Promoting American Patriotism In Our Schools Act,['bill'],[],119,United States,lower
ocd-bill/26ef0013-f597-4595-b23e-8864dc5b6b74,HR 1334,SASS Act,['bill'],[],119,United States,lower
ocd-bill/eba4441f-c6c5-4f7e-927f-3028757002f7,HR 1315,Gold King Mine Spill Compensation Act of 2025,['bill'],[],119,United States,lower
ocd-bill/13cfb94c-62e3-49cc-8b6a-aef8025de161,HR 1326,DOE and USDA Interagency Research Act,['bill'],[],119,United States,lower
ocd-bill/9d559b4f-82c5-4ce1-9660-2e88c846ae54,HR 1358,No Patient Left Alone Act of 2025,['bill'],[],119,United States,lower
ocd-bill/925d564a-1eec-4866-8a25-53e86c3b178f,HR 1323,Ohkay Owingeh Rio Chama Water Rights Settlement Act of 2025,['bill'],[],119,United States,lower
ocd-bill/ef5eb7cf-a21a-4171-abaa-d98fbed3e727,HR 1328,Supply Chain Security and Growth Act of 2025,['bill'],[],119,United States,lower
ocd-bill/8af9173e-b533-4b6e-bac5-754c472d34fe,HR 1317,I CAN Act,['bill'],[],119,United States,lower
ocd-bill/71200c7b-2b3e-4ce6-bc1d-2a2ab3e28578,HR 1341,DRILL Now Act,['bill'],[],119,United States,lower
ocd-bill/8d9a3d0c-5491-4914-be30-200a331b8172,HR 1288,DRIVE Act of 2025,['bill'],[],119,United States,lower
ocd-bill/b0d0e432-b2ec-4c59-b885-3a5594a9fb45,HR 1305,Improving Measurements for Loneliness and Isolation Act of 2025,['bill'],[],119,United States,lower
ocd-bill/c0a64dcc-a1b0-4c05-b4ae-e9511df478aa,HR 1318,United States Research Protection Act,['bill'],[],119,United States,lower
ocd-bill/5442a733-c543-4075-801e-9ae881731158,HR 1346,Nationwide Consumer and Fuel Retailer Choice Act of 2025,['bill'],[],119,United States,lower
ocd-bill/c99320ef-4a39-4e92-83f2-65b1034987d6,HR 1348,Venezuelan Adjustment Act,['bill'],[],119,United States,lower
ocd-bill/a846be33-a213-4941-8416-144eb513c59d,HR 1276,"To remove restrictions from a parcel of land in Paducah, Kentucky.",['bill'],[],119,United States,lower
ocd-bill/40a33cd1-1a8c-40bc-839b-f6697ff18bcc,HR 1312,No Asylum for Criminals Act of 2025,['bill'],[],119,United States,lower
ocd-bill/cf1097f2-11f8-4822-adf7-a8c60236f923,HR 1350,DOE and NSF Interagency Research Act,['bill'],[],119,United States,lower
ocd-bill/67f48090-59bf-424f-9c8d-f2d10593c190,HR 1325,Commercial Remote Sensing Amendment Act of 2025,['bill'],[],119,United States,lower
ocd-bill/59887d78-9762-4aa8-998f-93f886bd9e78,HR 1357,Susan Muffley Act of 2025,['bill'],[],119,United States,lower
ocd-bill/b3f301b1-d660-4baa-a576-f0d729ad645d,HR 1343,Federal Broadband Deployment Tracking Act,['bill'],[],119,United States,lower
ocd-bill/3326daac-2ae2-4cdf-a1b3-83a36ebe08c4,HR 1356,Mudslide Recovery Act,['bill'],[],119,United States,lower
ocd-bill/44ee6766-a9cf-4177-b24a-e97857def6f1,HR 1303,Protecting America’s Seniors’ Access to Care Act,['bill'],[],119,United States,lower
ocd-bill/57f4cbae-a2ed-4594-8192-6b7c4e59c8e0,HR 1347,AIMM Act,['bill'],[],119,United States,lower
ocd-bill/f3b2155a-1237-4b4d-b99d-d879a5fa9a4e,HR 1352,"To designate the General George C. Marshall House, in the Commonwealth of Virginia, as an affiliated area of the National Park System, and for other purposes.",['bill'],[],119,United States,lower
ocd-bill/b2d540a9-1ccf-4617-a62f-aeb08630ac32,HR 1294,BEST Facilitation Act,['bill'],[],119,United States,lower
ocd-bill/2b5fc074-225a-489d-b448-3dc4a5172081,HR 1314,TIPS Act,['bill'],[],119,United States,lower
ocd-bill/9cea8414-5e96-48aa-b813-d95f13f3b044,HR 1331,Teacher and School Leader Quality Partnership Grants Act,['bill'],[],119,United States,lower
ocd-bill/ec7e7b3c-9d8e-4f85-9f6b-7c45caa6439b,HR 1283,Protecting Our Children in an AI World Act of 2025,['bill'],[],119,United States,lower
ocd-bill/d939564e-cead-47ce-8cc6-2fd535c0ab78,HR 1316,Maintaining American Superiority by Improving Export Control Transparency Act,['bill'],[],119,United States,lower
ocd-bill/ada810d4-bf80-4c1e-b649-c009d5b06018,HR 1340,More Homes on the Market Act,['bill'],[],119,United States,lower
ocd-bill/9fc3587b-56b1-4087-a8a7-e3e722298566,HR 1332,Aquatic Biodiversity Preservation Act of 2025,['bill'],[],119,United States,lower
ocd-bill/0280c507-788d-46e3-90d5-65247ca0ae2d,HR 1290,Veterans Mental Health Crisis Referral Enhancement Act of 2025,['bill'],[],119,United States,lower
ocd-bill/baf8a9e0-48a4-4f2a-b3f5-e4252e1fa7e2,HR 1296,Expanding Child Care Access Act of 2025,['bill'],[],119,United States,lower
ocd-bill/a577a2f9-441f-40a1-acd5-c87417dd51e8,HR 1311,Stop the Delta Tunnel Act,['bill'],[],119,United States,lower
ocd-bill/61ce49cf-166e-4966-a51d-807ef8d8e863,HR 1295,Reorganizing Government Act of 2025,['bill'],[],119,United States,lower
ocd-bill/115f9737-3273-48a8-a21a-5a6cbd1c5daf,HR 1342,Stopping Political Discrimination in Disaster Assistance Act,['bill'],[],119,United States,lower
ocd-bill/a716baed-8b87-4c1f-8e2d-1b52d032da2e,HR 1349,Women’s Protection in Telehealth Act,['bill'],[],119,United States,lower
ocd-bill/c2009d12-65f9-46d3-be4d-6362adb4ffb9,HR 1287,Fix FEDVIP Age Act,['bill'],[],119,United States,lower
ocd-bill/a5ab5b0f-d1a6-4fb2-b58c-68639f542e1b,HR 1335,MSD Act,['bill'],[],119,United States,lower
ocd-bill/b8cbac2f-338b-499f-8c6f-8b3f2b194f87,HR 1337,To add Ireland to the E3 nonimmigrant visa program.,['bill'],[],119,United States,lower
ocd-bill/bf3f58df-d9d9-4e24-a530-1d7e66a7a3ba,HR 1286,Simplifying Forms for Veterans Claims Act,['bill'],[],119,United States,lower
ocd-bill/32495ff6-60c3-45e1-960c-22151785d3cd,HR 1338,REPLACE Act,['bill'],[],119,United States,lower
ocd-bill/1a0e4465-43d7-44e3-8d1b-0390c076b231,HR 1353,Justice for Murder Victims Act,['bill'],[],119,United States,lower
ocd-bill/6600ee20-490b-4fe2-945e-3dc02737ad71,HR 1281,Natural GAS Act of 2025,['bill'],[],119,United States,lower
ocd-bill/6fb070ac-02c2-42d5-b7f5-9a8dbc509a01,HR 1354,Justice for All Act of 2025,['bill'],[],119,United States,lower
ocd-bill/5b6d8c61-9524-469a-890a-156b8e063978,HR 1297,"To establish the Land Port of Entry Modernization Trust Fund, and for other purposes.",['bill'],[],119,United States,lower
ocd-bill/b0dc66f5-ca89-4d62-acf6-e9b4ca9b2fc9,HR 1301,Death Tax Repeal Act,['bill'],[],119,United States,lower
ocd-bill/fd6e2d89-3159-43ee-be2a-be8644c67987,HR 1300,PSA Screening for HIM Act,['bill'],[],119,United States,lower
ocd-bill/fcdda910-92dc-450d-aa6b-4e9cdfea5ed0,HR 1282,Eliminate DEI in Colleges Act,['bill'],[],119,United States,lower
ocd-bill/b83a9ad8-3c2c-4c5f-9643-dc1e634af507,HR 1298,Veterans Jobs Opportunity Act,['bill'],[],119,United States,lower
ocd-bill/ad19b23d-09a8-433d-83d3-70402aa01067,HR 1339,Safeguarding Social Security and Medicare Act,['bill'],[],119,United States,lower
ocd-bill/5d2a2115-ad28-4693-9b93-7f189a5349e1,HR 1302,GRAIN DRY Act,['bill'],[],119,United States,lower
ocd-bill/3536510e-ead3-4793-9d6c-e104632cf528,HR 1292,Ensuring the Safety of Our Mail Act of 2025,['bill'],[],119,United States,lower
ocd-bill/c6651e72-c4b8-4268-9a23-9d875230950c,HR 1310,POSTAL Act,['bill'],[],119,United States,lower
ocd-bill/658c9e10-e12d-4157-81d5-836a2cda60f3,HR 1285,Water Infrastructure Subcontractor and Taxpayer Protection Act of 2025,['bill'],[],119,United States,lower
ocd-bill/c10f8216-c4e3-4d22-ab91-06b7a8394aff,HR 1324,Navajo Nation Rio San José Stream System Water Rights Settlement Act of 2025,['bill'],[],119,United States,lower
ocd-bill/2f817aea-55bd-4399-ae1a-4cf7cd3f949f,HR 1299,EAGLES Act of 2025,['bill'],[],119,United States,lower
ocd-bill/153e98d2-b537-431b-82cd-428f6fef3b27,HR 1280,DRAIN THE SWAMP Act,['bill'],[],119,United States,lower
ocd-bill/5834659a-a60d-4983-ba1e-317880d6e0cc,HR 1284,Fighting Trade Cheats Act of 2025,['bill'],[],119,United States,lower
ocd-bill/859dc340-a4fd-41a2-aace-23cd97dbafe7,HR 1355,Weatherization Enhancement and Readiness Act of 2025,['bill'],[],119,United States,lower
ocd-bill/14604767-f3d8-4c24-acf7-f3449aa96b3b,HR 1322,Rio San José and Rio Jemez Water Settlements Act of 2025,['bill'],[],119,United States,lower
ocd-bill/6dd944bb-11e6-43f7-8ea9-cf3ed18371e6,HR 1319,"To amend the Fair Labor Standards Act of 1938 and the National Labor Relations Act to clarify the standard for determining whether an individual is an employee, and for other purposes.",['bill'],[],119,United States,lower
ocd-bill/8554bb2f-d672-4c85-a52b-5ca3569640d9,HR 1293,Vehicle Energy Performance Act of 2025,['bill'],[],119,United States,lower
ocd-bill/237e1b65-656c-44be-98de-aa07312144af,HR 1308,FISC Act,['bill'],[],119,United States,lower
ocd-bill/526170b4-ce41-49b0-8cd6-d4a492b4c1a6,HR 1291,HEARTS Act of 2025,['bill'],[],119,United States,lower
ocd-bill/463e6523-b0cc-4389-8256-ff1e7bd40d42,HR 1279,To amend title XIX of the Social Security Act to establish a community engagement requirement for certain individuals under the Medicaid program.,['bill'],[],119,United States,lower
ocd-bill/e9eb7445-ae6c-4bfe-97ec-2869b238a535,HR 1345,Gas Can Freedom Act of 2025,['bill'],[],119,United States,lower
ocd-bill/120767ee-feda-49ad-a5f0-4313c767ecb0,HR 1304,Delaware River Basin Restoration Program Reauthorization Act of 2025,['bill'],[],119,United States,lower
ocd-bill/b9e2318f-b4a5-4a80-a607-5dffce21243c,HR 1327,Syria Terrorism Threat Assessment Act,['bill'],[],119,United States,lower
ocd-bill/2980af74-90ff-40ab-acdf-1c2e93937da5,HR 1277,First Rhode Island Regiment Congressional Gold Medal Act,['bill'],[],119,United States,lower
ocd-bill/e6bdecaa-80f5-44aa-a520-993b7eb0c1b0,HR 1313,One Flag for All Act,['bill'],[],119,United States,lower
ocd-bill/d6c80f05-9475-482d-91c1-6467d8dd0d7f,HJRES 59,"Disapproving the rule submitted by the Bureau of Consumer Financial Protection relating to ""Overdraft Lending: Very Large Financial Institutions"".",['resolution'],[],119,United States,lower
ocd-bill/495176f8-743b-4383-afa6-809c63013abc,HRES 134,Providing for consideration of the bill (H.R. 185) to advance responsible policies.,['resolution'],[],119,United States,lower
ocd-bill/e93ee54c-e144-4674-8041-118ed8452184,HRES 131,Providing amounts for the expenses of the Committee on Ethics in the One Hundred Nineteenth Congress.,['resolution'],[],119,United States,lower
ocd-bill/aebe6f0e-0fa6-463b-a826-b6f9cd91f6bf,HRES 132,Censuring Representative Robert Garcia of California for inciting violence against a special government employee.,['resolution'],[],119,United States,lower
ocd-bill/47dd46e9-96b3-43c1-a64c-cff4cc9e3f48,HRES 129,"Expressing support for the designation of February 9, 2025, as the first ever ""Gulf of America Day"" and celebrating the importance of changing the Gulf of Mexico to the Gulf of America.",['resolution'],[],119,United States,lower
ocd-bill/0be41173-1a50-407c-a84f-76a6bd841dca,HRES 133,"Expressing support for the designation of February 15 through February 22, 2025, as ""National FFA Week"", recognizing the important role of the National FFA Organization in developing the next generation of leaders who will change the world, and celebrating the 90th anniversary of New Farmers of America and the 75th anniversary of the Federal charter to Future Farmers of America.",['resolution'],[],119,United States,lower
ocd-bill/fc3b7cc7-fc66-4161-a859-f340bfa21a0e,HRES 130,Expressing the sense of the House of Representatives in condemning the Government of the People's Republic of China for its harassment and efforts to intimidate American citizens and other individuals on United States soil with the goal of suppressing speech and narratives the People's Republic of China finds unwelcome.,['resolution'],[],119,United States,lower
ocd-bill/2668a490-a047-4fee-96aa-bd9a67b1d743,HRES 135,Affirming the nature and importance of the North Atlantic Treaty Organization and Article 5 commitments under the North Atlantic Treaty.,['resolution'],[],119,United States,lower
ocd-bill/4330a5f2-e66a-4056-9b93-053f6822d0e2,HRES 136,"Expressing support for the designation of February 2025 as ""Hawaiian Language Month"" or ""'Olelo Hawai'i Month"".",['resolution'],[],119,United States,lower
ocd-bill/7732e55c-88fe-4006-9314-34d2670074f7,HR 185,Responsible Legislating Act,['bill'],[],119,United States,lower
ocd-bill/7c921404-00a1-43a6-aad3-4fdf9acfc07e,S 511,Protecting Taxpayers’ Wallets Act of 2025,['bill'],[],119,United States,upper
ocd-bill/aa27c8f0-2ce6-4821-b1d6-30327a19ab5a,S 528,GLRI Act of 2025,['bill'],[],119,United States,upper
ocd-bill/2fdfd1bb-20e4-4e24-b080-90bf66a96e26,S 505,‘Protect Small Businesses from Excessive Paperwork Act of 2025,['bill'],[],119,United States,upper
ocd-bill/9408c641-9862-4a1d-b9d0-b33fb1393a87,HR 745,Abundant American Resources Act of 2025,['bill'],[],119,United States,lower
ocd-bill/eb89571a-4451-4789-9c6d-c4018b38b5da,HR 494,"To amend the Cybersecurity Enhancement Act of 2014 to make improvements to the Federal Cyber Scholarship for Service Program, and for other purposes.",['bill'],[],119,United States,lower
ocd-bill/eeb4e1ad-a4fc-4ae5-8d1c-ce0786ce1eb6,HR 531,South Pacific Tuna Treaty Act of 2025,['bill'],[],119,United States,lower
ocd-bill/748c30e3-a9dc-49e2-ba76-02c563e6a919,HR 544,"To provide a private right of action against the maker of any component of a ghost gun, and any person who facilitated a sale of the ghost gun, for injury or death resulting from the use of the ghost gun.",['bill'],[],119,United States,lower
ocd-bill/64132b9b-fdb2-4e7d-b1f5-41cd1d38cdc0,S 5,Laken Riley Act,['bill'],[],119,United States,upper
ocd-bill/99ce01b5-84ed-44c0-b85b-e11f286887e5,SRES 78,An original resolution authorizing expenditures by the Committee on the Budget.,['resolution'],[],119,United States,upper
ocd-bill/1a936e12-6f67-4d7c-8041-c2ec809039c9,SRES 79,"A resolution honoring the memories of the victims of the senseless attack at Marjory Stoneman Douglas High School on February 14, 2018.",['resolution'],[],119,United States,upper
ocd-bill/05cbbe41-4cf8-4cb3-b40c-f295923d5b88,SCONRES 7,An original concurrent resolution setting forth the congressional budget for the United States Government for fiscal year 2025 and setting forth the appropriate budgetary levels for fiscal years 2026 through 2034.,['resolution'],[],119,United States,upper
ocd-bill/4dacd7e8-95ac-4a4e-b88b-61055120adbc,SRES 77,An original resolution authorizing expenditures by the Committee on Homeland Security and Governmental Affairs.,['resolution'],[],119,United States,upper
ocd-bill/4d831b97-8fa2-445d-ab08-fd4bf01b256b,SRES 81,"A resolution calling on the United Kingdom, France, and Germany (E3) to initiate the snapback of sanctions on Iran under United Nations Security Council Resolution 2231 (2015).",['resolution'],[],119,United States,upper
ocd-bill/0d56a377-592f-48e4-8942-7f9abfd1e1ae,S 383,JOBS Act of 2025,['bill'],[],119,United States,upper
ocd-bill/93227041-d716-4212-b7c4-3df348cd635f,HR 2211,Saving NOAA’s Workforce Act,['bill'],[],119,United States,lower
ocd-bill/cda1e6bc-b44f-4d21-9f86-4ee5fdc3ffec,S 588,Presidential Audit and Tax Transparency Act,['bill'],[],119,United States,upper
ocd-bill/60fe0cf9-e135-4909-b6ff-356b1fe98452,S 562,Rio San José and Rio Jemez Water Settlements Act of 2025,['bill'],[],119,United States,upper
ocd-bill/588208e2-a51d-4ac4-b3c2-2a8f537b4839,S 603,"A bill to designate the General George C. Marshall House in the Commonwealth of Virginia, as an affiliated area of the National Park System, and for other purposes.",['bill'],[],119,United States,upper
ocd-bill/a0462e9f-ded2-4586-bb85-dda3567f039e,S 559,AIMM Act,['bill'],[],119,United States,upper
ocd-bill/88767f4c-1caa-498d-8f1b-a0eac6aecf79,S 589,SAD Act,['bill'],[],119,United States,upper
ocd-bill/2774205c-de32-4236-b3e7-b841750281ac,S 584,Tax Fairness for Survivors Act,['bill'],[],119,United States,upper
ocd-bill/84ee1020-31fb-404a-91f9-02bdb64b11a3,S 580,Combating CCP Labor Abuses Act of 2025,['bill'],[],119,United States,upper
ocd-bill/ad2a63db-3770-4df8-b5b2-5fd48f2b8545,S 601,"A bill to remove restrictions from a parcel of land in Paducah, Kentucky.",['bill'],[],119,United States,upper
ocd-bill/2a270899-acdc-4a2b-88d2-31fac0d17523,S 595,Office of Gun Violence Prevention Act of 2025,['bill'],[],119,United States,upper
ocd-bill/a91d7ce4-ce99-4eeb-9129-7afb12ea6ab4,S 587,Death Tax Repeal Act of 2025,['bill'],[],119,United States,upper
ocd-bill/676d10e2-d6a9-4595-9ec6-2eeda5d439f7,S 581,Fair Milk Pricing for Farmers Act,['bill'],[],119,United States,upper
ocd-bill/a36e7e89-9acf-488a-a476-c4a7f7f4277a,S 566,REPLACE Act,['bill'],[],119,United States,upper
ocd-bill/a1f5efe5-5c9f-47af-8c96-92937407a64b,S 586,Flood Insurance Affordability Tax Credit Act,['bill'],[],119,United States,upper
ocd-bill/0db547ce-6a1d-4056-a64a-f6e9e572e633,S 570,Water Infrastructure Subcontractor and Taxpayer Protection Act of 2025,['bill'],[],119,United States,upper
ocd-bill/8b81a73e-538e-43b3-9ba7-1ee3b19a1b54,S 597,Age 21 Act,['bill'],[],119,United States,upper
ocd-bill/2aa5adc2-b9b8-4ea8-8148-41d98f781a1d,S 564,Zuni Indian Tribe Water Rights Settlement Act of 2025,['bill'],[],119,United States,upper
ocd-bill/8073dbda-1264-446b-a6aa-f0444029b95a,S 604,Safe Home Act of 2025,['bill'],[],119,United States,upper
ocd-bill/c55c1256-0d03-4c5b-9a83-b4b77a082f5d,S 590,Improving Flood and Agricultural Forecasts Act of 2025,['bill'],[],119,United States,upper
ocd-bill/04584ca2-98e8-46ff-9ffc-f0ea5d124630,S 576,One Flag for All Act,['bill'],[],119,United States,upper
ocd-bill/be26ed0a-1047-42ac-8e30-268a94cf83ce,S 568,Gold King Mine Spill Compensation Act of 2025,['bill'],[],119,United States,upper
ocd-bill/ccb3e871-c833-4214-b1d7-b5ec8253ec82,S 598,Unearth Innovation Act,['bill'],[],119,United States,upper
ocd-bill/27b71f96-f368-4aa0-83c8-fa8bc3f30229,S 602,Wildfire Resilience Through Grazing Research Act,['bill'],[],119,United States,upper
ocd-bill/bb5c1147-2d77-4447-9a2f-de4c04bb33ee,S 561,Healthy SNAP Act of 2025,['bill'],[],119,United States,upper
ocd-bill/4ee248e7-6759-46a5-a9da-5b307c1e991e,S 574,Healthy Poultry Assistance and Indemnification Act of 2025,['bill'],[],119,United States,upper
ocd-bill/202a8fa9-b246-4687-8593-191d90561c26,S 585,Servicemember to Veteran Health Care Connection Act of 2025,['bill'],[],119,United States,upper
ocd-bill/21a5101d-368a-41d7-9a88-aafd272a49e0,S 592,Simplifying Subcontracting Act,['bill'],[],119,United States,upper
ocd-bill/5038b2be-86ea-4472-89c2-69f2a9076085,S 577,Expanding Access to Capital for Rural Job Creators Act,['bill'],[],119,United States,upper
ocd-bill/1f434c04-93d2-4c64-a860-f967ad3302ec,S 596,Critical Materials Future Act of 2025,['bill'],[],119,United States,upper
ocd-bill/fcee29d7-84fe-4458-8f6e-5e0a4185380e,S 599,DRIVE Act of 2025,['bill'],[],119,United States,upper
ocd-bill/2615583f-894d-4d87-b4af-9f10f15f1e22,S 573,A bill to designate a mountain in the State of Alaska as Denali.,['bill'],[],119,United States,upper
ocd-bill/7f93e26e-1a00-4f14-80e7-6c423e42b60e,S 569,POSTAL Act,['bill'],[],119,United States,upper
ocd-bill/77d6aace-7791-4205-b956-440a0f41d60b,S 579,Department of Energy Quantum Leadership Act of 2025,['bill'],[],119,United States,upper
ocd-bill/ff4cef0a-18e0-455a-9e41-2783ba835ef9,S 594,HELP Response and Recovery Act,['bill'],[],119,United States,upper
ocd-bill/4969df30-9ec3-41ec-ba0e-227149b9557f,S 582,Astronaut Ground Travel Support Act,['bill'],[],119,United States,upper
ocd-bill/1ca080b7-56f8-4ed2-9932-bd7a18206515,S 583,Reorganizing Government Act of 2025,['bill'],[],119,United States,upper
ocd-bill/74f149aa-066b-4ce1-b467-8725ae93971f,S 593,Nationwide Consumer and Fuel Retailer Choice Act of 2025,['bill'],[],119,United States,upper
ocd-bill/9aa84ab6-159f-44f4-9fec-c29adf84b414,S 600,Supporting Adopted Children and Families Act,['bill'],[],119,United States,upper
ocd-bill/e2534e65-7cf9-4c95-9391-cf76714ad815,S 591,Restore Merit to Government Service Act of 2025,['bill'],[],119,United States,upper
ocd-bill/8dcb4988-4d32-470f-8387-eb3489e61226,S 558,Antisemitism Awareness Act of 2025,['bill'],[],119,United States,upper
ocd-bill/609ab084-617a-454d-b2c8-ec578ce790c7,S 560,EAGLES Act of 2025,['bill'],[],119,United States,upper
ocd-bill/8c6c1a55-85db-4bb2-b2dd-526b22812c04,S 575,I CAN Act,['bill'],[],119,United States,upper
ocd-bill/36f51992-aac8-4322-85af-0acfee384f05,SJRES 19,"A joint resolution providing for congressional disapproval under chapter 8 of title 5, United States Code, of the rule submitted by the Environmental Protection Agency relating to ""Trichloroethylene (TCE); Regulation Under the Toxic Substances Control Act (TSCA)"".",['resolution'],[],119,United States,upper
ocd-bill/c41dfceb-6c72-4df7-98aa-3067021a5105,S 571,Officer John Barnes Act,['bill'],[],119,United States,upper
ocd-bill/231a8848-8627-4c59-9d3a-72e8f7e686db,S 567,First Rhode Island Regiment Congressional Gold Medal Act,['bill'],[],119,United States,upper
ocd-bill/2264dd41-64e2-4b68-bac8-27b6fba57a99,S 565,Navajo Nation Rio San José Stream System Water Rights Settlement Act of 2025,['bill'],[],119,United States,upper
ocd-bill/cec6fb69-b69e-4886-90d9-2956d90f5532,S 578,BEST Facilitation Act,['bill'],[],119,United States,upper
ocd-bill/188b2c46-2c63-45b9-ac54-3160fcedc85b,S 572,Shadow Wolves Improvement Act,['bill'],[],119,United States,upper
ocd-bill/f5d15948-e9a5-4e07-a0e0-b0d4433c8ac6,S 563,Ohkay Owingeh Rio Chama Water Rights Settlement Act of 2025,['bill'],[],119,United States,upper
ocd-bill/c576a168-5dba-4625-b43f-4d5fb82ed354,HR 1498,DEFUND Act of 2025,['bill'],[],119,United States,lower
ocd-bill/a6ed2115-63a3-42df-80c0-20a7cbdfd908,HR 2183,CFPB Dual Mandate and Economic Analysis Act,['bill'],[],119,United States,lower
ocd-bill/43db4799-bd7f-4bb2-8cf4-5be8e31ed231,HR 2173,Tools Tax Deduction Act,['bill'],[],119,United States,lower
ocd-bill/f2dddc80-032f-4772-a46b-22a6c8619fc5,HR 2217,Down East Remembrance Act,['bill'],[],119,United States,lower
ocd-bill/cc935de8-7e32-4e52-8348-b68204531422,HR 2216,"To amend title 49, United States Code, to except from certain requirements relating to eligibility for essential air service Guam and the Northern Mariana Islands, and for other purposes.",['bill'],[],119,United States,lower
ocd-bill/a5692b33-948b-4212-b35e-16f4cd6e7f53,HR 2571,Self-Insurance Protection Act,['bill'],[],119,United States,lower
ocd-bill/25ff4b06-50b6-4afe-b79a-bf4d32d3cc52,HR 1004,Love Lives On Act of 2025,['bill'],[],119,United States,lower
ocd-bill/346da438-b48e-4ddb-886f-693f1596189d,HR 1181,Protecting Privacy in Purchases Act,['bill'],[],119,United States,lower
ocd-bill/eb66e585-ef13-43fb-9374-59743dc2983a,S 1241,Sanctioning Russia Act of 2025,['bill'],[],119,United States,upper
ocd-bill/32fe0ba9-6cdc-41c9-8632-c217247afef8,SRES 152,"A resolution designating April 2025 as ""Preserving and Protecting Local News Month"" and recognizing the importance and significance of local news.",['resolution'],[],119,United States,upper
ocd-bill/4e634db7-ea74-4984-88bf-b128b9c788d3,HR 2587,Youth Mental Health Research Act,['bill'],[],119,United States,lower
ocd-bill/39f10e26-d37a-49e9-9af5-3897bebc6a5e,HRES 286,"Of inquiry requesting the President to transmit certain documents relating to the dangerous, unaccountable use of AI by the United States DOGE Service to jeopardize the private information and essential services of the American people.",['resolution'],[],119,United States,lower
ocd-bill/9e10d964-99aa-4eab-a56b-ea370c64763a,HR 924,NO BAN Act,['bill'],[],119,United States,lower
ocd-bill/1d799863-cec0-4cb0-8543-42209dad050d,SRES 153,"A resolution designating March 27, 2025, as ""National Women in Agriculture Day"".",['resolution'],[],119,United States,upper
ocd-bill/0efd9bff-430d-45ad-9f99-5711cb40879f,SRES 150,"A resolution supporting the goals and ideals of ""Countering International Parental Child Abduction Month"" and expressing the sense of the Senate that Congress should raise awareness of the harm caused by international parental child abduction.",['resolution'],[],119,United States,upper
ocd-bill/f8d4c96a-7625-4feb-aa90-986e59ff7b10,S 1236,"A bill to amend the Richard B. Russell National School Lunch Act to require schools to offer a variety of milk to students participating in the school lunch program, and for other purposes.",['bill'],[],119,United States,upper
ocd-bill/711af22c-ca36-4231-93ef-0a4d7fe6ae54,HR 1463,"To prohibit the use of Federal funds to implement, administer, or enforce a final rule of the Food and Drug Administration relating to ""Medical Devices; Laboratory Developed Tests"", and for other purposes.",['bill'],[],119,United States,lower
ocd-bill/8dda5eae-b9e9-4996-98c2-3a5e1671bc0a,HR 2551,Military Installation Retail Security Act of 2025,['bill'],[],119,United States,lower
ocd-bill/aa68cab3-4da5-40d9-adb5-94b8dfc23326,HR 2294,To reauthorize the Integrated Coastal and Ocean Observation System Act of 2009.,['bill'],[],119,United States,lower
ocd-bill/e2162bdb-65ba-4471-9bd0-4dd66ab7a553,S 780,SAFE Lending Act of 2025,['bill'],[],119,United States,upper
ocd-bill/132ee7b9-f5ba-4a04-bb84-867c9c5567bc,HRES 284,Expressing support for the goals and ideals of National Child Abuse Prevention Month.,['resolution'],[],119,United States,lower
ocd-bill/dbaf2edc-db71-427b-b268-c42c6fbd4a95,S 1238,Securing Smart Investments in our Ports Act,['bill'],[],119,United States,upper
ocd-bill/ff596b7f-2a6b-4a59-9b3f-2e8c60685fb6,S 1231,"A bill to amend title 10, United States Code, to provide fertility treatment under the TRICARE Program.",['bill'],[],119,United States,upper
ocd-bill/5fe5501a-b0ac-496c-999e-a0c7d88f8562,S 1226,Restoring Fort Leonard Wood Act of 2025,['bill'],[],119,United States,upper
ocd-bill/cf578d11-96c4-468e-9f6c-0b983f1d9bf0,SRES 151,"A resolution expressing the sense of the Senate that the United States should recognize the 1994 genocide in Rwanda as ""the genocide against the Tutsi in Rwanda"".",['resolution'],[],119,United States,upper
ocd-bill/08783250-b4e5-4962-9991-b52dbd17581a,HCONRES 24,Authorizing the use of Emancipation Hall in the Capitol Visitor Center for an event to celebrate the birthday of King Kamehameha I.,['resolution'],[],119,United States,lower
ocd-bill/e32ca8d0-46f9-4bee-991f-b840ba5a3af7,S 1228,"A bill to amend the Public Lands Corps Act of 1993 to modify the cost-sharing requirement for conservation projects carried out by a qualified youth or conservation corps, and for other purposes.",['bill'],[],119,United States,upper
ocd-bill/15afce04-a289-4e43-a4b1-b41d3c7e36eb,HRES 94,Expressing support for the Nation's local public K-12 schools and condemning any actions that would defund public education or weaken or dismantle the Department of Education.,['resolution'],[],119,United States,lower
ocd-bill/dac1471a-700a-48f0-95dc-196b0661dbf8,S 1234,A bill to amend title XVI of the Social Security Act to update the resource limit for supplemental security income eligibility.,['bill'],[],119,United States,upper
ocd-bill/d903c8c4-0967-462a-8ae4-f90fa3dbda1f,HRES 289,"Expressing support for the designation of April 2025 as ""Second Chance Month"".",['resolution'],[],119,United States,lower
ocd-bill/90d12cfd-c0b3-4e68-93d5-62d34ada3613,HR 945,"To award a Congressional Gold Medal to the Freedom Riders, collectively, in recognition of their unique contribution to Civil Rights, which inspired a revolutionary movement for equality in interstate travel.",['bill'],[],119,United States,lower
ocd-bill/f99f9d5e-4a27-4c81-9aeb-91d060c9d2b5,S 1232,Workplace Violence Prevention for Health Care and Social Service Workers Act,['bill'],[],119,United States,upper
ocd-bill/b5ea8e6b-bd19-4c80-8c62-127d9abc3fea,HR 2542,"Old Drugs, New Cures Act",['bill'],[],119,United States,lower
ocd-bill/ffff7319-4586-4072-bdc5-e2c9d174093b,HR 2293,Cormorant Relief Act of 2025,['bill'],[],119,United States,lower
ocd-bill/d77012c6-c8f6-4606-9019-ee51030a1c1a,S 1245,Servicemembers and Veterans Empowerment and Support Act of 2025,['bill'],[],119,United States,upper
ocd-bill/387d6a1f-d677-4987-9ee3-0b964832b555,S 1243,Paying a Fair Share Act of 2025,['bill'],[],119,United States,upper
ocd-bill/bed79c8c-50fb-4c39-9f32-6437e88358ff,S 1239,A bill to amend title XXVII of the Public Health Service Act to require group health plans and health insurance issuers offering group or individual health insurance coverage to permit enrollees to obtain a 365-day supply of contraceptives.,['bill'],[],119,United States,upper
ocd-bill/14dd37a6-c5ca-4ebe-8a64-354b14885b07,S 1244,Education Savings Accounts for Military Families Act of 2025,['bill'],[],119,United States,upper
ocd-bill/8ea0a583-587c-4f56-bfa2-3b5799d731dc,HR 2545,Financing Our Energy Future Act,['bill'],[],119,United States,lower
ocd-bill/9d86651f-d872-4a08-b90b-4c06a040daa0,HR 2533,EASE Act of 2025,['bill'],[],119,United States,lower
ocd-bill/664dd019-f153-4730-b698-4f3ce13bcaca,S 1229,A bill to amend the Internal Revenue Code of 1986 to repeal the clean vehicle credit.,['bill'],[],119,United States,upper
ocd-bill/1a4d9af3-de4c-4f76-aab5-2db98b8126ae,S 1224,RIFLE Act,['bill'],[],119,United States,upper
ocd-bill/4e258e09-b88d-495b-b76b-8518fad3667c,HR 252,Secure Our Ports Act of 2025,['bill'],[],119,United States,lower
ocd-bill/6f0ba22b-cd3f-4a6c-9f21-34d53890e364,S 1235,Expanding Partnerships for Innovation and Competitiveness Act,['bill'],[],119,United States,upper
ocd-bill/26ee1185-c8ea-42c7-849f-63575104d35b,S 1230,"A bill to amend the Agricultural Trade Act of 1978 to preserve foreign markets for goods using common names, and for other purposes.",['bill'],[],119,United States,upper
ocd-bill/c9067d48-841e-4507-a587-f1abe4702434,HR 2528,Association Health Plans Act,['bill'],[],119,United States,lower
ocd-bill/14c2d5f4-dbaf-4a55-8c7a-c720937e04f6,S 1242,Watershed Results Act,['bill'],[],119,United States,upper
ocd-bill/a3a167bd-f044-4ac2-8512-0386e0f8cf0b,S 1227,ABC Act,['bill'],[],119,United States,upper
ocd-bill/92a041a0-f41a-424e-a049-17632642271f,HR 80,Drain the Intelligence Community Swamp Act of 2025,['bill'],[],119,United States,lower
ocd-bill/22c66c01-8651-45c7-94f4-e9b38fecf8f7,HR 111,To amend the Internal Revenue Code of 1986 to allow an above-the-line deduction for health insurance premiums.,['bill'],[],119,United States,lower
ocd-bill/9593eb72-3ef0-4b29-beb6-bbf077e4e168,HR 85,Small Business Flexibility Act,['bill'],[],119,United States,lower
ocd-bill/72f1d95e-d05b-4d40-a926-57d4ba2e8718,HR 84,Native American Education Opportunity Act,['bill'],[],119,United States,lower
ocd-bill/82665166-4246-471f-81a1-b30b48c9c224,HR 57,Ending Catch and Release Act of 2025,['bill'],[],119,United States,lower
ocd-bill/4c1de470-d7f0-47c5-b7f9-6fdf4be45f70,HR 83,Ending Common Core and Expanding School Choice Act,['bill'],[],119,United States,lower
ocd-bill/485f9260-b2ed-42ca-807a-836e5ac02442,HR 39,Original Honoring Our WWII Merchant Mariners Act of 2025,['bill'],[],119,United States,lower
ocd-bill/f091547c-79c0-4bda-b628-b360a411f69c,HR 40,Commission to Study and Develop Reparation Proposals for African Americans Act,['bill'],[],119,United States,lower
ocd-bill/8a18dd6e-83df-44dc-895c-f784ae0a4a50,HR 109,TEAM Veteran Caregivers Act,['bill'],[],119,United States,lower
ocd-bill/40bd0b01-b66c-4c70-9d27-14d120583f5e,HR 113,Budget Process Enhancement Act,['bill'],[],119,United States,lower
ocd-bill/f186d340-fd4c-4aff-8492-428935f270e0,HR 108,Space Research Innovation Act,['bill'],[],119,United States,lower
ocd-bill/07eab3dd-3ef1-479b-b018-77815eeb6f7e,HRES 288,"Expressing the sense that there should be established a ""National Garifuna Immigrant Heritage Month"" in April to celebrate the great contributions of Americans of Garifuna immigrant heritage in the United States who have enriched the history of the Nation.",['resolution'],[],119,United States,lower
ocd-bill/9eac5673-1200-46d1-97f7-4b487b827e9f,HRES 287,"Providing for the consideration of S.J. Res. 18, S.J. Res 24, H.R. 1526, and H.R. 22.",['resolution'],[],119,United States,lower
ocd-bill/eae09bce-6178-4b09-84b1-ab19a1552355,HRES 12,Stay on Schedule (S.O.S.) Resolution,['resolution'],[],119,United States,lower
ocd-bill/64f84b4b-602a-4866-a277-cd9ca7eff2f3,HR 49,No Pro-Abortion Task Force Act,['bill'],[],119,United States,lower
ocd-bill/731bd0a6-1533-46d2-a871-a721c1801b11,HR 130,Trust the Science Act,['bill'],[],119,United States,lower
ocd-bill/7709e9c2-0808-4599-b70d-bb533cc41091,HR 504,Miccosukee Reserved Area Amendments Act,['bill'],[],119,United States,lower
ocd-bill/1b9445d3-311e-47be-8199-8cbc0cbe7c1f,HR 828,SERV Act,['bill'],[],119,United States,lower
ocd-bill/11b7ea19-cf9a-4485-92bd-38ae06814c98,HR 47,VOICE Restoration Act,['bill'],[],119,United States,lower
ocd-bill/c62b5a84-a2b8-4885-a579-50f15fe8a347,HR 50,KAMALA Act,['bill'],[],119,United States,lower
ocd-bill/026afd03-07a3-4934-879e-0c9573e35a10,SRES 44,"A resolution designating the week of January 26 through February 1, 2025, as ""National School Choice Week"".",['resolution'],[],119,United States,upper
ocd-bill/eabfd46a-5e65-4697-84a7-a3cfbe6b4ef6,SRES 43,A resolution affirming the threats to world stability from a nuclear weapons-capable Islamic Republic of Iran.,['resolution'],[],119,United States,upper
ocd-bill/f1eeb378-0921-402c-8b96-91f45e3d99e3,SRES 45,A resolution supporting the contributions of Catholic schools in the United States and celebrating the 51st annual National Catholic Schools Week.,['resolution'],[],119,United States,upper
ocd-bill/df2cade0-549f-4117-a4c6-259b799a74bc,SRES 46,"A resolution raising awareness and encouraging the prevention of stalking by designating January 2025 as ""National Stalking Awareness Month"".",['resolution'],[],119,United States,upper
ocd-bill/0d67529a-67f2-4a5c-8c25-170e29a34924,S 294,COOL Online Act,['bill'],[],119,United States,upper
ocd-bill/a3d0b0c6-31d0-42e2-8d4b-50eb8e73850b,S 306,Fire Ready Nation Act of 2025,['bill'],[],119,United States,upper
ocd-bill/ad018c0c-5c83-4f84-85f7-18dff0fe01c6,S 316,Grizzly Bear State Management Act of 2025,['bill'],[],119,United States,upper
ocd-bill/2fa965bf-be2a-45ed-b4a2-13c324abd1c8,S 298,Returning SBA to Main Street Act,['bill'],[],119,United States,upper
ocd-bill/0715cbe5-25b3-418a-9265-72507c8c3605,S 321,Decoupling America's Artificial Intelligence Capabilities from China Act of 2025,['bill'],[],119,United States,upper
ocd-bill/644a94fe-f228-4e95-8f17-a37bb462649f,S 324,"Smarter Weather Forecasting for Water Management, Farming, and Ranching Act of 2025",['bill'],[],119,United States,upper
ocd-bill/019df66f-360b-4696-afa1-6bf9dd574612,S 289,Youth Poisoning Protection Act,['bill'],[],119,United States,upper
ocd-bill/cf996f6b-519e-4601-88b0-e90e3dce1177,S 302,Snap Back Inaccurate SNAP Payments Act,['bill'],[],119,United States,upper
ocd-bill/9a9014f7-1e04-48b0-b4b3-250b7862d583,S 292,Educational Choice for Children Act of 2025,['bill'],[],119,United States,upper
ocd-bill/11562388-d8b9-4eb0-907a-3161be3d0e67,S 313,Stop Funding Global Terrorists Act of 2025,['bill'],[],119,United States,upper
ocd-bill/74023e3b-02a5-491a-bd74-af67e18b5df4,S 308,Graduate Opportunity and Affordable Loans Act,['bill'],[],119,United States,upper
ocd-bill/5a665ba7-e139-43e9-b2f9-ea92319b91df,S 309,A PLUS Act,['bill'],[],119,United States,upper
ocd-bill/2fcd7a02-d1dd-4059-b64e-76449a9be210,S 301,Border Security is National Security Act,['bill'],[],119,United States,upper
ocd-bill/2a094bd8-cd68-4bd0-85e6-0e851c0b7b40,S 307,Prison Staff Safety Enhancement Act,['bill'],[],119,United States,upper
ocd-bill/c45a0667-01ea-49bd-8b4d-92d0e5d2bdcd,S 319,Cattle Fever Tick Eradication Program Enhancement Act of 2025,['bill'],[],119,United States,upper
ocd-bill/b027c489-9939-47d5-bbdf-20844872a336,S 325,Coordinated Federal Response to Extreme Heat Act of 2025,['bill'],[],119,United States,upper
ocd-bill/ca89d472-e84f-49f5-ad61-927b879086a5,S 318,ANCHOR Act,['bill'],[],119,United States,upper
ocd-bill/00a3f65a-196c-4b3e-a8b8-c328f8eb8f57,S 314,Hotel Fees Transparency Act of 2025,['bill'],[],119,United States,upper
ocd-bill/7366e9b4-31a4-4d00-be42-0749bd7d2bd5,S 305,Small Business Technological Act of 2025,['bill'],[],119,United States,upper
ocd-bill/3d9dd5d9-d0c9-4f35-80a0-a38f069e8a9d,S 304,Birthright Citizenship Act of 2025,['bill'],[],119,United States,upper
ocd-bill/660cd278-5538-45ec-989f-33dfe5a3d6c6,S 311,ACE Act,['bill'],[],119,United States,upper
ocd-bill/55b84f70-8b83-4d68-aa40-c3d74c1451a3,S 310,Build Housing with Care Act of 2025,['bill'],[],119,United States,upper
ocd-bill/8db731e0-b304-4a63-944a-c5523a0796a4,S 312,Jamie Reed Protecting Our Kids from Child Abuse Act,['bill'],[],119,United States,upper
ocd-bill/35bbdbdc-f8b3-47e3-85f1-61745f6f4c1e,S 323,PLAN for Broadband Act,['bill'],[],119,United States,upper
ocd-bill/793fe9e4-b686-4f82-b722-f25b76f6c684,S 295,Reducing the Federal Workforce Through Attrition Act,['bill'],[],119,United States,upper
ocd-bill/41c11094-f692-49d9-95e4-fecda1dff147,S 320,National Earthquake Hazards Reduction Program Reauthorization Act of 2025,['bill'],[],119,United States,upper
ocd-bill/8bdb7a86-97c7-45ed-a4dd-6d9daa4bfe20,S 317,Charitable Act,['bill'],[],119,United States,upper
ocd-bill/2d023694-563f-4979-b133-7f13c80f2e3a,S 296,Finish the Arkansas Valley Conduit Act,['bill'],[],119,United States,upper
ocd-bill/4fa22650-e294-416d-a6fb-f55287d99a90,S 290,Making National Parks Safer Act,['bill'],[],119,United States,upper
ocd-bill/470c8713-cff5-4fda-8c5c-2d377e5a704b,S 299,Mentoring to Succeed Act of 2025,['bill'],[],119,United States,upper
ocd-bill/9c9423a8-f91f-4cfa-a53b-1df40bc70a40,S 288,Southern Mongolian Human Rights Policy Act,['bill'],[],119,United States,upper
ocd-bill/37f6ef3f-5a87-4b17-9808-78001121f1b2,S 297,PSA Screening for HIM Act,['bill'],[],119,United States,upper
ocd-bill/ae3fcbff-d1ba-4c85-8ffe-aeecc1f0ad5a,S 293,WALL Act of 2025,['bill'],[],119,United States,upper
ocd-bill/e7f5b126-04e0-4aec-a46e-6e3d31c6b15e,S 291,Lower Colorado River Multi-Species Conservation Program Amendment Act of 2025,['bill'],[],119,United States,upper
ocd-bill/74c289dd-e91f-4a99-a78f-1c5d041e1fd7,S 322,Improving Atmospheric River Forecasts Act,['bill'],[],119,United States,upper
ocd-bill/9de187a3-32a0-4cd4-a6d6-b7653b4b1ecf,HR 21,Born-Alive Abortion Survivors Protection Act,['bill'],[],119,United States,lower
ocd-bill/946113e2-a308-4696-9ba7-8ff12d9d9da6,HR 2593,MARALAGO Act,['bill'],[],119,United States,lower
ocd-bill/cd71f5f6-3db3-44fd-93c0-5b31fc6e2d4e,S 1260,Rural Housing Service Reform Act of 2025,['bill'],[],119,United States,upper
ocd-bill/bfb2c414-0601-4242-bbb7-c8c7f3340f2d,HR 2600,"To require the Administrator of the National Aeronautics and Space Administration to establish a program to identify, evaluate, acquire, and disseminate commercial Earth remote sensing data and imagery in order to satisfy the scientific, operational, and educational requirements of the Administration, and for other purposes.",['bill'],[],119,United States,lower
ocd-bill/15e7eae4-97f3-47df-a93b-954c16787973,S 1266,A bill to establish a Youth Mental Health Research Initiative in the National Institutes of Health for purposes of encouraging collaborative research to improve youth mental health.,['bill'],[],119,United States,upper
ocd-bill/6fc6ca45-00d1-43fc-a04c-7fbbcdf93073,HR 2606,Stop Importing Terrorism Act,['bill'],[],119,United States,lower
ocd-bill/60096562-5265-408c-8c26-439865a9f5db,HR 2594,To establish a Water Risk and Resilience Organization to develop risk and resilience requirements for the water sector.,['bill'],[],119,United States,lower
ocd-bill/e301d6e7-c51d-4cf9-be15-65720bdb97ae,HRES 291,"Urging the people of the United States to observe the month of March 2025 as ""Bulgarian-American Heritage Month"".",['resolution'],[],119,United States,lower
ocd-bill/dedb8a30-451f-4793-9b28-2c43edd81377,HR 2615,Stephen Hacala Poppy Seed Safety Act,['bill'],[],119,United States,lower
ocd-bill/342b4506-69c2-4d45-81cc-e9296b2f480e,HR 2602,To prohibit the Executive branch from engaging in any reorganization of the Department of State without congressional consultation and approval.,['bill'],[],119,United States,lower
ocd-bill/37cb6b53-d585-480f-9d65-58a64ce4aeec,S 1259,Manifest Modernization Act of 2025,['bill'],[],119,United States,upper
ocd-bill/7f20c75c-631f-4292-a62b-c43ed82c5f0a,HR 2610,To amend title XVIII of the Social Security Act to address significant under projection of MA local area growth due to wage index reclassification.,['bill'],[],119,United States,lower
ocd-bill/97b8ab62-81ed-454a-9e4a-3fcc1dcc2fcd,HR 2589,Consensual Donation and Research Integrity Act of 2025,['bill'],[],119,United States,lower
ocd-bill/5243f6a5-f9cf-4d29-9937-e6708c437404,HR 2588,Improving Reporting to Prevent Hate Act of 2025,['bill'],[],119,United States,lower
ocd-bill/d93b99ce-f29e-4ed5-a090-46008ce98e85,S 1265,USTR Inspector General Act of 2025,['bill'],[],119,United States,upper
ocd-bill/1cce291e-b917-43dc-ac23-a31f4ca8e6f6,S 1248,EASE Act,['bill'],[],119,United States,upper
ocd-bill/1cb4eff2-eadb-4351-8618-b722ab61a716,HJRES 88,"Providing congressional disapproval under chapter 8 of title 5, United States Code, of the rule submitted by the Environmental Protection Agency relating to ""California State Motor Vehicle and Engine Pollution Control Standards; Advanced Clean Cars II; Waiver of Preemption; Notice of Decision"".",['resolution'],[],119,United States,lower
ocd-bill/455a54cb-2b06-4c1b-a4a3-2bcc992797e4,S 1254,A bill to amend the Aquifer Recharge Flexibility Act to clarify a provision relating to conveyances for aquifer recharge purposes.,['bill'],[],119,United States,upper
ocd-bill/29f605cd-4e95-4e84-9562-36033425156c,HR 2597,Protecting American Taxpayers from Wasteful Spending Act,['bill'],[],119,United States,lower
ocd-bill/890e45e6-9ea6-47dd-98c9-b1fb03575c5d,HJRES 89,"Providing congressional disapproval under chapter 8 of title 5, United States Code, of the rule submitted by the Environmental Protection Agency relating to ""California State Motor Vehicle and Engine and Nonroad Engine Pollution Control Standards; The 'Omnibus' Low NOX Regulation; Waiver of Preemption; Notice of Decision"".",['resolution'],[],119,United States,lower
ocd-bill/75563828-9f3a-4102-a721-c1826aaf1790,HR 2607,"To designate residents of South Africa as Priority 2 refugees of special humanitarian concern, and for other purposes.",['bill'],[],119,United States,lower
ocd-bill/2fc09c8a-bee3-483a-be31-df1c53e461e0,HR 2612,DELETE Act,['bill'],[],119,United States,lower
ocd-bill/f1b2ef7a-0f15-48b4-a296-dc4b23f477cd,HR 2601,Delete DOGE Act,['bill'],[],119,United States,lower
ocd-bill/74cade26-f321-4f10-8a67-a757c22ba4c9,S 1261,CONNECT for Health Act of 2025,['bill'],[],119,United States,upper
ocd-bill/e4348797-be59-4202-88b9-fd6f249c4496,S 1255,Cormorant Relief Act of 2025,['bill'],[],119,United States,upper
ocd-bill/2092375f-bc6b-4c79-99cc-ea1ae4efbefa,S 1258,Stephen Hacala Poppy Seed Safety Act,['bill'],[],119,United States,upper
ocd-bill/6f4d3826-c9d7-4068-a0c5-d693b9f48f08,HR 2592,Aviation Medication Transparency Act of 2025,['bill'],[],119,United States,lower
ocd-bill/1cb15bbb-bfd2-4f67-bda0-213169474b30,HR 559,Seniors in the Workforce Tax Relief Act,['bill'],[],119,United States,lower
ocd-bill/ff730ff0-7cd8-4ba6-87a5-196cf55da2a1,HR 557,Working Class Bonus Tax Relief Act of 2025,['bill'],[],119,United States,lower
ocd-bill/92e438cd-13b3-408d-a567-e98cc2ef2c7b,HR 558,Tip Tax Termination Act,['bill'],[],119,United States,lower
ocd-bill/2421b927-ae54-48fc-8040-b604ff83366e,S 1250,SHIELD U Act,['bill'],[],119,United States,upper
ocd-bill/217e3f90-2888-49f4-afe2-b9501243118d,S 1249,Drone Integration and Zoning Act,['bill'],[],119,United States,upper
ocd-bill/09b60079-2ab7-4095-9c05-4734c50c7bd1,S 1267,Deliver for Veterans Act of 2025,['bill'],[],119,United States,upper
ocd-bill/d10b369d-ef10-412e-bcfd-6c7c80cd0175,S 1251,Defending Domestic Orange Juice Production Act of 2025,['bill'],[],119,United States,upper
ocd-bill/b667b84f-b5c8-4c1f-a233-17af38037422,HR 2609,PEACE Act,['bill'],[],119,United States,lower
ocd-bill/43487a3c-6ccd-4c6c-8b02-e547b6b1c663,S 153,Repeal the TikTok Ban Act,['bill'],[],119,United States,upper
ocd-bill/8dcf6fc7-22c5-4f82-aa1a-7a63852eeef3,S 127,Whole-Home Repairs Act of 2025,['bill'],[],119,United States,upper
ocd-bill/1884cf79-5ede-488c-a535-f0fb820a169b,HR 2590,Mental and Physical Health Care Comorbidities Act of 2025,['bill'],[],119,United States,lower
ocd-bill/0dbec6f1-e215-49e3-a97c-45de5ba43901,S 1257,"A bill to amend the Infrastructure Investment and Jobs Act to authorize the use of funds for certain additional Carey Act projects, and for other purposes.",['bill'],[],119,United States,upper
ocd-bill/f27a3a72-9c9d-4766-acbf-ce2884a50b7f,HR 2608,To remove certain species from the lists of threatened species and endangered species published pursuant to the Endangered Species Act of 1973.,['bill'],[],119,United States,lower
ocd-bill/c7a0eb48-ac3a-4fd0-820d-05b855469e5e,S 1269,"A bill to promote United States leadership in technical standards by directing the National Institute of Standards and Technology and the Department of State to take certain actions to encourage and enable United States participation in developing standards and specifications for artificial intelligence and other critical and emerging technologies, and for other purposes.",['bill'],[],119,United States,upper
ocd-bill/159ac78b-87cf-40dd-bb2e-c9bfee521036,HR 2604,Protecting Data at the Border Act,['bill'],[],119,United States,lower
ocd-bill/1349562c-61c6-4a78-88d9-a8a58a93d6c4,S 1247,Public Safety Free Speech Act,['bill'],[],119,United States,upper
ocd-bill/8bcdd768-b5ec-4661-b9a0-dfd142b4e0e0,S 1263,"A bill to establish the Office of Security Training and Counterintelligence in the Executive Office of the President, and for other purposes.",['bill'],[],119,United States,upper
ocd-bill/00db10d7-fd85-42b9-9cf2-01bc056e0c9b,SRES 19,"A resolution honoring the life and legacy of President Jimmy Carter and commending President Jimmy Carter for his life-long career of public service, humanitarian leadership, diplomacy, and courageous advocacy.",['resolution'],[],119,United States,upper
ocd-bill/0edd7c3d-7175-4f6b-aa6b-93f97ad8a2d8,S 1262,"A bill to require the Secretary of Agriculture to release a reversionary interest in certain land in the Black River State Forest in Millston, Wisconsin, and for other purposes.",['bill'],[],119,United States,upper
ocd-bill/75f1a72a-1392-4d1b-8bae-383f72650668,S 1253,College Admissions Accountability Act of 2025,['bill'],[],119,United States,upper
ocd-bill/e11621a9-6c5d-4fc1-bb12-693072eacbaa,S 1268,"A bill to amend title 49 of the United States Code, to revise the qualifications for organization designation authorization holders, and for other purposes.",['bill'],[],119,United States,upper
ocd-bill/e3aaa364-f664-47ca-8991-e325288c0366,HR 568,Auto Theft Prevention Act,['bill'],[],119,United States,lower
ocd-bill/98828e3a-1db9-4504-bfc8-739a91562e70,S 1256,Fire Island AIDS Memorial Establishment Act,['bill'],[],119,United States,upper
ocd-bill/d070ec43-7519-4725-94e3-24af471c08a4,HR 137,TCJA Permanency Act,['bill'],[],119,United States,lower
ocd-bill/80fc395a-f355-4e15-a52b-ce033c85ff68,HR 1438,Protecting America’s Agricultural Land from Foreign Harm Act of 2025,['bill'],[],119,United States,lower
ocd-bill/7a717040-3c76-4f2d-a42c-070decbb1f74,HR 1441,PURE Water Act,['bill'],[],119,United States,lower
ocd-bill/ba1542fa-9eba-4ab9-8dac-5a16951caff0,HR 1408,Affordable Child Care Act,['bill'],[],119,United States,lower
ocd-bill/d418fa9a-7118-4f09-93ef-0394c829ebd4,HR 1419,Contaminated Wells Relocation Act,['bill'],[],119,United States,lower
ocd-bill/e623873c-5f40-4261-b100-83956fb355e2,HR 1440,Discriminatory Gaming Tax Repeal Act of 2025,['bill'],[],119,United States,lower
ocd-bill/fcbac765-197b-4eb7-9e9c-67245d2104ec,HR 1397,Increasing Access to Dental Insurance Act,['bill'],[],119,United States,lower
ocd-bill/cfceadc7-04d7-4e20-ad5d-adc6c0cdcdc4,HR 1417,Rural Health Care Facility Technical Assistance Program Act,['bill'],[],119,United States,lower
ocd-bill/a3ad2d08-463a-4a43-80d1-b520f7b5f3ec,HR 1409,College Thriving Act,['bill'],[],119,United States,lower
ocd-bill/a22023c1-1031-4280-87ad-181ba567d293,HR 1412,Know Your Rates Act,['bill'],[],119,United States,lower
ocd-bill/0ceb79a5-f170-459b-8e77-0bfa23b41bca,HR 1437,Buffalo Soldiers Congressional Gold Medal Act of 2025,['bill'],[],119,United States,lower
ocd-bill/00c06289-c506-4251-ab60-4e7a86e87857,HR 1426,To amend the Internal Revenue Code of 1986 to increase the amount allowed as a credit under the expenses for household and dependent care services credit and the employer-provided child care credit.,['bill'],[],119,United States,lower
ocd-bill/05f47706-0e70-4b8d-adc8-05cfcc50a719,HR 1415,No IRIS Act of 2025,['bill'],[],119,United States,lower
ocd-bill/5bd24894-04da-4df8-99cc-6036c224d335,HR 1428,Poverty Line Act of 2025,['bill'],[],119,United States,lower
ocd-bill/95c2ab15-1961-462f-ae23-f9042708f0b6,HR 1402,TICKET Act,['bill'],[],119,United States,lower
ocd-bill/a5741fd8-d669-4506-add1-5f6e2559c431,HR 2614,Maximum Support Act,['bill'],[],119,United States,lower
ocd-bill/73564659-94ad-4751-a9b9-c48e6be337d8,HR 1444,Zuni Indian Tribe Water Rights Settlement Act of 2025,['bill'],[],119,United States,lower
ocd-bill/b820f057-efb2-4ca4-83a1-82f8b3010f84,HR 2591,Mental Health in Aviation Act of 2025,['bill'],[],119,United States,lower
ocd-bill/a647f897-d3cd-4a36-972a-f0dba8e4c7d1,HR 2596,Renewable Natural Gas Incentive Act of 2025,['bill'],[],119,United States,lower
ocd-bill/d00d990c-314c-4389-b6bc-8fbc21acfede,HR 1431,"To designate the facility of the United States Postal Service located at 2407 State Route 71, Suite 1, in Spring Lake, New Jersey, as the ""James J. Howard Post Office"".",['bill'],[],119,United States,lower
ocd-bill/32a3aeef-fa14-4b40-ae12-92a8edcb805e,HR 1404,CHAMPVA Children’s Care Protection Act of 2025,['bill'],[],119,United States,lower
ocd-bill/0f8c4653-97e0-4e95-8d99-55c5e470cb54,HR 1401,"Currency Optimization, Innovation, and National Savings Act of 2025",['bill'],[],119,United States,lower
ocd-bill/2e18487f-50a3-4c38-805a-59aa6e677d9a,HJRES 87,"Providing congressional disapproval under chapter 8 of title 5, United States Code, of the rule submitted by the Environmental Protection Agency relating to ""California State Motor Vehicle and Engine Pollution Control Standards; Heavy-Duty Vehicle and Engine Emission Warranty and Maintenance Provisions; Advanced Clean Trucks; Zero Emission Airport Shuttle; Zero-Emission Power Train Certification; Waiver of Preemption; Notice of Decision"".",['resolution'],[],119,United States,lower
ocd-bill/8bf945f3-e87f-4e91-82ac-b60b201f091a,HR 1427,To amend the Internal Revenue Code of 1986 to increase the amount of the adoption credit and to establish the in vitro fertilization expenses credit.,['bill'],[],119,United States,lower
ocd-bill/130e5f8c-8bb6-4ac7-b210-152d60d22d47,S 1252,Renewable Natural Gas Incentive Act of 2025,['bill'],[],119,United States,upper
ocd-bill/74d5d909-28ab-4d76-92e1-844870e3d5bd,HR 2599,POWER Act of 2025,['bill'],[],119,United States,lower
ocd-bill/a45ce0b1-c9ea-47c7-95ae-97ba469989e4,HR 2611,HOUTHI PC SMALL GROUP Act of 2025,['bill'],[],119,United States,lower
ocd-bill/b3c7c5d6-4ac6-478d-903f-d52e342ba78e,HR 1436,ENABLE Act,['bill'],[],119,United States,lower
ocd-bill/2777de57-1c3f-4016-952c-6222c4631088,HR 1425,"To amend the Internal Revenue Code of 1986 to increase the amount of the child tax credit, to make such credit fully refundable, to remove income limitations from such credit, and for other purposes.",['bill'],[],119,United States,lower
ocd-bill/e38156fc-e4c1-4cc8-9fc9-05408b1a5488,HR 1443,Public Safety Free Speech Act,['bill'],[],119,United States,lower
ocd-bill/e7bd41a3-ffbd-4b9e-ab50-30731e5fa334,HR 1421,Make American Flags in America Act of 2025,['bill'],[],119,United States,lower
ocd-bill/754efe75-1e7b-499c-aa98-ca2da49237fa,HR 1432,LIABLE Act,['bill'],[],119,United States,lower
ocd-bill/fb4d93bc-2e54-4685-9544-5c477a9f424e,HR 1403,LIVE Beneficiaries Act,['bill'],[],119,United States,lower
ocd-bill/bf5d9944-2500-4599-a3db-c01a911dc986,HR 1424,To amend the Internal Revenue Code of 1986 to increase the employer tax credit for paid family and medical leave.,['bill'],[],119,United States,lower
ocd-bill/5ecb5d9c-8a1f-43e8-9845-798b2fd6e198,HR 2595,Building Child Care for a Better Future Act,['bill'],[],119,United States,lower
ocd-bill/e4803769-d40a-4f6c-a232-c230e906291b,HR 2603,Small Business Tax Fairness and Compliance Simplification Act,['bill'],[],119,United States,lower
ocd-bill/7f7a0e1c-ba04-49d5-aad4-9d526c641acb,HR 2613,Next Generation Pipelines Research and Development Act,['bill'],[],119,United States,lower
ocd-bill/80600599-2fca-450d-9bb6-c8799e6fdc61,HR 1429,Activating National Parks in Cities Act,['bill'],[],119,United States,lower
ocd-bill/1a30a24b-7a67-47c8-bd93-720c0c6ffdc9,HR 1405,Enhancing Domestic Drug Manufacturing Competitiveness Act,['bill'],[],119,United States,lower
ocd-bill/ebeaff66-ed87-4777-b737-d0e3cf18aa88,HR 1414,Cameron’s Law,['bill'],[],119,United States,lower
ocd-bill/7f0a986e-47bd-47ce-bb8d-35479088ecea,HR 1435,Family-to-Family Reauthorization Act of 2025,['bill'],[],119,United States,lower
ocd-bill/8fefe4b1-e1a4-4558-84cd-add3fb12e33e,HR 1407,Permanent Telehealth from Home Act,['bill'],[],119,United States,lower
ocd-bill/1f09d25d-eb83-4361-9526-418de16e520d,HR 1399,Prior Approval Reform Act,['bill'],[],119,United States,lower
ocd-bill/7117e826-0ee8-4e1f-b1d0-39b21d3d873f,HR 1442,"To ban the sale of products with a high concentration of sodium nitr ite to individuals, and for other purposes.",['bill'],[],119,United States,lower
ocd-bill/1b7c11ee-dd5f-4686-a658-e9b60e96f983,HR 1423,Guard and Reserve GI Bill Parity Act of 2025,['bill'],[],119,United States,lower
ocd-bill/2c682d47-aeeb-4781-8c12-10ab5fb1af0c,HR 1439,Korematsu-Takai Civil Liberties Protection Act of 2025,['bill'],[],119,United States,lower
ocd-bill/be1f4aa0-a28c-43a2-a086-62e1293d34f1,HR 2605,SAVES Act,['bill'],[],119,United States,lower
ocd-bill/7ec88951-a2e4-4251-a4a6-93b98314b6e7,HR 1265,"To amend the Save Our Seas 2.0 Act to expand eligibility for certain wastewater infrastructure grants, and for other purposes.",['bill'],[],119,United States,lower
ocd-bill/d2fc5b33-985c-4856-887b-8255678d65cf,S 1264,Mental and Physical Health Care Comorbidities Act of 2025,['bill'],[],119,United States,upper
ocd-bill/e31839ff-b254-4010-a3ff-1e004d54de72,HR 1434,Strengthening Communities through Summer Employment Act,['bill'],[],119,United States,lower
ocd-bill/36f2d7e1-4c6f-4b9d-9c64-9067971de87e,HR 1418,Purchased and Referred Care Improvement Act of 2025,['bill'],[],119,United States,lower
ocd-bill/c4e9e804-3b21-487a-b963-3ef06b8d7210,HR 1406,Lung Cancer Screening and Prevention Act of 2025,['bill'],[],119,United States,lower
ocd-bill/95056c66-0f3d-4cf1-9d07-2f275f344932,HR 1413,"To amend title 38, United States Code, to require that domiciliary facilities of the Department of Veterans Affairs and State homes that provide housing to veterans have resident advocates.",['bill'],[],119,United States,lower
ocd-bill/adcb2dca-d5df-4f8c-b881-28278abebad9,HR 1420,Pacific Flyway Habitat Enhancement Act,['bill'],[],119,United States,lower
ocd-bill/0f2e5991-e008-4144-876b-46e689bf3d43,HR 1416,Parental Oversight and Educational Transparency Act,['bill'],[],119,United States,lower
ocd-bill/831b1154-b743-48ba-a97b-1396f2a7193e,HR 1398,Securing Strictly Needy Americans’ Pivotal (SNAP) Benefits Act of 2025,['bill'],[],119,United States,lower
ocd-bill/81145126-4cd7-498d-a316-ffa90667a49c,HR 1445,For the relief of Ruslana Melnyk and Mykhaylo Gnatyuk.,['bill'],[],119,United States,lower
ocd-bill/2ed1f4f2-583a-4f00-9724-8b1f64a9ea46,HRES 142,Recognizing the 80th anniversary of the amphibious landing on the Japanese island of Iwo Jima during World War II and the raisings of the flag of the United States on Mount Suribachi.,['resolution'],[],119,United States,lower
ocd-bill/d754aea1-ff41-4742-9a29-4b6f19a180a6,HR 1430,No CBDC Act,['bill'],[],119,United States,lower
ocd-bill/eb0173f4-d1a7-4856-b460-f15e9cd7bec7,HR 1411,No Veteran Should Go Hungry Act of 2025,['bill'],[],119,United States,lower
ocd-bill/05bb1f70-0d11-47b7-9e2c-5a5db4a01c0f,HCONRES 14,Establishing the congressional budget for the United States Government for fiscal year 2025 and setting forth the appropriate budgetary levels for fiscal years 2026 through 2034.,['resolution'],[],119,United States,lower
ocd-bill/761f6222-2515-41bd-850b-bc5eb2d9c921,HRES 143,"Impeaching Paul Engelmayer, judge of the United States District Court for the Southern District of New York, for high crimes and misdemeanors.",['resolution'],[],119,United States,lower
ocd-bill/09acadb2-4f02-44e6-9a75-b719cdac045b,HRES 290,"Recognizing that the retirement of nonintermittent electric generation facilities, before facilities with equal or greater reliability attributes are available, is a threat to the reliability of the United States electric grid.",['resolution'],[],119,United States,lower
ocd-bill/ca2145ba-9028-44c7-9c55-b7a83166eefe,S 1246,FEMA Independence Act of 2025,['bill'],[],119,United States,upper
ocd-bill/07b338d0-749c-4529-9acb-755669623e28,HR 470,Red Snapper Act of 2025,['bill'],[],119,United States,lower
ocd-bill/3bf51837-01ef-4062-85fb-1ab2bc4d0abf,S 611,Caring for Survivors Act of 2025,['bill'],[],119,United States,upper
ocd-bill/99889d5f-e864-4607-a3a6-df37a83beb70,S 617,OPIOIDS Act,['bill'],[],119,United States,upper
ocd-bill/fd41e7a3-a1e8-4f77-a937-13a71bfddfa6,S 620,Veterinary Services to Improve Public Health in Rural Communities Act,['bill'],[],119,United States,upper
ocd-bill/86a00a8f-0bb0-4fd4-bca1-944bc39f79c0,S 616,Foundation of the Federal Bar Association Charter Amendments Act of 2025,['bill'],[],119,United States,upper
ocd-bill/8d4d70e4-eda9-4ff0-ae2a-1ca38c8dd63d,S 622,Leech Lake Reservation Restoration Amendments Act of 2025,['bill'],[],119,United States,upper
ocd-bill/544896f0-b92e-4653-a3ae-67dc6c55b64a,S 605,CHAMPVA Children's Care Protection Act of 2025,['bill'],[],119,United States,upper
ocd-bill/50e2cc2f-2e54-41ad-b772-28af49e78cee,S 612,"A bill to amend the Native American Tourism and Improving Visitor Experience Act to authorize grants to Indian tribes, tribal organizations, and Native Hawaiian organizations, and for other purposes.",['bill'],[],119,United States,upper
ocd-bill/31215146-28d5-48a0-95f9-1fa316139881,S 607,Improving Veteran Access to Care Act,['bill'],[],119,United States,upper
ocd-bill/44435488-cfda-47c5-a144-eab7eaf67aea,S 610,Ensuring VetSuccess On Campus Act of 2025,['bill'],[],119,United States,upper
ocd-bill/b8668ef5-dd6f-4aba-b5ff-7f4788396b4f,S 618,Protecting America’s Agricultural Land from Foreign Harm Act of 2025,['bill'],[],119,United States,upper
ocd-bill/330385e1-5b60-4d83-99d3-b9dc3c3ce3e9,S 623,No IRIS Act of 2025,['bill'],[],119,United States,upper
ocd-bill/b0b8cea6-6f46-48ef-914c-c5ce6c4f83cf,S 614,"A bill to designate the area of Sumner Row between 16th Street and Northwest and L Street Northwest in Washington, District of Columbia, as ""Alexi Navalny Way"".",['bill'],[],119,United States,upper
ocd-bill/05366d19-883e-465f-b230-0510111ae110,S 625,Veterans Border Patrol Training Act,['bill'],[],119,United States,upper
ocd-bill/68bc3628-7d6d-494c-befd-e898b6dd2aaa,S 624,Equal COLA Act,['bill'],[],119,United States,upper
ocd-bill/528da6f0-d465-41e3-beb8-df8980639dff,S 621,"A bill to accept the request to revoke the charter of incorporation of the Lower Sioux Indian Community in the State of Minnesota at the request of that Community, and for other purposes.",['bill'],[],119,United States,upper
ocd-bill/f6f20b58-8338-46e6-9309-3c7bc3c9635b,S 608,IRS MATH Act of 2025,['bill'],[],119,United States,upper
ocd-bill/6ac56b40-afce-4268-9a17-9a4e10d33d6f,S 615,Chemical Tax Repeal Act,['bill'],[],119,United States,upper
ocd-bill/abaca796-6705-4aa8-a250-2a6e4e3f5241,S 613,Improving Flood and Agricultural Forecasts Act of 2025,['bill'],[],119,United States,upper
ocd-bill/ed29175c-ec03-4901-88a5-e8ec20a5cde6,S 619,Credit Freeze for Kids Act,['bill'],[],119,United States,upper
ocd-bill/b0d40478-671d-46bd-a65b-4ec92cd4737a,S 609,BRAVE Act of 2025,['bill'],[],119,United States,upper
ocd-bill/fe0b31bf-d5b6-4844-baa9-5703a0c82595,S 606,Contaminated Wells Relocation Act,['bill'],[],119,United States,upper
ocd-bill/7d9a91c7-b149-41ed-9986-e2878e17387b,HR 46,Rural Broadband Window of Opportunity Act,['bill'],[],119,United States,lower
ocd-bill/3a631b0f-05ee-449d-9353-fb6d8f5b9fc2,HR 72,TBI and PTSD Treatment Act,['bill'],[],119,United States,lower
ocd-bill/a58b70f0-dac9-4060-b4fa-cfea4e38830e,HR 88,Medical Innovation Acceleration Act of 2025,['bill'],[],119,United States,lower
ocd-bill/b1f475ef-1b0b-4566-9417-3c5ace4760cb,HR 67,Modernizing Retrospective Regulatory Review,['bill'],[],119,United States,lower
ocd-bill/8769f61f-13c2-4633-a130-e541543ee333,HR 37,Proposing a Federal debt limit amendment to the Constitution of the United States.,['bill'],[],119,United States,lower
ocd-bill/1107bf92-09e1-46f3-a502-2ef4a31f9866,HR 87,Protecting Our Children from the CDC Act,['bill'],[],119,United States,lower
ocd-bill/1b51ed90-a9b9-47b4-86b2-0445f60d8773,HR 94,"To terminate the designation of the Islamic Republic of Pakistan as a major non-NATO ally, and for other purposes.",['bill'],[],119,United States,lower
ocd-bill/babc24bc-8b5d-4bb1-a336-3913d84d73ef,HR 100,Protect the Gig Economy Act of 2025,['bill'],[],119,United States,lower
ocd-bill/6268481a-68c0-48ae-a64e-ab1100a9ebe7,HR 92,Strategic Production Response and Implementation Act,['bill'],[],119,United States,lower
ocd-bill/13a76573-c003-4d8d-941c-95491bd32a76,HR 89,Prescription Freedom Act of 2025,['bill'],[],119,United States,lower
ocd-bill/0d76bf70-554d-43d3-8ea6-87eceb93304f,HR 93,Stop Imposing Woke Ideology Abroad Act,['bill'],[],119,United States,lower
ocd-bill/b4e7ee93-89c9-4ea6-8256-c17a6d188e76,HR 149,Lead by Example Act of 2025,['bill'],[],119,United States,lower
ocd-bill/2868a0bb-bd47-454c-81d5-846a6fb8d01e,HR 101,Judicial Administration and Improvement Act of 2025,['bill'],[],119,United States,lower
ocd-bill/63179ba9-5381-41ca-bd5e-bdcf13a563b3,HR 74,Freedom for Families Act,['bill'],[],119,United States,lower
ocd-bill/e03669bb-3352-4355-947e-da238094c93b,S 329,Keeping Drugs Out of Schools Act of 2025,['bill'],[],119,United States,upper
ocd-bill/3a374024-763e-435a-8369-dae51b83bd1a,S 351,STEWARD Act of 2025,['bill'],[],119,United States,upper
ocd-bill/e97f634b-119a-4866-aee6-ba22fac67e54,S 341,Smoke and Heat Ready Communities Act of 2025,['bill'],[],119,United States,upper
ocd-bill/1cc32b5f-1e88-45ba-abfa-ff45aaecf6d8,S 347,Brownfields Reauthorization Act of 2025,['bill'],[],119,United States,upper
ocd-bill/bc06ca4b-e668-4425-a23f-fe465276bd3d,SRES 47,"A resolution designating January 30, 2025, as ""Fred Korematsu Day of Civil Liberties and the Constitution"".",['resolution'],[],119,United States,upper
ocd-bill/cf433fce-b9f9-4175-a13a-abf47fbcae07,S 68,Complete COVID Collections Act,['bill'],[],119,United States,upper
ocd-bill/2fb4e25d-e7d0-4874-bc6e-bc86bcdb8237,SRES 48,A resolution congratulating The Ohio State University football team for winning the 2025 College Football Playoff National Championship.,['resolution'],[],119,United States,upper
ocd-bill/7c55307f-325f-4043-9030-647655fe29ca,SRES 50,"A resolution designating the week of February 3 through 7, 2025, as ""National School Counseling Week"".",['resolution'],[],119,United States,upper
ocd-bill/d2d1390d-8931-4c65-ac84-6a1ec7cc64c0,SRES 49,"A resolution designating the week beginning February 3, 2025, as ""National Tribal Colleges and Universities Week"".",['resolution'],[],119,United States,upper
ocd-bill/8231f630-bacb-4c6a-b6af-a22e3b60c211,SJRES 8,"A joint resolution providing for congressional disapproval under chapter 8 of title 5, United States Code, of the rule submitted by the Department of Homeland Security relating to ""Increase of the Automatic Extension Period of Employment Authorization and Documentation for Certain Employment Authorization Document Renewal Applicants"".",['resolution'],[],119,United States,upper
ocd-bill/c6922a7b-2a28-4b4d-9941-845252e0d259,S 338,Fred Korematsu Congressional Gold Medal Act of 2025,['bill'],[],119,United States,upper
ocd-bill/96fe126a-a079-4d90-8292-eef628dd7616,S 352,Disaster Assistance Fairness Act,['bill'],[],119,United States,upper
ocd-bill/493fc745-12f5-45fd-9ed4-2825a9948bca,S 328,Stop Sports Blackouts Act,['bill'],[],119,United States,upper
ocd-bill/ca6e8c6e-7713-4d50-b393-b8eb7b2f0597,S 331,HALT Fentanyl Act,['bill'],[],119,United States,upper
ocd-bill/d10d8ea7-2b6f-4e90-808a-5fb9f1eb470f,S 334,American Values Act,['bill'],[],119,United States,upper
ocd-bill/26f6f2b7-7b97-407f-953f-eb80b9e1a1aa,SJRES 9,"A joint resolution providing for congressional disapproval under chapter 8 of title 5, United States Code, of the rule submitted by the Commodity Futures Trading Commission relating to ""Commission Guidance Regarding the Listing of Voluntary Carbon Credit Derivative Contracts"".",['resolution'],[],119,United States,upper
ocd-bill/95a3fdae-a210-4cdd-b154-2cc57c7abb3e,S 343,Keep Our PACT Act,['bill'],[],119,United States,upper
ocd-bill/0ba56ea1-41c7-45ae-b47c-16d12a905d35,S 336,Disaster Mitigation and Tax Parity Act of 2025,['bill'],[],119,United States,upper
ocd-bill/f002b08f-41bb-45b4-831c-f7f66a3fa37b,S 348,STABLE Trade Policy Act,['bill'],[],119,United States,upper
ocd-bill/e039b2c1-6914-4d5f-92cc-0a96a0be9f4c,S 345,SHUSH Act,['bill'],[],119,United States,upper
ocd-bill/49c1a24a-02b6-43b4-a719-dd02f2101d04,S 326,American Music Fairness Act,['bill'],[],119,United States,upper
ocd-bill/b0749ae8-b8d7-4d0d-ae72-a77837452635,S 333,Homeowner Energy Freedom Act,['bill'],[],119,United States,upper
ocd-bill/8841c182-5dff-450c-a71d-233740d061f7,S 330,CCP IP Act,['bill'],[],119,United States,upper
ocd-bill/891cd826-16eb-4538-b138-f8be8cc51e6a,S 346,Knife Owners’ Protection Act of 2025,['bill'],[],119,United States,upper
ocd-bill/fed183bb-7303-4f78-9c03-5146114bec12,S 332,Holocaust Education and Antisemitism Lessons Act,['bill'],[],119,United States,upper
ocd-bill/db47ccb8-2be3-4236-a449-4c046d7379e8,S 350,Wildfire Emergency Act of 2025,['bill'],[],119,United States,upper
ocd-bill/5e6c9a23-d187-4092-be4a-f2d9ef3d9fb5,S 337,Household Goods Shipping Consumer Protection Act,['bill'],[],119,United States,upper
ocd-bill/29b4ba26-4d99-4fb8-a074-00eb419b255d,S 342,Purple Heart Veterans Education Act of 2025,['bill'],[],119,United States,upper
ocd-bill/b4dfdbed-95cc-4bbe-8421-fd1ff361742c,S 349,Fire-Safe Electrical Corridors Act of 2025,['bill'],[],119,United States,upper
ocd-bill/d064a2ce-f3af-48e6-9e0a-a83015513856,S 335,Rural Hospital Support Act,['bill'],[],119,United States,upper
ocd-bill/ec0937d2-1a00-4f01-bb8c-4ab169ce9603,S 340,African Diaspora Heritage Month Act of 2025,['bill'],[],119,United States,upper
ocd-bill/18ccad53-12c5-4b04-a022-b6830c8184c4,S 327,HONOR Act,['bill'],[],119,United States,upper
ocd-bill/923db01b-ab4b-4693-8738-8aebaef84fad,HR 148,Keep Your Coins Act of 2025,['bill'],[],119,United States,lower
ocd-bill/79523758-362e-45bb-bea2-12a7bccb1eb1,HR 106,LIST Act of 2025,['bill'],[],119,United States,lower
ocd-bill/ebaa8d63-76a6-4428-8e0c-474744b32cfd,HR 121,No Vaccine Passports Act,['bill'],[],119,United States,lower
ocd-bill/107b35f8-167e-483f-94e5-c652854a90ab,HR 123,Improving Science in Chemical Assessments Act,['bill'],[],119,United States,lower
ocd-bill/ab542183-572a-4a50-829a-1bb139695213,HR 127,Protection from Obamacare Mandates and Congressional Equity Act,['bill'],[],119,United States,lower
ocd-bill/5cb48687-03a5-4686-b47a-510ef299eddd,HR 104,Protecting Arizona from Federal Land Grabs Act,['bill'],[],119,United States,lower
ocd-bill/33300ce3-f0ad-4b93-8976-786db2a654ed,HR 117,Fourth Amendment Restoration Act,['bill'],[],119,United States,lower
ocd-bill/e55b9f77-8e12-497c-b345-857342261b81,HR 107,Return to Work Act,['bill'],[],119,United States,lower
ocd-bill/7a8fc363-b277-4fe1-8619-e0c29d9c2a59,HR 102,American Sovereignty and Species Protection Act of 2025,['bill'],[],119,United States,lower
ocd-bill/906155b0-6125-432a-ad52-44a85893b86f,HR 98,End Endless Criminal Statutes Act,['bill'],[],119,United States,lower
ocd-bill/5c6f83d2-a24c-436d-bfe9-49595356756a,HR 155,Let America Vote Act,['bill'],[],119,United States,lower
ocd-bill/7b63cb18-719a-4598-afd1-ff07e2b87af2,HR 188,Amtrak Transparency and Accountability for Passengers and Taxpayers Act,['bill'],[],119,United States,lower
ocd-bill/5ae18487-7ec8-4fd0-915a-edb386808d88,HR 125,Limiting Emergency Powers Act of 2025,['bill'],[],119,United States,lower
ocd-bill/8010a5d9-fc34-4c40-bbe9-d6286933c5f2,HR 122,Original LAW Act,['bill'],[],119,United States,lower
ocd-bill/c61b519a-bf2d-494a-8662-01d9378195f6,HR 105,Increasing Public Access to Recreation Act,['bill'],[],119,United States,lower
ocd-bill/2615917a-c260-4b78-a636-7376f1022778,HR 1624,Supporting Farm Operations Act of 2025,['bill'],[],119,United States,lower
ocd-bill/fc1d8bd3-3d6a-48cc-ab9e-c1f1cc0e1910,HR 1606,Making the CFPB Accountable to Small Businesses Act of 2025,['bill'],[],119,United States,lower
ocd-bill/a5d88afc-8228-4fd8-88f9-f7876dc10778,HR 1613,Protecting Mushroom Farmers Act,['bill'],[],119,United States,lower
ocd-bill/a4890c47-bae5-4c8d-9c9b-a1e2994d18e2,HR 1625,Haiti Economic Lift Program Extension Act of 2025,['bill'],[],119,United States,lower
ocd-bill/7c7a22ac-7c0c-4ad8-a42e-9425dbf8dd03,HR 1588,Facilitating DIGITAL Applications Act,['bill'],[],119,United States,lower
ocd-bill/3fb5305a-6c31-4e1f-b93f-4dcf41cc85f9,HR 1633,Workforce Reentry Act,['bill'],[],119,United States,lower
ocd-bill/852af94d-cb27-4f2e-9227-4a37e57d84ba,HR 1562,To amend the 21st Century Cures Act to expressly authorize the use of certain grants to implement substance use disorder and overdose prevention activities with respect to fentanyl and xylazine test strips.,['bill'],[],119,United States,lower
ocd-bill/4fe91a87-97e9-4f80-b5d6-66120fde9e98,HR 1563,STOP Fentanyl and Xylazine Act,['bill'],[],119,United States,lower
ocd-bill/84d0ac95-f9bb-4ee1-9bdc-345d780a4d54,S 868,MEGOBARI Act,['bill'],[],119,United States,upper
ocd-bill/45e18425-ba88-4f06-a03b-2cd51de05572,S 872,Stop Secret Spending Act of 2025,['bill'],[],119,United States,upper
ocd-bill/82ce8d02-9f86-4973-8160-9e98ee749891,HR 1559,Postal Employee Appeal Rights Amendment Act of 2025,['bill'],[],119,United States,lower
ocd-bill/81f7a8d0-0f2b-459c-8191-bdea12cfba62,HR 1599,Dismantling Investments in Violation of Ethical Standards through Trusts Act,['bill'],[],119,United States,lower
ocd-bill/205cff3f-9848-4fee-84fd-1e52637c3700,HJRES 62,"Providing for congressional disapproval under chapter 8 of title 5, United States Code, of the rule submitted by the Bureau of Ocean Energy Management relating to ""Protection of Marine Archaeological Resources"".",['resolution'],[],119,United States,lower
ocd-bill/85fe13db-9b0f-4727-874e-7d5b6b64bc2c,HR 767,FLASH Act of 2025,['bill'],[],119,United States,lower
ocd-bill/d106627e-f232-489c-997c-e89de5e6e604,HR 790,"To amend title 38, United States Code, to authorize an individual who is awarded the Purple Heart for service in the Armed Forces to transfer unused Post-9/11 Educational Assistance to a family member, and for other purposes.",['bill'],[],119,United States,lower
ocd-bill/56fcbe06-a1e7-4738-b681-8e0222b3f9ec,HR 780,Alexandra’s Law Act of 2025,['bill'],[],119,United States,lower
ocd-bill/c9ae3b30-2ba7-4e92-b02e-7d17cad46cf7,HR 775,No Net Gain in Federal Lands Act of 2025,['bill'],[],119,United States,lower
ocd-bill/6add504b-f1bd-4b68-ad22-8c6ccbe2978d,HR 760,Restoring Access to Mountain Homes Act,['bill'],[],119,United States,lower
ocd-bill/8ebe4166-870b-4a59-9809-36d569cdf637,HR 813,Funding is Zero for Zero Nutrition Options (FIZZ-NO) Act of 2025,['bill'],[],119,United States,lower
ocd-bill/6932998a-6cb1-4c17-ba22-681b5136588f,HR 191,Inflation Reduction Act of 2025,['bill'],[],119,United States,lower
ocd-bill/332eb37a-6a6e-4fa0-983d-6dc595ce8b74,HR 159,CLEAN Public Service Act,['bill'],[],119,United States,lower
ocd-bill/2cdf013c-1f37-4446-ae9a-12915a769fe3,HR 193,Maintaining Innovation and Safe Technologies Act,['bill'],[],119,United States,lower
ocd-bill/99a9e931-4ecc-4011-90f1-f33382ddf151,HR 190,SEND THEM BACK Act of 2025,['bill'],[],119,United States,lower
ocd-bill/56b98d99-88c5-442c-a6a6-0150c072ab6a,HR 63,ALVIN Act,['bill'],[],119,United States,lower
ocd-bill/bc5dec23-9170-4596-aad6-c509b7c67fde,HR 99,Protecting Businesses From Frivolous COVID Lawsuits Act of 2025,['bill'],[],119,United States,lower
ocd-bill/672a3095-cbb6-4fde-8d13-c31f7e0659a2,HR 154,Election Day Act,['bill'],[],119,United States,lower
ocd-bill/a3ef9117-6392-4916-8404-7252c1396f75,HR 62,WILLIS Act,['bill'],[],119,United States,lower
ocd-bill/25deff13-ca7b-48a3-8549-2b6183acf2c8,HR 161,New Source Review Permitting Improvement Act,['bill'],[],119,United States,lower
ocd-bill/31a6e81f-6905-4c04-b476-d761a64cb12e,HR 904,No Tax on Social Security,['bill'],[],119,United States,lower
ocd-bill/4d18f712-0634-4d69-a6d5-60cba8a09f2e,HR 662,Promoting Domestic Energy Production Act,['bill'],[],119,United States,lower
ocd-bill/d8976f93-9ee3-463c-9271-6563f8fea1f3,HR 906,Foreign Adversary Communications Transparency Act,['bill'],[],119,United States,lower
ocd-bill/d82b0e5e-3130-46f0-b820-69be5bacd80b,HR 886,Beat Bad Bureaucrats Act,['bill'],[],119,United States,lower
ocd-bill/0a394b0a-593c-48fd-8192-ba5f078fc16c,HR 837,"To require the Secretary of Agriculture to convey the Pleasant Valley Ranger District Administrative Site to Gila County, Arizona.",['bill'],[],119,United States,lower
ocd-bill/7de3ad99-47ef-46ce-8009-40df71de5acf,HR 866,ROUTERS Act,['bill'],[],119,United States,lower
ocd-bill/a57106fb-1235-47bf-88a5-711bb6823eac,HR 897,Aviation-Impacted Communities Act,['bill'],[],119,United States,lower
ocd-bill/b8062985-79de-450b-a6e6-9c1e13a44c47,HR 889,Deliver Housing Now Act of 2025,['bill'],[],119,United States,lower
ocd-bill/3577abc0-2161-4f38-83be-77090867b3bd,HR 907,Northern Montana Water Security Act of 2025,['bill'],[],119,United States,lower
ocd-bill/389d2e7e-0952-4e36-a057-b229314c0842,HRES 79,Providing amounts for the expenses of the Committee on Veterans' Affairs in the One Hundred Nineteenth Congress.,['resolution'],[],119,United States,lower
ocd-bill/e7fc9f63-9220-4d52-bf73-042b33710dba,HRES 89,Providing amounts for the expenses of the Committee on Agriculture in the One Hundred Nineteenth Congress.,['resolution'],[],119,United States,lower
ocd-bill/bff361de-9a44-42a8-aa09-619536c88eae,HR 851,DOT Victim and Survivor Advocate Act,['bill'],[],119,United States,lower
ocd-bill/b62b47e8-6dab-4815-87d8-bb24109b2b44,HR 836,Emergency Wildfire Fighting Technology Act of 2025,['bill'],[],119,United States,lower
ocd-bill/eef5b0e0-a2ba-4296-ba90-31c785e3d74b,HR 858,REVIVE VI Act,['bill'],[],119,United States,lower
ocd-bill/9494c293-e640-4f37-acdc-2f550ba64957,HR 832,Small Business Advocacy Improvements Act of 2025,['bill'],[],119,United States,lower
ocd-bill/3bd57d63-ab4a-4f57-92f1-7dc8a6ab5bbf,HR 867,IGO Anti-Boycott Act,['bill'],[],119,United States,lower
ocd-bill/b0506129-1978-45b7-89a5-565ca86b2e1d,HR 831,Lower Colorado River Multi-Species Conservation Program Amendment Act of 2025,['bill'],[],119,United States,lower
ocd-bill/8c40c557-b750-4729-aa20-3189d44098a8,HR 893,Working Families Housing Tax Credit Act,['bill'],[],119,United States,lower
ocd-bill/85522e25-e0b4-4633-8d9f-7c91176e7ccc,HJRES 32,"Expressing support for designation of the week of February 3, 2025, through February 7, 2025, as ""National School Counseling Week"".",['resolution'],[],119,United States,lower
ocd-bill/845f2df8-e958-40d4-9c52-c453573d2ed6,HR 852,Expanded Food Safety Investigation Act of 2025,['bill'],[],119,United States,lower
ocd-bill/1744cfb1-f80f-4f98-bf9b-445fc89b9acb,HR 830,SAFE Act,['bill'],[],119,United States,lower
ocd-bill/6302d10f-f33d-461e-867b-bae4e0bd2245,HR 838,A PLUS Act,['bill'],[],119,United States,lower
ocd-bill/a6358b7f-9c35-4273-a3c0-a2d397440115,HR 896,Expanding Access to High-Impact Tutoring Act of 2025,['bill'],[],119,United States,lower
ocd-bill/2bad3b56-e108-4d55-a997-84352e3487ec,HR 887,Lower Grocery Prices Act,['bill'],[],119,United States,lower
ocd-bill/63c56e27-dde5-4212-b20e-ce6c23a1850d,HR 880,Household Goods Shipping Consumer Protection Act,['bill'],[],119,United States,lower
ocd-bill/094e09ee-0563-4442-a6a1-ffe3d818292e,HR 871,RULES Act,['bill'],[],119,United States,lower
ocd-bill/0cedc267-ec32-41e5-9de0-e78367fc8656,HR 845,Pet and Livestock Protection Act of 2025,['bill'],[],119,United States,lower
ocd-bill/2ed57e76-6500-485b-93b3-affceaef2f40,HR 840,"To provide that the final rule of the United States Fish and Wildlife Service titled ""Endangered and Threatened Wildlife and Plants; Endangered Species Status With Critical Habitat for Guadalupe Fatmucket, Texas Fatmucket, Guadalupe Orb, Texas Pimpleback, Balcones Spike, and False Spike, and Threatened Species Status With Section 4(d) Rule and Critical Habitat for Texas Fawnsfoot"" shall have no force or effect.",['bill'],[],119,United States,lower
ocd-bill/b7323f2c-9b08-44bf-b8c6-acd9e42ae429,HR 863,National Human Trafficking Database Act,['bill'],[],119,United States,lower
ocd-bill/aa107904-4035-4778-b8b7-54e2eac4d300,HR 883,Counter SNIPER Act,['bill'],[],119,United States,lower
ocd-bill/65082e82-df48-420f-b139-443325ee91c6,HR 891,Pro-Housing Act of 2025,['bill'],[],119,United States,lower
ocd-bill/4594dbb9-a845-4025-ac8b-254c63c65630,HR 884,To prohibit individuals who are not citizens of the United States from voting in elections in the District of Columbia and to repeal the Local Resident Voting Rights Amendment Act of 2022.,['bill'],[],119,United States,lower
ocd-bill/9b174788-f1b5-48c9-ac6d-73fc75d461f8,HR 899,To terminate the Department of Education.,['bill'],[],119,United States,lower
ocd-bill/5551d4c1-b4da-4afe-93dd-d2127b013d4c,HR 829,Fighting Budget Waste Act,['bill'],[],119,United States,lower
ocd-bill/f4c59719-573d-4214-b789-4641c405182d,HR 895,Ensuring Justice for Victims of Partial-Birth Abortion Act,['bill'],[],119,United States,lower
ocd-bill/74ca3f40-01f5-450e-8346-7431ab38c036,HR 878,Katrina and Leslie Schaller Act,['bill'],[],119,United States,lower
ocd-bill/f484951f-b854-48da-8a60-e18658c1b2ab,HR 890,Stopping Pharma’s Ripoffs and Drug Savings For All Act,['bill'],[],119,United States,lower
ocd-bill/735888f3-9c53-476d-9ef8-dd7e6ac0c6f7,HR 862,TSA Commuting Fairness Act,['bill'],[],119,United States,lower
ocd-bill/ee8feceb-79e0-48d5-9948-28d1c272fab6,HR 841,"To amend title 54, United States Code, to prohibit the acquisition of land, water, or an interest in land or water from a private landowner using amounts made available under the Land and Water Conservation Fund.",['bill'],[],119,United States,lower
ocd-bill/77e4e135-f8bb-4258-8c53-45e321f7b513,HR 859,Informing Consumers about Smart Devices Act,['bill'],[],119,United States,lower
ocd-bill/a896666e-c9a2-462d-a4ff-61106a5fbcb1,HR 894,Keeping Drugs Out of Schools Act of 2025,['bill'],[],119,United States,lower
ocd-bill/0de94846-0207-43b3-832b-0b2da4e65393,HR 856,Safe and Smart Federal Purchasing Act,['bill'],[],119,United States,lower
ocd-bill/ae4cc201-35d3-4db7-ac84-116c5190b133,HR 905,EITC Modernization Act,['bill'],[],119,United States,lower
ocd-bill/89048154-960c-48cd-9212-a375d7c0245a,HR 849,No Regulation Through Litigation Act of 2025,['bill'],[],119,United States,lower
ocd-bill/2004a6ee-3387-4c23-9e5f-161916b03d31,HR 892,Mortgage Rate Reduction Act,['bill'],[],119,United States,lower
ocd-bill/42355305-3909-4d11-9a9e-17c9275b3f31,HR 865,Service-Disabled Veteran Opportunities in Small Business Act,['bill'],[],119,United States,lower
ocd-bill/68a01d05-9f40-4d9b-99e7-c60f0d2f5829,HR 872,Federal Contractor Cybersecurity Vulnerability Reduction Act of 2025,['bill'],[],119,United States,lower
ocd-bill/a7839971-37f2-40b1-91aa-eb3a55c3a454,HR 847,BLOCK Act,['bill'],[],119,United States,lower
ocd-bill/63ff4f6c-381a-4d41-a350-87f058f67431,HR 860,Congressional Award Program Reauthorization Act,['bill'],[],119,United States,lower
ocd-bill/696115d2-7ec0-4847-9c9d-9cc5694e3861,HR 850,SHUSH Act,['bill'],[],119,United States,lower
ocd-bill/4dd651d5-d6fd-4ff1-a812-72247519ba91,HR 864,Freedom to Cooperate Act,['bill'],[],119,United States,lower
ocd-bill/678ade09-8f65-461a-8bd6-2021514e6815,HR 903,Smoke and Heat Ready Communities Act of 2025,['bill'],[],119,United States,lower
ocd-bill/ca4d9822-e4c8-47a5-b6c6-967fc5d9132b,HR 900,Sinkhole Mapping Act of 2025,['bill'],[],119,United States,lower
ocd-bill/819473e2-c547-4dfb-88c4-9e4110289240,HR 857,"To designate the facility of the United States Postal Service located at 4400 East Paisano Drive in El Paso, Texas, as the ""Enedina Sanchez Cordero Post Office Building"".",['bill'],[],119,United States,lower
ocd-bill/60bc5a08-0b64-4f53-8b42-58ff1e55c316,HR 861,American Music Fairness Act of 2025,['bill'],[],119,United States,lower
ocd-bill/9085985f-a50e-4d92-a17a-7e28ae985892,HR 843,Prompt Approval of Safe Generic Drugs Act,['bill'],[],119,United States,lower
ocd-bill/50ccbfbf-5459-4327-8fe8-3a01d5831bbc,HR 834,Disaster Assistance Fairness Act,['bill'],[],119,United States,lower
ocd-bill/bf25ddd5-028e-44ac-8556-57b157c21fd8,HR 873,"To amend title 10, United States Code, to modify the rate of pay for care or services provided under the TRICARE program based on the location at which such care or services were provided.",['bill'],[],119,United States,lower
ocd-bill/7179e0e9-faff-47db-b8a6-3a5130671e43,HR 902,RECOGNIZING Judea and Samaria Act,['bill'],[],119,United States,lower
ocd-bill/8bdaf00f-0445-4a2b-9f3a-95c38c73c2a6,HR 848,Voluntary Food Climate Labeling Act,['bill'],[],119,United States,lower
ocd-bill/40fd86c5-618a-4e1d-a25a-6451ccd647a2,HR 885,Drug Cartel Terrorist Designation Act,['bill'],[],119,United States,lower
ocd-bill/7f6318da-89e2-400c-bbda-86256d873fc9,HR 888,Stop Sports Blackouts Act of 2025,['bill'],[],119,United States,lower
ocd-bill/824dbb3e-58ec-415c-a303-421af47834d0,HR 855,Housing Innovation Act,['bill'],[],119,United States,lower
ocd-bill/7a2e6d9f-0df6-4fb9-84e6-76dcdf829887,HR 835,9/11 Memorial and Museum Act,['bill'],[],119,United States,lower
ocd-bill/fcec2c01-b1c9-49f3-ac7b-5612e911578e,HJRES 31,"Proposing an amendment to the Constitution of the United States to prohibit persons who are not citizens, nationals, or lawful permanent residents of the United States from voting in elections.",['resolution'],[],119,United States,lower
ocd-bill/593c481d-9ef7-410f-8635-ba7ca679b988,HR 898,Aviation Noise and Emissions Mitigation Act,['bill'],[],119,United States,lower
ocd-bill/11c301a2-205e-4c3c-9466-a7b5aabdf338,HR 839,To prohibit the implementation of a Land Protection Plan for Muleshoe National Wildlife Refuge.,['bill'],[],119,United States,lower
ocd-bill/9514fd15-1d8c-4a14-a707-52ca6e2c1f45,HR 901,Research Security and Accountability in DHS Act,['bill'],[],119,United States,lower
ocd-bill/512c9828-5753-41e6-8d22-a06272541bcb,HR 882,No Foreign Persons Administering Our Elections Act,['bill'],[],119,United States,lower
ocd-bill/a8481b5b-0ce4-4d53-8f8c-704af2610b7d,HR 853,Assistance for Local Heroes During Train Crises Act,['bill'],[],119,United States,lower
ocd-bill/12662315-111d-4af9-becc-ae8b710a4427,HRES 85,Providing amounts for the expenses of the Committee on Energy and Commerce in the One Hundred Nineteenth Congress.,['resolution'],[],119,United States,lower
ocd-bill/0f6b1312-b85b-46b1-a834-b702697e488d,HRES 87,Commemorating the 80th anniversary of the liberation of the Auschwitz extermination camp in Nazi-occupied Poland and International Holocaust Remembrance Day.,['resolution'],[],119,United States,lower
ocd-bill/a3133702-5f58-44d6-986d-01c924300f35,HRES 88,"Supporting the designation of January 31, 2025, as ""Earned Income Tax Credit Awareness Day"".",['resolution'],[],119,United States,lower
ocd-bill/a2a58802-c8c3-46ab-adf2-c4ae7f434757,HRES 90,Providing amounts for the expenses of the Committee on Natural Resources in the One Hundred Nineteenth Congress.,['resolution'],[],119,United States,lower
ocd-bill/6cf5c06a-9258-40ab-a3e2-8dc47fc48735,HRES 84,Providing amounts for the expenses of the Committee on Transportation and Infrastructure in the One Hundred Nineteenth Congress.,['resolution'],[],119,United States,lower
ocd-bill/2837a432-7fe8-42c7-bcd5-472d91ffe482,HRES 81,Commending efforts to eradicate the wild poliovirus.,['resolution'],[],119,United States,lower
ocd-bill/ce4db47d-865c-4a65-bb40-8975a6d305eb,HRES 80,Providing amounts for the expenses of the Committee on Armed Services in the One Hundred Nineteenth Congress.,['resolution'],[],119,United States,lower
ocd-bill/427ae842-0136-40b4-a3e8-99701c474ee1,HRES 82,Providing amounts for the expenses of the Committee on Oversight and Government Reform in the One Hundred Nineteenth Congress.,['resolution'],[],119,United States,lower
ocd-bill/951d1026-21bd-429b-8f60-dff53749ce38,HRES 86,Providing amounts for the expenses of the Committee on the Judiciary in the One Hundred Nineteenth Congress.,['resolution'],[],119,United States,lower
ocd-bill/fd3f5b2f-7252-425e-9297-b026d4484d11,HRES 83,Providing amounts for the expenses of the Committee on Rules in the One Hundred Nineteenth Congress.,['resolution'],[],119,United States,lower
ocd-bill/43333418-d94f-441e-a3d9-25b5d4227998,HR 396,TRUST in Congress Act,['bill'],[],119,United States,lower
ocd-bill/9e5ffa54-4cf7-4060-95c1-fcabd112f338,HR 282,"To designate the facility of the United States Postal Service located at 107 North Hoyne Avenue in Fritch, Texas, as the ""Chief Zeb Smith Post Office"".",['bill'],[],119,United States,lower
ocd-bill/55f8598a-f35e-4e16-a4f6-a1676409b891,HR 1650,Telehealth Expansion Act of 2025,['bill'],[],119,United States,lower
ocd-bill/c4eee842-9422-42ba-ac57-083f47d8daf3,HR 2224,Tar Sands Tax Loophole Elimination Act,['bill'],[],119,United States,lower
ocd-bill/26bc7a57-b107-4f15-94ee-c8511e1ead48,HR 2331,Transparency in CFPB Cost-Benefit Analysis Act,['bill'],[],119,United States,lower
ocd-bill/1124471c-1633-47cd-ba9e-f4672fb86595,HR 2297,Taxpayer-Funded Union Time Transparency Act,['bill'],[],119,United States,lower
ocd-bill/72c7d9ff-88a7-49f2-88dc-cd078a88709b,HR 2215,Salem Maritime National Historical Park Redesignation and Boundary Study Act,['bill'],[],119,United States,lower
ocd-bill/1e26fbd4-64c3-473e-9c9c-606c9b0d87ad,HR 2185,Mink VIRUS Act,['bill'],[],119,United States,lower
ocd-bill/077b391a-3544-43cb-95de-9abf8ce3d887,HR 2312,Tipped Employee Protection Act,['bill'],[],119,United States,lower
ocd-bill/69af5de4-36ca-4a2f-8807-e8fe4b459a08,SRES 154,"A resolution expressing the sense of the Senate that Donald Trump is ineligible in any future elections to be elected Vice-President or President, or to serve as President beyond the conclusion of his current term.",['resolution'],[],119,United States,upper
ocd-bill/d86912ed-6b25-4e6f-81b4-f4dde40d09da,S 1281,A bill to establish a new nonimmigrant visa for mobile entertainment workers.,['bill'],[],119,United States,upper
ocd-bill/cace3235-ced5-41e3-8a13-978d6f598dab,S 1301,A bill to clarify the rights of Indians and Indian Tribes on Indian lands under the National Labor Relations Act.,['bill'],[],119,United States,upper
ocd-bill/61c5c33e-dac0-4a4d-b827-ed974f272b31,S 1276,A bill to prioritize funding for an expanded and sustained national investment in basic science research.,['bill'],[],119,United States,upper
ocd-bill/2293da92-8f7a-4368-bd6e-6cb6e0e831b0,S 1298,A bill to authorize the continuation of lawful nonimmigrant status for certain religious workers affected by the backlog for religious worker immigrant visas.,['bill'],[],119,United States,upper
ocd-bill/bcf70b18-594c-4f82-82e2-52ca9c2673fd,S 1280,"A bill to designate six creeks in North Carolina in honor of the lives lost in a plane crash in Carteret County, North Carolina, on February 13, 2022, and for other purposes.",['bill'],[],119,United States,upper
ocd-bill/52e5d3ed-3c72-480f-a8e4-562abb78e721,S 1097,Interagency Patent Coordination and Improvement Act of 2025,['bill'],[],119,United States,upper
ocd-bill/c77cb5ab-4e72-4a3b-8c1e-4182613d3fcb,S 1271,A bill to amend the Federal Agriculture Improvement and Reform Act of 1996 with respect to transitioning producers from the noninsured crop assistance program to the whole farm revenue insurance plan.,['bill'],[],119,United States,upper
ocd-bill/7ed5019c-f082-4172-90f7-650c8e6a80a7,S 163,Protecting Students on Campus Act of 2025,['bill'],[],119,United States,upper
ocd-bill/5f444d8a-32ef-4f9a-bf78-269f4d7567b8,HR 2310,To ensure that goods made using or containing cobalt refined in the People's Republic of China do not enter the United States market under the presumption that the cobalt is extracted or processed with the use of child and forced labor in the Democratic Republic of Congo.,['bill'],[],119,United States,lower
ocd-bill/85ea815d-db90-4614-a559-ed147e42d7e3,S 1278,"A bill to require the Under Secretary of Commerce for Oceans and Atmosphere to conduct a project to improve forecasts of coastal marine fog, and for other purposes.",['bill'],[],119,United States,upper
ocd-bill/cd4bd2ec-9d56-4ec4-b074-8c9cc93e19fe,S 1282,A bill to codify the Rural Hospital Technical Assistance Program of the Department of Agriculture.,['bill'],[],119,United States,upper
ocd-bill/f56c4d76-0185-4493-932a-5894e6dbddcb,HJRES 24,"Providing for congressional disapproval under chapter 8 of title 5, United States Code, of the rule submitted by the Department of Energy relating to ""Energy Conservation Program: Energy Conservation Standards for Walk-In Coolers and Walk-In Freezers"".",['resolution'],[],119,United States,lower
ocd-bill/119a06dc-4f5d-4000-a5ac-423d87d3e14a,S 1296,"A bill to amend the Higher Education Act of 1965 to strengthen disclosure requirements relating to foreign gifts and contracts, to prohibit contracts between institutions of higher education and certain foreign entities and countries of concern, and for other purposes.",['bill'],[],119,United States,upper
ocd-bill/a0b0809c-ff2f-42fb-8639-d77612020c39,S 1290,"A bill to expand the functions of the National Institute of Standards and Technology to include workforce frameworks for critical and emerging technologies, to require the Director of the National Institute of Standards and Technology to develop an artificial intelligence workforce framework, and periodically review and update the NICE Workforce Framework for Cybersecurity, and for other purposes.",['bill'],[],119,United States,upper
ocd-bill/2b831d39-90db-497d-ba52-16d3e039a3a6,S 1286,A bill to amend the Internal Revenue Code of 1986 to allow workers an above-the-line deduction for union dues and expenses and to allow a miscellaneous itemized deduction for workers for all unreimbursed expenses incurred in the trade or business of being an employee.,['bill'],[],119,United States,upper
ocd-bill/85e0f22a-b2d9-48c9-8455-29cc63e325d2,S 1272,"A bill to provide for notification to, and review by, Congress with respect to the imposition of duties.",['bill'],[],119,United States,upper
ocd-bill/ffd4c759-abba-4304-be10-f646b1efcb36,S 1299,"A bill to direct the Secretary of Housing and Urban Development, acting through the Assistant Secretary for Policy Development and Research, to publish guidelines and best practices for State zoning and local zoning frameworks, and for other purposes.",['bill'],[],119,United States,upper
ocd-bill/68a38e1f-5f46-4592-85aa-52dbd13c6f59,S 1293,A bill to require the approval of Congress for the President to impose duties on the importation of articles into the United States.,['bill'],[],119,United States,upper
ocd-bill/d07109f3-5cce-4bb5-a660-2fe4919e669a,S 1287,"A bill to establish a centralized system to allow individuals to request the simultaneous deletion of their personal information across all data brokers, and for other purposes.",['bill'],[],119,United States,upper
ocd-bill/07a092bb-5157-41a5-afb0-3d64e3c65eab,S 1277,A bill to amend part B of the Individuals with Disabilities Education Act to provide full Federal funding of such part.,['bill'],[],119,United States,upper
ocd-bill/c26076b7-99b8-4e71-94e0-33e51c83dcc7,S 1289,"A bill to require the Secretary of the Treasury to mint coins in commemoration of the 25th anniversary of the September 11, 2001, terrorist attacks on the United States and to support programs at the National September 11 Memorial and Museum at the World Trade Center.",['bill'],[],119,United States,upper
ocd-bill/4e5ad048-aff6-4080-a8a5-c212c42b1e4a,S 1302,A bill to provide for increased transparency in generic drug applications.,['bill'],[],119,United States,upper
ocd-bill/5282c4a7-707b-43a3-9d10-366af0d4326e,S 1283,"A bill to modernize Federal firearms laws to account for advancements in technology and less-than-lethal weapons, and for other purposes.",['bill'],[],119,United States,upper
ocd-bill/5f26ea50-f0c1-4e30-b7e1-124e57fab6bc,S 1279,A bill to redesignate the Hulls Cove Visitor Center at Acadia National Park as the George J. Mitchell Visitor Center.,['bill'],[],119,United States,upper
ocd-bill/e9051ba1-8fa2-449a-bd97-1e16cb1d09c9,S 1285,"A bill to amend part A of title IV of the Social Security Act to provide funding to sustain and increase the supply and quality of child care, access to child care, and the child care workforce, and for other purposes.",['bill'],[],119,United States,upper
ocd-bill/0553e7de-8b46-4f56-b6ac-86fb07a9af29,S 1275,A bill to provide Federal-local community partnership construction funding to local educational agencies eligible to receive payments under the Impact Aid program.,['bill'],[],119,United States,upper
ocd-bill/3f801c51-4756-4c7f-96d1-0438136708d9,S 1300,"A bill to reauthorize the Project Safe Neighborhoods Grant Program Authorization Act of 2018, and for other purposes.",['bill'],[],119,United States,upper
ocd-bill/ecbbc90b-ec23-4968-b61d-bd08d74e9ea9,S 1270,"A bill to amend the Public Health Service Act to ensure the consensual donation and respectful disposition of human bodies and human body parts donated or transferred for education, research, or the advancement of medical, dental, or mortuary science and not for use in human transplantation, and for other purposes.",['bill'],[],119,United States,upper
ocd-bill/2a5d4e53-bedb-44a7-89a1-ef0197a08220,HJRES 90,"Providing for congressional disapproval under chapter 8 of title 5, United States Code, of the rule submitted by the Commodity Futures Trading Commission relating to ""Commission Guidance Regarding the Listing of Voluntary Carbon Credit Derivative Contracts"".",['resolution'],[],119,United States,lower
ocd-bill/e6050162-4732-4a49-9b11-aa1c6240f001,SJRES 26,A joint resolution providing for congressional disapproval of the proposed foreign military sale to Israel of certain defense articles and services.,['resolution'],[],119,United States,upper
ocd-bill/6fffb36c-0ea4-4034-966e-17791fa368c9,S 1303,"A bill to permit the Smithsonian American Women's History Museum to be located within the Reserve of the National Mall, and for other purposes.",['bill'],[],119,United States,upper
ocd-bill/ce4956f7-8d5d-496a-ab87-ae6c18588c1f,S 1291,"A bill to identify and evaluate the compliance of foreign free trade zones with international standards, and for other purposes.",['bill'],[],119,United States,upper
ocd-bill/48698a31-63b9-4754-ae81-57b628cf03da,S 1273,"A bill to strengthen the authority of the United States Secret Service to investigate various crimes related to digital asset transactions and to counter transnational cyber criminal activity, including unlicensed money transmitting businesses, structured transactions, and fraud against financial institutions, and for other purposes.",['bill'],[],119,United States,upper
ocd-bill/1358f59f-16c8-4681-a858-54a706d28553,HCONRES 25,Expressing the sense of Congress that Trump administration tariffs on Mexico and Canada are in violation of the United States of America-Mexico-Canada Agreement.,['resolution'],[],119,United States,lower
ocd-bill/5369f650-ba66-41c7-98e2-cd8f72bcee36,S 1288,"A bill to amend the John D. Dingell, Jr. Conservation, Management, and Recreation Act to designate as a component of the National Heritage Area System the Finger Lakes National Heritage Area in the State of New York, and for other purposes.",['bill'],[],119,United States,upper
ocd-bill/8c3680f5-6197-4975-973d-53c5cc15d422,S 1297,"A bill to provide counsel for unaccompanied children, and for other purposes.",['bill'],[],119,United States,upper
ocd-bill/9a23749e-799a-49c9-905e-55d20535cb54,S 1304,"A bill to permit the Smithsonian National Museum of the American Latino to be located within the Reserve of the National Mall, and for other purposes.",['bill'],[],119,United States,upper
ocd-bill/667001aa-d834-4986-a641-e8c97bade7b7,HRES 292,"Supporting the goals and ideals of ""Financial Literacy Month"".",['resolution'],[],119,United States,lower
ocd-bill/647ad147-227b-4f61-ac33-5126dacae290,HR 650,Families’ Rights and Responsibilities Act,['bill'],[],119,United States,lower
ocd-bill/d23f1af5-6935-44c5-b3cf-a1b8280a7543,S 1274,A bill to prohibit the export of liquified natural gas and petroleum products to certain countries.,['bill'],[],119,United States,upper
ocd-bill/4b2a7975-4d36-4078-997d-4bfe553196b2,S 1284,"A bill to permanently extend the exemption from the engine compartment portion of the pre-trip vehicle inspection skills testing requirement for school bus drivers, and for other purposes.",['bill'],[],119,United States,upper
ocd-bill/c48bc683-0b7d-4fb4-af96-baa763d0f320,S 1292,A bill to permanently authorize the exemption of aliens working as fish processors from the numerical limitation on H-2B nonimmigrant visas.,['bill'],[],119,United States,upper
ocd-bill/3ca69076-4028-402c-b7a2-6ccd362b64e5,HR 821,Fred Korematsu Congressional Gold Medal Act of 2025,['bill'],[],119,United States,lower
ocd-bill/8c3a0c3b-3dab-4a81-b851-f61b9a68b0ee,HR 814,Defund the CFPB Act,['bill'],[],119,United States,lower
ocd-bill/bc4d245e-13bd-4049-9461-61a8a1c285bb,HR 1569,CATCH Fentanyl Act,['bill'],[],119,United States,lower
ocd-bill/3a103e05-fa12-4e65-8cfd-d0730a251f38,HR 1560,Postal Supervisors and Managers Fairness Act of 2025,['bill'],[],119,United States,lower
ocd-bill/117ade8e-34df-47c9-affc-f97f51efe9dc,HR 1586,WOSB Certification Expansion and Opportunity Act,['bill'],[],119,United States,lower
ocd-bill/546d8b0c-a5e4-4e09-8985-18cbe01e5d8c,HR 1550,Strengthening America’s Turning Point Act,['bill'],[],119,United States,lower
ocd-bill/8f58c2db-c7e3-4b85-b57d-afcc4936b0c2,HR 2656,Removing Nitrate and Arsenic in Drinking Water Act,['bill'],[],119,United States,lower
ocd-bill/de8efcc6-7980-4066-a13f-ece741c5ce1a,HR 2644,Love Them Both Act of 2025,['bill'],[],119,United States,lower
ocd-bill/a6869ef0-5074-4d60-aca1-f1c31affde0b,HR 2647,"To direct the Secretary of Labor to issue nonmandatory guidance on reducing the threat of violence in the workplace, and for other purposes.",['bill'],[],119,United States,lower
ocd-bill/c1c3c6d3-0ced-4987-b7fe-174edf84f3d9,HR 2618,Federal Firearm Licensee Act,['bill'],[],119,United States,lower
ocd-bill/477caa25-dbc3-4f03-99e9-559931dd4ec6,HR 2627,Keep STEM Talent Act of 2025,['bill'],[],119,United States,lower
ocd-bill/d50f2033-50c9-4aac-a98d-b542ac464179,HR 2649,STOP Violence Act of 2025,['bill'],[],119,United States,lower
ocd-bill/7603f52b-acf7-4fea-924b-4ee07d9fbe4a,HR 2642,Improving Veterans Access to Congressional Services Act of 2025,['bill'],[],119,United States,lower
ocd-bill/6053608d-48fb-4ee0-af49-db5b012b176d,HR 2636,Making Insulin Affordable for All Children Act,['bill'],[],119,United States,lower
ocd-bill/f09773de-a23f-42ee-9011-228ef1c1dcfa,HR 2652,Bring Entrepreneurial Advancements To Consumers Here In North America Act,['bill'],[],119,United States,lower
ocd-bill/6b4a1945-9cc0-4cea-999e-b94bf4e86856,HR 2638,Women in Agriculture Act,['bill'],[],119,United States,lower
ocd-bill/bed06088-8a78-4f29-a813-219d74497882,HR 2646,"To require the evaluation of certain criteria relating to locations for deployment of successor radar systems of the National Weather Service, and for other purposes.",['bill'],[],119,United States,lower
ocd-bill/dda4279a-cd61-4e48-bb68-1cf35419fedd,HR 2632,TRICARE Equality Act,['bill'],[],119,United States,lower
ocd-bill/c4811ae5-6dfd-458e-a607-69284a5b58f2,HR 2619,No Paydays for Hostage-Takers Act,['bill'],[],119,United States,lower
ocd-bill/74cb0d09-a5da-49ae-a10d-12dcc6e3b235,HR 2625,VERY Act of 2025,['bill'],[],119,United States,lower
ocd-bill/abd00f97-5203-4298-9d34-2e13ca25cc51,HR 2623,Innovative Therapies Centers of Excellence Act of 2025,['bill'],[],119,United States,lower
ocd-bill/828eeaa0-90a0-4b91-8b47-d564a46afbbb,HR 2639,Telehealth Access for Tribal Communities Act of 2025,['bill'],[],119,United States,lower
ocd-bill/88071473-8d8c-4449-87cc-a1bb7d4fcee5,HR 2641,To amend the Illegal Immigration Reform and Immigrant Responsibility Act of 1996 to require all Federal contractors to participate in the E-verify program.,['bill'],[],119,United States,lower
ocd-bill/d5502348-651f-4104-b939-ccc23a6d080d,HR 2630,Youth Suicide Prevention Research Act,['bill'],[],119,United States,lower
ocd-bill/9b7827cf-9f0e-48f1-9485-f31226fbbf14,HR 2629,To provide Federal-local community partnership construction funding to local educational agencies eligible to receive payments under the Impact Aid program.,['bill'],[],119,United States,lower
ocd-bill/d0271cff-3f59-4783-bce1-93ad9ddf678d,HR 2616,PROTECT Kids Act,['bill'],[],119,United States,lower
ocd-bill/d6a3f95d-99cd-427b-99d1-d12f3e72535a,HR 2643,Haiti Criminal Collusion Transparency Act of 2025,['bill'],[],119,United States,lower
ocd-bill/95d627f4-e73b-4b0c-b496-3a75301e48ce,HR 2635,Uyghur Policy Act of 2025,['bill'],[],119,United States,lower
ocd-bill/b6cf0321-43a4-4011-9577-3a7e8b19a1bc,HR 2640,Brian Tally VA Employment Transparency Act of 2025,['bill'],[],119,United States,lower
ocd-bill/06e5c3e7-6853-4952-9a21-ff5c375cfab1,HR 2655,To amend the Internal Revenue Code of 1986 to sunset the Federal income tax on unemployment compensation.,['bill'],[],119,United States,lower
ocd-bill/e46a03a3-f54a-422d-b03c-c0f46ce5f504,HR 2620,Save Our Seas 2.0 Amendments Act,['bill'],[],119,United States,lower
ocd-bill/2fa8efab-2087-4088-970d-5835f4796a86,HR 2622,Russia-North Korea Cooperation Sanctions Act,['bill'],[],119,United States,lower
ocd-bill/304eada7-68b6-4714-a00c-981674351822,HR 2634,Free Speech On Campus Act,['bill'],[],119,United States,lower
ocd-bill/e13705a3-3a4b-4d6d-9f9f-d4ad64bad37b,HR 2654,Lifesaving Gear for Police Act of 2025,['bill'],[],119,United States,lower
ocd-bill/9f3ac2c7-8234-47f5-a7d5-f5339bae504a,HR 2633,U.S.-South Africa Bilateral Relations Review Act of 2025,['bill'],[],119,United States,lower
ocd-bill/c5f142e5-42ca-4198-a53c-8171006d072f,HR 2653,Manifest Modernization Act of 2025,['bill'],[],119,United States,lower
ocd-bill/3e7f1e38-802a-4075-b3dd-f95bea8a86ab,HR 2624,HUMBLE Act,['bill'],[],119,United States,lower
ocd-bill/578a5f1a-7c17-4013-900c-b5182e45ea0a,HR 2621,"To amend the Internal Revenue Code of 1986 to establish deductions for cash tips, repeal the inclusion of social security benefits in gross income, and for other purposes.",['bill'],[],119,United States,lower
ocd-bill/e609073e-69e6-4103-8a00-9f8d370f1252,HR 2650,End Gun Violence Act of 2025,['bill'],[],119,United States,lower
ocd-bill/0592e644-1097-49b9-8d08-cc25161e4688,HR 2645,Congressional Oversight of the Antiquities Act,['bill'],[],119,United States,lower
ocd-bill/e29131b0-cc07-49f7-ac6a-d37d8fb09dd1,HR 2631,Protecting Gold Star Spouses Act of 2025,['bill'],[],119,United States,lower
ocd-bill/ad817927-82cd-4f31-a8cc-abe6dcfbd094,HR 2658,"To require an interagency strategy to free Iraq from Iran, and for other purposes.",['bill'],[],119,United States,lower
ocd-bill/733694aa-0691-4c7d-b931-78992ef864b0,HR 2079,Insurance Fraud Accountability Act,['bill'],[],119,United States,lower
ocd-bill/8e70f256-37e9-40cb-b474-1f24c90ee045,HR 2626,PIGS Act of 2025,['bill'],[],119,United States,lower
ocd-bill/be7ea911-66c6-4214-b7d0-f65cb552fd15,HR 2657,Sammy’s Law,['bill'],[],119,United States,lower
ocd-bill/5f5cce46-cd60-495c-94d1-0c13cec43a2b,HR 2648,Secure Background Checks Act of 2025,['bill'],[],119,United States,lower
ocd-bill/93a6c3c3-745a-4451-bef4-ac52bd0484a7,HR 2651,To amend the Workforce Innovation and Opportunity Act to establish a State innovation demonstration authority.,['bill'],[],119,United States,lower
ocd-bill/8bb0acf4-005d-4b5e-ac3e-7611698fb9ce,HR 2617,Say No to Indoctrination Act,['bill'],[],119,United States,lower
ocd-bill/b02ae4f0-73c2-496b-9d4a-52bcbeadfd85,HR 2637,Home Run for Kids Act,['bill'],[],119,United States,lower
ocd-bill/c33cede1-8bb8-45ec-96b9-9f62d501474b,HR 2628,American Innovation Act,['bill'],[],119,United States,lower
ocd-bill/6be85823-7844-4194-9d6e-53bd0fa40c42,HR 1750,HEARD Act of 2025,['bill'],[],119,United States,lower
ocd-bill/9f5df234-4d11-4a5d-ae60-7aab035ded90,HR 1729,Bolts Ditch Act,['bill'],[],119,United States,lower
ocd-bill/7784f6e6-8779-46eb-b65d-ab03f68252d9,HR 1711,DHS Intelligence and Analysis Oversight and Transparency Act,['bill'],[],119,United States,lower
ocd-bill/8e951e7b-064a-4189-8dc7-cabef10f3a88,HR 1722,Billion Dollar Boondoggle Act of 2025,['bill'],[],119,United States,lower
ocd-bill/038be2b6-4ce7-4575-9929-d1370cd9a17f,HR 1739,Higher Education Reform and Opportunity Act,['bill'],[],119,United States,lower
ocd-bill/1c79627a-4fb2-4b62-9d1f-9d67991fd7b7,HR 1731,Standard FEES Act,['bill'],[],119,United States,lower
ocd-bill/7bd0a820-01fa-4d4c-9207-9f0e16c29fdc,HR 1696,Puerto Rico Low-Income Housing Support Act,['bill'],[],119,United States,lower
ocd-bill/83359e65-57d1-4d3b-8348-f48bcac31a58,HR 1669,"To amend the Public Health Service Act to reauthorize the Stop, Observe, Ask, and Respond to Health and Wellness Training Program.",['bill'],[],119,United States,lower
ocd-bill/4c8e4e29-18a5-4e6b-b24f-4d56f9c8d334,HR 1712,MEME Act,['bill'],[],119,United States,lower
ocd-bill/86364504-0868-45c9-8193-49a60e4161aa,HR 560,Second Job Tax Relief Act of 2025,['bill'],[],119,United States,lower
ocd-bill/90bea13d-5868-461d-9d8c-a1c6dd5b6363,HR 567,Expanding Labor Representation in the Workforce System Act,['bill'],[],119,United States,lower
ocd-bill/30313d51-c5cb-4128-bd01-d239e91dba9b,HR 598,FIR Act,['bill'],[],119,United States,lower
ocd-bill/8b4957db-5e2d-42a8-8cb3-fa89fe0ef64b,HR 629,Ending Chemical Abortions Act of 2025,['bill'],[],119,United States,lower
ocd-bill/fbcf63c5-7a7f-4f53-a30f-76f4421882d4,HR 591,Defending American Jobs and Investment Act,['bill'],[],119,United States,lower
ocd-bill/0a79b27e-b2b3-4cdf-b814-4f23f0a128ba,HR 1758,Dental Loan Repayment Assistance Act of 2025,['bill'],[],119,United States,lower
ocd-bill/ff109e55-d68a-44e8-a6e7-0734ac87fe79,HR 1710,PLO and PA Terror Payments Accountability Act of 2025,['bill'],[],119,United States,lower
ocd-bill/67a8123e-504b-4a3f-9460-cc8db4ac699b,HR 1653,Civil Investigative Demand Reform Act of 2025,['bill'],[],119,United States,lower
ocd-bill/bda4272f-4162-4404-a303-2c0b3a2863d4,HR 60,Knife Owners’ Protection Act of 2025,['bill'],[],119,United States,lower
ocd-bill/ec7e1d79-a994-405c-8d05-1f01927baf8c,HR 169,Prevent Family Fire Act of 2025,['bill'],[],119,United States,lower
ocd-bill/52f85af9-8d6b-403d-b2cb-64fd722e2493,HR 166,Fair Lending for All Act,['bill'],[],119,United States,lower
ocd-bill/50596446-2935-4c59-a466-fa9dc3cae10b,HR 171,Make Transportation Authorities Accountable and Transparent Act,['bill'],[],119,United States,lower
ocd-bill/68f035b9-22fe-4ea6-885d-6bc03718fe25,HR 65,Armed Forces Endangered Species Exemption Act,['bill'],[],119,United States,lower
ocd-bill/33787a50-7eb1-452a-8b7b-06d61ad3af69,HR 201,Federal Employee Performance and Accountability Act of 2025,['bill'],[],119,United States,lower
ocd-bill/c768d7e2-23de-41f2-8831-fd5c29c8d17b,HR 160,Restoring Faith in Elections Act,['bill'],[],119,United States,lower
ocd-bill/efacd641-0775-4316-8fcf-2a03d92a9c22,HR 181,"To amend the Endangered Species Act of 1973 to provide that artificially propagated animals shall be treated the same under that Act as naturally propagated animals, and for other purposes.",['bill'],[],119,United States,lower
ocd-bill/b48342d2-aa66-4944-a485-67b4e8f00cc0,HR 208,"No Budget, No Pay Act",['bill'],[],119,United States,lower
ocd-bill/c5939cbd-d2d0-4618-b93f-2580787ba65a,HR 177,Yosemite National Park Equal Access and Fairness Act,['bill'],[],119,United States,lower
ocd-bill/64a272cd-051b-47d4-94e4-4f8753c5fc22,HR 229,To prohibit the implementation of the Rock Springs Field Office Record of Decision and Approved Resource Management Plan.,['bill'],[],119,United States,lower
ocd-bill/f6d6f87a-d45c-4207-aa95-dd1a894853d8,HR 1735,Early Action and Responsiveness Lifts Youth Minds Act,['bill'],[],119,United States,lower
ocd-bill/672b3c39-5f5f-4847-ba74-caf1c741e372,HR 1714,Criminal Illegal Alien Report Act,['bill'],[],119,United States,lower
ocd-bill/a00da7f4-cb72-4812-bbcd-cd4eb45744dd,S 1295,A bill to require the Director of the Bureau of Prisons to develop and implement a strategy to interdict fentanyl and other synthetic drugs in the mail at Federal correctional facilities.,['bill'],[],119,United States,upper
ocd-bill/2bf7f5d8-a82e-4f7c-a848-79056c3b50b2,HR 1747,Break the Chain Act,['bill'],[],119,United States,lower
ocd-bill/1c963684-9256-487a-87f6-0fbe092d951b,S 1294,A bill to modernize the business of selling firearms.,['bill'],[],119,United States,upper
ocd-bill/78d04432-3a57-48ac-9fb6-12f929ba6d2e,S 784,Rural Veterans Transportation to Care Act,['bill'],[],119,United States,upper
ocd-bill/7643ea77-b260-452e-af45-3581518cb4c4,S 701,Helping Heroes Act,['bill'],[],119,United States,upper
ocd-bill/db1f0a0e-d8aa-420e-9dcb-fce133662ac6,HR 116,Stopping Border Surges Act,['bill'],[],119,United States,lower
ocd-bill/692f7e6c-9d06-4b1d-813f-fcde8592f420,HR 1744,United States Commission on International Religious Freedom Reauthorization Act of 2025,['bill'],[],119,United States,lower
ocd-bill/34cd0211-c07d-4382-a7b5-a1bc9b7361b0,HR 1645,Climate and Health Protection Act,['bill'],[],119,United States,lower
ocd-bill/657bc0a1-d459-4451-9562-b858efc507a7,HR 1662,LEAP Act,['bill'],[],119,United States,lower
ocd-bill/ff8104ab-f05c-488d-b301-239add2294e4,HR 1741,Veteran Appeals Transparency Act of 2025,['bill'],[],119,United States,lower
ocd-bill/af1dad65-e4ab-49a0-8cc6-e63fa04c226f,SRES 51,A resolution expressing the sense of the Senate that the United States Agency for International Development is essential for advancing the national security interests of the United States.,['resolution'],[],119,United States,upper
ocd-bill/eab599a0-b97e-4496-84d4-45f396e95312,S 160,Aerial Firefighting Enhancement Act of 2025,['bill'],[],119,United States,upper
ocd-bill/5367f0cd-81b7-412e-96a6-116781003865,S 161,She DRIVES Act,['bill'],[],119,United States,upper
ocd-bill/3a3709f3-251d-4aba-8b7e-3e30b92a2eaa,S 368,BLOCK Act,['bill'],[],119,United States,upper
ocd-bill/729a7707-5264-45de-b963-b6dcf695e6e0,S 369,NO GOTION Act,['bill'],[],119,United States,upper
ocd-bill/4c8cef08-440d-414a-8f04-f72635128114,S 367,Stop Arming Cartels Act of 2025,['bill'],[],119,United States,upper
ocd-bill/25235025-f60f-42be-828c-b4b9030c4408,S 355,FDA Modernization Act 3.0,['bill'],[],119,United States,upper
ocd-bill/211ac56e-1775-4f34-af0c-ccd7e11c91a0,S 377,Students Helping Young Students Act of 2025,['bill'],[],119,United States,upper
ocd-bill/d385fa9a-21bd-47c6-b305-18f22b309d21,S 374,Direct Property Acquisitions Act,['bill'],[],119,United States,upper
ocd-bill/3aa4907e-d8c4-4c67-b595-dd418ac9907b,S 371,SBA Disaster Transparency Act,['bill'],[],119,United States,upper
ocd-bill/429646a5-94dd-4127-84c0-f11e40b46485,S 358,RETIREES FIRST Act,['bill'],[],119,United States,upper
ocd-bill/aae3e144-c861-4c5d-b02a-0bbdf2fad9f1,S 353,Commission to Relocate the Federal Bureaucracy Act,['bill'],[],119,United States,upper
ocd-bill/17f08154-e309-45d0-a3ee-20a3e4c2e51c,S 366,Muhammad Ali Congressional Gold Medal Act,['bill'],[],119,United States,upper
ocd-bill/b073be4a-dfc1-42d8-95b2-d2f9d86da4fb,S 364,Hearing Protection Act,['bill'],[],119,United States,upper
ocd-bill/cbd25711-0cc4-4e71-9bcd-7f7739a3e551,S 359,Federal Employee Performance and Accountability Act of 2025,['bill'],[],119,United States,upper
ocd-bill/e2c7ac32-3848-49b2-9173-1711da4ed0f3,HR 1823,To direct the Secretary of Veterans Affairs and the Comptroller General of the United States to report on certain funding shortfalls in the Department of Veterans Affairs.,['bill'],[],119,United States,lower
ocd-bill/da13a64e-ea71-402e-b1f0-336afa2494e0,HR 1830,"To designate the facility of the United States Postal Service located at 840 Front Street in Casselton, North Dakota, as the ""Commander Delbert Austin Olson Post Office"".",['bill'],[],119,United States,lower
ocd-bill/ec8d6345-255c-4c93-a90c-e7cfe4fbcb15,S 356,Secure Rural Schools Reauthorization Act of 2025,['bill'],[],119,United States,upper
ocd-bill/7594404e-451d-430c-8b92-e6105adee17c,S 370,Education Freedom Scholarships and Opportunity Act,['bill'],[],119,United States,upper
ocd-bill/c0558318-c5a2-410d-b794-3e13def28459,S 378,Expediting Hazard Mitigation Assistance Projects Act,['bill'],[],119,United States,upper
ocd-bill/1b5984ba-1086-4335-b346-56508b45e2bf,S 372,Investing in Community Resilience Act of 2025,['bill'],[],119,United States,upper
ocd-bill/0d8ec929-6548-4b96-8f16-7768f6ffd798,S 363,STOP MADNESS Act,['bill'],[],119,United States,upper
ocd-bill/ce66f9d7-e045-4cc2-8f43-96601b48e98e,S 362,"A bill to allow certain Federal minerals to be mined consistent with the Bull Mountains Mining Plan Modification, and for other purposes.",['bill'],[],119,United States,upper
ocd-bill/b050cd1e-46dd-42b3-bab9-47f9a1af0489,S 373,Stopping Political Discrimination in Disaster Assistance Act,['bill'],[],119,United States,upper
ocd-bill/cf001462-b2bc-4bce-8b63-d3196ecf6329,S 357,Federal Freeze Act,['bill'],[],119,United States,upper
ocd-bill/df805fd3-b57c-446f-ba58-9bbe483950dd,S 375,Transition-to-Success Mentoring Act,['bill'],[],119,United States,upper
ocd-bill/7c8ba987-160d-4c26-b0d1-e66e25d2592e,S 354,SHOW UP Act of 2025,['bill'],[],119,United States,upper
ocd-bill/84a5b827-6463-4bf5-8bd6-b08f67f08633,SJRES 10,A joint resolution terminating the national emergency declared with respect to energy.,['resolution'],[],119,United States,upper
ocd-bill/0c79163a-2746-41c5-b350-55b8efb927ec,S 365,Bolts Ditch Act,['bill'],[],119,United States,upper
ocd-bill/5d03105f-63fc-44d1-9617-642143a741b9,S 360,A bill to provide for across-the-board rescissions of nonsecurity discretionary spending.,['bill'],[],119,United States,upper
ocd-bill/f042a3fc-24e3-444f-9648-24e933da5097,S 361,Supporting Victims of Human Trafficking Act,['bill'],[],119,United States,upper
ocd-bill/d38eed0a-2acc-444d-96f3-8ffa4017090a,S 785,Alaska Native Vietnam Era Veterans Land Allotment Extension Act,['bill'],[],119,United States,upper
ocd-bill/fcebcfa1-21d0-4f11-b6f0-3903e1f13561,SRES 83,"A resolution designating February 2025 as ""Hawaiian Language Month"" or ""'Olelo Hawai'i Month"".",['resolution'],[],119,United States,upper
ocd-bill/22d8f87a-82a3-4905-869e-76d1449df5ed,SRES 85,A resolution congratulating the Jackson State University Tigers for winning the 2024 Celebration Bowl.,['resolution'],[],119,United States,upper
ocd-bill/26fd08a5-4f14-4f2b-852a-16654f0fed21,SRES 82,"An original resolution authorizing expenditures by the Committee on Commerce, Science, and Transportation.",['resolution'],[],119,United States,upper
ocd-bill/7cd3837b-d799-44ee-ad13-a86dcb016ef0,SRES 84,A resolution congratulating the Philadelphia Eagles on their victory in Super Bowl LIX in the successful 105th season of the National Football League.,['resolution'],[],119,United States,upper
ocd-bill/62ccf5e8-3489-4c49-aaf7-38aa3b32696f,S 628,Alan T. Shao II Fentanyl Public Health Emergency and Overdose Prevention Act,['bill'],[],119,United States,upper
ocd-bill/c2b34c82-7e84-4ee3-a031-3e351ec46b0c,S 640,"Technical Corrections to the Northwestern New Mexico Rural Water Projects Act, Taos Pueblo Indian Water Rights Settlement Act, and Aamodt Litigation Settlement Act",['bill'],[],119,United States,upper
ocd-bill/f2236bb6-10c9-478b-9ef8-bffece227ef2,S 641,Safe and Affordable Drugs from Canada Act of 2025,['bill'],[],119,United States,upper
ocd-bill/c9966109-3fd5-4989-bc7d-bbca8ad5e3f7,S 638,"A bill to amend the Act of June 22, 1948.",['bill'],[],119,United States,upper
ocd-bill/6e43c4d4-ab0e-44a1-9e47-013ec020461c,S 629,Emergency Conservation Program Improvement Act of 2025,['bill'],[],119,United States,upper
ocd-bill/ed32b1b9-55a3-4a1b-9262-987610f9ccbd,S 632,IHS Workforce Parity Act of 2025,['bill'],[],119,United States,upper
ocd-bill/b502401d-8163-4dcd-81fc-130ec8bfce4f,S 637,Navajo-Gallup Water Supply Project Amendments Act of 2025,['bill'],[],119,United States,upper
ocd-bill/eefecbcc-6963-41c9-9a83-5a80b617a912,S 634,Korematsu-Takai Civil Liberties Protection Act of 2025,['bill'],[],119,United States,upper
ocd-bill/0363c56a-b0b2-4a6c-ab36-6c7a9e7f2a27,S 626,SOCIAL MEDIA Act,['bill'],[],119,United States,upper
ocd-bill/29f2af3e-61fd-4823-8904-9d0928a2f34a,S 633,Presidential and First Spouse Coin Act of 2025,['bill'],[],119,United States,upper
ocd-bill/2bea5a6d-52a6-4c28-b91f-69addeeff5f7,S 630,Quapaw Tribal Settlement Act of 2025,['bill'],[],119,United States,upper
ocd-bill/6b22d6fe-a9a1-4d2a-91c6-a6e54cd0601c,S 635,Veterans Homecare Choice Act of 2025,['bill'],[],119,United States,upper
ocd-bill/d6f7324c-736e-4a51-af54-1e5f3fe93735,S 1114,Watershed Protection and Forest Recovery Act of 2025,['bill'],[],119,United States,upper
ocd-bill/77b3382e-1302-4632-b7f5-884bd8b5940d,HR 2232,Protecting Access to Ground Ambulance Medical Services Act of 2025,['bill'],[],119,United States,lower
ocd-bill/9a785abc-4a33-43ec-a876-91a034505c02,HR 1919,Anti-CBDC Surveillance State Act,['bill'],[],119,United States,lower
ocd-bill/35debcff-8c23-4621-b94c-5670ce8dd05d,S 636,Public Safety Employer-Employee Cooperation Act,['bill'],[],119,United States,upper
ocd-bill/ead1b018-fc5a-464a-a060-9e1525c93e9e,S 639,Clergy Act,['bill'],[],119,United States,upper
ocd-bill/1759ecf3-8c67-4392-9b1f-a135facdef05,S 627,ENABLE Act,['bill'],[],119,United States,upper
ocd-bill/406cb33e-4aba-45b2-9fa0-8cc7e56ca499,S 631,Rural Historic Tax Credit Improvement Act,['bill'],[],119,United States,upper
ocd-bill/84bcd30b-ab9f-41a9-ac44-70ab3bfc347e,HR 658,"To amend title 38, United States Code, to establish qualifications for the appointment of a person as a marriage and family therapist, qualified to provide clinical supervision, in the Veterans Health Administration.",['bill'],[],119,United States,lower
ocd-bill/bf713bc8-20a1-4a84-a599-36f76c646509,HR 2177,Tradeable Energy Performance Standards Act,['bill'],[],119,United States,lower
ocd-bill/0e533665-fc69-492d-a007-3dd52dccd1af,SRES 157,"A resolution designating April 2025 as ""National Native Plant Month"".",['resolution'],[],119,United States,upper
ocd-bill/24df3de9-e293-4d1a-8780-b54ed16b8a59,S 1311,"A bill to direct the Secretary of Veterans Affairs to seek to enter into an agreement with a federally funded research and development center for an assessment of notice letters that the Secretary sends to claimants for benefits under laws administered by the Secretary, and for other purposes.",['bill'],[],119,United States,upper
ocd-bill/fdab86e1-7411-4e6b-bd70-1f546b091e14,S 1306,A bill to require the Director of the United States Fish and Wildlife Service to reissue a final rule removing the gray wolf from the list of endangered and threatened wildlife under the Endangered Species Act of 1973.,['bill'],[],119,United States,upper
ocd-bill/1b7453b7-6c04-4d36-b094-64692bc27ae4,SRES 155,"A resolution honoring the life and legacy of the Honorable Mia Bourdeau Love, former Representative for the State of Utah.",['resolution'],[],119,United States,upper
ocd-bill/8cb1032d-e2f9-4f36-815e-21b03d31c253,S 1309,"A bill to modify the definition of disaster in the Small Business Act to include low or no snowfall amounts, and for other purposes.",['bill'],[],119,United States,upper
ocd-bill/a4cb073e-b9e5-459a-a485-c7ebb6b466ba,S 1308,"A bill to amend title 38, United States Code, to modify the criteria for approval of certain independent study programs for purposes of the educational assistance programs of the Department of Veterans Affairs.",['bill'],[],119,United States,upper
ocd-bill/1628e23a-262c-4597-9666-b7c9e4a4ffac,SRES 156,A resolution commemorating the 50th anniversary of the Indian Self-Determination and Education Assistance Act.,['resolution'],[],119,United States,upper
ocd-bill/9e4427c0-95a7-4b8f-93cc-a8f13cc37625,S 1307,A bill to allow certain qualified law enforcement officers and retired law enforcement officers to carry concealed firearms to protect children in school zones.,['bill'],[],119,United States,upper
ocd-bill/85b9a226-0a3e-4f81-a622-652a47952be6,S 1305,A bill to allow for greater collaboration between the Biomedical Advanced Research and Development Authority and the network of Manufacturing USA institutes.,['bill'],[],119,United States,upper
ocd-bill/e84851f2-3221-4368-a16b-3c63b571b66d,SJRES 47,"A joint resolution providing for congressional disapproval under chapter 8 of title 5, United States Code, of the rule submitted by the Environmental Protection Agency relating to ""California State Motor Vehicle and Engine and Nonroad Engine Pollution Control Standards; The 'Omnibus' Low NOx Regulation; Waiver of Preemption; Notice of Decision"".",['resolution'],[],119,United States,upper
ocd-bill/46460398-b0af-47bd-954b-6156a7860f2f,HR 2282,Respect Parents’ Childcare Choices Act,['bill'],[],119,United States,lower
ocd-bill/51901068-6191-48c1-98f1-006432e75094,HR 2439,Support UNFPA Funding Act,['bill'],[],119,United States,lower
ocd-bill/32289453-f8ac-44af-ac46-6ce1a25da97a,HR 2489,Hunger-Free Future Act of 2025,['bill'],[],119,United States,lower
ocd-bill/5048439a-4d25-4cb1-ba19-326aec35abdb,HR 2575,"To provide for the rescission of certain waivers and licenses relating to Iran, and for other purposes.",['bill'],[],119,United States,lower
ocd-bill/19279d0c-230d-4a56-8ab5-24b4becd0226,HR 2432,Southwestern Power Administration Fund Establishment Act,['bill'],[],119,United States,lower
ocd-bill/d08295ef-ba98-4a14-8931-c2a47414fe44,HR 2501,Free Speech Fairness Act,['bill'],[],119,United States,lower
ocd-bill/8bd8a94b-c938-45c3-b0d3-ff8e0035a0bb,HR 566,Cleaner Air Spaces Act of 2025,['bill'],[],119,United States,lower
ocd-bill/ab66e9c9-d083-406c-815e-6ca043cc3c23,S 142,Wildland Firefighters Congressional Gold Medal Act,['bill'],[],119,United States,upper
ocd-bill/7e87c86e-641c-47f1-8058-56b529a65609,S 147,Cleaner Air Spaces Act of 2025,['bill'],[],119,United States,upper
ocd-bill/bdbf9ce4-d19c-4c6f-8392-11ef65cc6040,HR 1760,USPS Act,['bill'],[],119,United States,lower
ocd-bill/59270bc2-fb4e-4a45-89d8-85cf5cc4d05c,HR 1736,Generative AI Terrorism Risk Assessment Act,['bill'],[],119,United States,lower
ocd-bill/0115d431-216a-4bfb-819c-c1eece935c6e,HR 1815,VA Home Loan Program Reform Act,['bill'],[],119,United States,lower
ocd-bill/f554b936-9295-46cc-ad3c-f3046e0fceb9,HR 1780,Hawaii Native Species Conservation and Recovery Act of 2025,['bill'],[],119,United States,lower
ocd-bill/6a95fbac-50c8-40bf-b533-e8eac7d7ada6,HR 1800,Solidify Iran Sanctions Act of 2025,['bill'],[],119,United States,lower
ocd-bill/3463d688-e3a3-409c-958d-ad6b50ddb346,HR 1812,Care Across Generations Act,['bill'],[],119,United States,lower
ocd-bill/751e8060-0982-4b67-92e9-7461c89f0bc6,HR 1785,Preventing Medicare Telefraud Act,['bill'],[],119,United States,lower
ocd-bill/f9cd7b04-c934-46db-a414-3d280be8b770,HR 1796,"Sickle Cell Disease and Other Heritable Blood Disorders Research, Surveillance, Prevention, and Treatment Act of 2025",['bill'],[],119,United States,lower
ocd-bill/b596e561-152e-403d-9a28-b910630da4f4,HR 1778,American Innovation Act of 2025,['bill'],[],119,United States,lower
ocd-bill/a57fc56c-3a21-4abf-966b-97e3327593bc,HR 1768,"To provide for lower costs for everyday Americans, and for other purposes.",['bill'],[],119,United States,lower
ocd-bill/726d82c3-a302-418e-9539-c640ecd985b0,HR 1802,SPARE Act,['bill'],[],119,United States,lower
ocd-bill/0d1a1849-771e-4ab8-9735-fa762553a2b5,HRES 157,"Impeaching John Deacon Bates, a judge of the United States District Court for the District of Columbia, for high crimes and misdemeanors.",['resolution'],[],119,United States,lower
ocd-bill/3471f58d-6e83-462a-9afd-6bdb710078cf,HRES 158,Recognizing three years of Ukraine defending its sovereign territory against the Russian Federation's second unprovoked assault and full-scale invasion.,['resolution'],[],119,United States,lower
ocd-bill/82142495-66fb-4d3b-b887-1e7d40394c3e,HCONRES 15,"Calling an Article V Convention for proposing a Fiscal Responsibility Amendment to the United States Constitution and stipulating ratification by a vote of We the People, and for other purposes.",['resolution'],[],119,United States,lower
ocd-bill/69f75ad5-1896-4fe5-a10d-027f141d425c,HRES 156,Honoring the 25th anniversary of the partnership between Guam and the Republic of the Philippines under the State Partnership Program.,['resolution'],[],119,United States,lower
ocd-bill/b262b7ae-00dd-42ed-b3ad-aa835cee8ca4,HRES 154,"Commemorating the heroic sacrifices of the people of Ukraine 3 years after Russian President Vladimir Putin's illegal and unprovoked war against Ukraine on February 24, 2022, and recognizing the terrible cost of Russia's committing crimes against Humanity aggression.",['resolution'],[],119,United States,lower
ocd-bill/e01536d5-208f-44ba-ac3e-e2ebabfd89b3,HRES 155,"Reaffirming the United States unwavering support for Ukraine's sovereignty, independence, and territorial integrity as Russia's illegal full-scale invasion of Ukraine hits its third year.",['resolution'],[],119,United States,lower
ocd-bill/e70cb4d0-c69d-480b-a113-433bd0532b28,HR 1359,Black History Matters Act,['bill'],[],119,United States,lower
ocd-bill/d880265c-54c9-4f4f-b982-6194d6fd1340,HR 1491,Disaster Related Extension of Deadlines Act,['bill'],[],119,United States,lower
ocd-bill/ff7556cd-2004-4b2c-8554-79b5a981693f,HR 1462,To amend the Internal Revenue Code of 1986 to disallow the production tax credit and investment tax credit for offshore wind facilities placed in service in the inland navigable waters of the United States or the coastal waters of the United States.,['bill'],[],119,United States,lower
ocd-bill/1512ad21-1327-4db5-a530-cf6c37ba9e0b,HR 1485,Alien Removal Not Resort Stays Act,['bill'],[],119,United States,lower
ocd-bill/1c31e6ea-b541-47cf-87a1-abaadf27682a,HR 1512,To amend the Taiwan Assurance Act of 2020 to require periodic reviews and updated reports relating to the Department of State's Taiwan Guidelines.,['bill'],[],119,United States,lower
ocd-bill/43d07e80-d31b-480e-8a1f-451b70e77d6e,HR 908,Stop the Censorship Act,['bill'],[],119,United States,lower
ocd-bill/71b9b867-a811-4c0a-9603-abef1adfcb24,SRES 88,"A resolution designating March 7, 2025, as ""National Speech and Debate Education Day"".",['resolution'],[],119,United States,upper
ocd-bill/4d45f1e7-d720-45ae-9254-88c27884c096,SRES 89,"A resolution expressing support for the designation of February 15 through February 22, 2025, as ""National FFA Week"", recognizing the important role of the National FFA Organization in developing the next generation of leaders who will change the world, and celebrating the 90th anniversary of New Farmers of America and the 75th anniversary of the Future Farmers of America Federal charter.",['resolution'],[],119,United States,upper
ocd-bill/8fd48203-1d84-4bb8-aa19-662303abe433,S 171,"A bill to remove the lesser prairie-chicken from the lists of threatened species and endangered species published pursuant to the Endangered Species Act of 1973, to amend that Act to exclude the lesser prairie-chicken from the authority of that Act, and for other purposes.",['bill'],[],119,United States,upper
ocd-bill/5f4fec82-04d2-415f-ac1d-5a64c4087c48,S 162,Recruiting Families Using Data Act of 2025,['bill'],[],119,United States,upper
ocd-bill/276f4871-d4c4-4313-a2dc-baa3c7160ee5,S 262,Master Sergeant Roddie Edmonds Congressional Gold Medal Act,['bill'],[],119,United States,upper
ocd-bill/2606d2b9-626f-4405-ae04-55fdace87693,HR 1786,Harmful Algal Bloom Disaster Relief Act,['bill'],[],119,United States,lower
ocd-bill/a0cf45a6-feb4-4aa1-8a29-30cf7d767124,HR 1554,Freedom from Government Competition Act of 2025,['bill'],[],119,United States,lower
ocd-bill/171d4ea8-1b3c-44db-b3a1-8281c781ea8e,HR 1551,Protect and Serve Act of 2025,['bill'],[],119,United States,lower
ocd-bill/99ed3732-aa3e-46cb-8d6d-7a6acd7b19ac,HR 1579,Broadband Buildout Accountability Act,['bill'],[],119,United States,lower
ocd-bill/f7bf58ed-9039-4f57-b2d4-77f19b2ca065,HR 1496,Rare Earth Magnet Security Act of 2025,['bill'],[],119,United States,lower
ocd-bill/0b8cf484-aac2-40d9-a9cc-6e4506e86b93,HR 1507,U.S. Citrus Protection Act,['bill'],[],119,United States,lower
ocd-bill/b263e9a3-cbfd-42a8-8b30-730f8a65236a,HR 1475,SBA Disaster Transparency Act,['bill'],[],119,United States,lower
ocd-bill/24e39e1c-1d19-4fe7-9085-8d0158f34e98,HR 1488,To repeal the authorizations for use of military force against Iraq.,['bill'],[],119,United States,lower
ocd-bill/8288ff16-828f-4e4d-a69e-cdd08f02c123,HR 1024,US-Kazakhstan Trade Modernization Act,['bill'],[],119,United States,lower
ocd-bill/1b53506e-c115-4d5f-9b00-ac7e4333e848,HR 1336,Veterans National Traumatic Brain Injury Treatment Act,['bill'],[],119,United States,lower
ocd-bill/3fff2f24-c744-4706-88c8-473fd64b5805,HR 1252,Uncovering UNRWA’s Terrorist Crimes Act,['bill'],[],119,United States,lower
ocd-bill/0e62e8a0-5b7a-42ab-a792-1c6e253fbc27,HR 1561,ALERT Communities Act,['bill'],[],119,United States,lower
ocd-bill/479a6700-346d-4d3d-9e30-4576d15b7884,HR 804,Rural Small Business Resilience Act,['bill'],[],119,United States,lower
ocd-bill/bf56a623-afc1-43c2-af31-be851f60b019,HR 1552,PROTECT Student Athletes Act,['bill'],[],119,United States,lower
ocd-bill/fe8667c0-20c2-4824-be87-694c2921aa0e,HR 1574,RESTORE Patent Rights Act of 2025,['bill'],[],119,United States,lower
ocd-bill/eaa84b17-4952-481f-b545-86d96e5966da,HR 1578,Veterans Claims Education Act of 2025,['bill'],[],119,United States,lower
ocd-bill/cca6f5bf-aea6-4170-9f01-49e40fe18ca4,HR 1555,Bureau of Land Management Mineral Spacing Act,['bill'],[],119,United States,lower
ocd-bill/c5dc4626-4b23-4a14-81f9-d2358ab515b4,HRES 23,Proxy Voting for New Parents Resolution,['resolution'],[],119,United States,lower
ocd-bill/c87f2b27-cb45-428f-b142-c1d0060b30bd,HJRES 28,Proposing an amendment to the Constitution of the United States to require that the Supreme Court of the United States be composed of nine justices.,['resolution'],[],119,United States,lower
ocd-bill/a9634cf3-ffc8-4422-9a22-31983924d075,HRES 161,"Providing for consideration of the joint resolution (H.J. Res. 20) providing for congressional disapproval under chapter 8 of title 5, United States Code, of the rule submitted by the Department of Energy relating to ""Energy Conservation Program: Energy Conservation Standards for Consumer Gas-fired Instantaneous Water Heaters""; providing for consideration of the joint resolution (H.J. Res. 35) providing for congressional disapproval under chapter 8 of title 5, United States Code, of the rule submitted by the Environmental Protection Agency relating to ""Waste Emissions Charge for Petroleum and Natural Gas Systems: Procedures for Facilitating Compliance, Including Netting and Exemptions""; and providing for consideration of the concurrent resolution (H. Con. Res. 14) establishing the congressional budget for the United States Government for fiscal year 2025 and setting forth the appropriate budgetary levels for fiscal years 2026 through 2034.",['resolution'],[],119,United States,lower
ocd-bill/31cb53ba-64b4-4308-8e25-900cb7407a8a,S 397,Small Business Disaster Damage Fairness Act of 2025,['bill'],[],119,United States,upper
ocd-bill/47448845-eb89-4fb5-aea9-a2f70a1fd079,HJRES 35,"Providing for congressional disapproval under chapter 8 of title 5, United States Code, of the rule submitted by the Environmental Protection Agency relating to ""Waste Emissions Charge for Petroleum and Natural Gas Systems: Procedures for Facilitating Compliance, Including Netting and Exemptions"".",['resolution'],[],119,United States,lower
ocd-bill/5fc88fb7-555b-477c-b682-75ee16e4d7a4,HR 1621,Entrepreneurs with Disabilities Reporting Act of 2025,['bill'],[],119,United States,lower
ocd-bill/147b9d7c-7fce-46bc-bcc3-678e1cc9ca54,HR 875,Jeremy and Angel Seay and Sergeant Brandon Mendoza Protect Our Communities from DUIs Act of 2025,['bill'],[],119,United States,lower
ocd-bill/336f2e5a-79ff-47c4-948f-19d86ade161f,HR 1071,No Censors on our Shores Act,['bill'],[],119,United States,lower
ocd-bill/195eb2d9-f5af-4ba3-9b63-ffb22d92e2c7,HR 1309,Protect America’s Lands Act,['bill'],[],119,United States,lower
ocd-bill/c560b389-b989-43ab-b2ce-1953e08cc602,HR 1632,Reciprocity Ensures Streamlined Use of Lifesaving Treatments Act of 2025,['bill'],[],119,United States,lower
ocd-bill/0870144d-70b6-47d3-8f55-f6ad0ebda8e6,HR 744,Disaster Management Costs Modernization Act,['bill'],[],119,United States,lower
ocd-bill/137a296c-e741-463a-b0eb-d6af2443982e,HR 1131,Family Farm and Small Business Exemption Act,['bill'],[],119,United States,lower
ocd-bill/4fb2c4a2-5787-4b05-93cb-7f4f81184219,HR 1456,Gun Trafficker Detection Act,['bill'],[],119,United States,lower
ocd-bill/d50a91aa-2c4a-4782-8571-b755011fc620,HR 1545,Accountability in Government Efficiency Act,['bill'],[],119,United States,lower
ocd-bill/6e84270a-28f3-480d-85fe-a7a123fd8357,HR 1544,LEASH DOGE Act,['bill'],[],119,United States,lower
ocd-bill/9265280f-ee2e-49c8-baee-348ac8a18e50,HR 1566,REPAIR Act,['bill'],[],119,United States,lower
ocd-bill/1759e4a2-0688-45f5-9602-3ce08857d099,HR 1584,Democracy in Design Act,['bill'],[],119,United States,lower
ocd-bill/559b86ae-683e-4c91-aced-6e021df1fcc9,HR 1638,CROWN Act of 2025,['bill'],[],119,United States,lower
ocd-bill/69ce2fb2-90d5-4776-bde8-18c63c82661b,HR 1598,Ensuring Access to Medicaid Buy-in Programs Act,['bill'],[],119,United States,lower
ocd-bill/bed39a2c-0040-4c5d-a04b-685106fe199d,HR 1628,761st Tank Battalion Congressional Gold Medal Act,['bill'],[],119,United States,lower
ocd-bill/3fc8a06d-e803-431b-990d-e3f3d49833e2,HR 1640,HEIRS Act of 2025,['bill'],[],119,United States,lower
ocd-bill/481f3aa7-85cd-49c5-8117-30ab2eb4a5fc,HR 1622,Uranium for Energy Independence Act of 2025,['bill'],[],119,United States,lower
ocd-bill/a7ad384f-f997-418a-a7d3-c5285226f33e,HR 1597,Compassion for Vulnerable and Struggling Workers Act,['bill'],[],119,United States,lower
ocd-bill/a1d5d46f-b1cd-48a5-878b-dd40bfc6adba,HR 1605,Separation of Powers Restoration Act of 2025,['bill'],[],119,United States,lower
ocd-bill/58bbbafb-5c2c-4cab-ad82-118cb9177ba0,HR 1601,Defending Ukraine’s Territorial Integrity Act,['bill'],[],119,United States,lower
ocd-bill/384f0d4b-71e8-4ef5-b636-536f81d742a7,HR 1592,SOLAR Act,['bill'],[],119,United States,lower
ocd-bill/743c3c91-1e4a-41cc-b75a-c18855ec4c29,HR 1609,Local Zoning Decisions Protection Act of 2025,['bill'],[],119,United States,lower
ocd-bill/4f2c5cbc-2bb6-43b6-8ac2-1ba2c887efce,HR 1623,SCREEN Act,['bill'],[],119,United States,lower
ocd-bill/a87347a1-0b18-4660-9b05-031540bbde24,HR 1594,Sustainable Aviation Fuel Act,['bill'],[],119,United States,lower
ocd-bill/8bf1229a-b897-42d0-8f75-e40d36e9a1de,HRES 162,Electing Members to certain standing committees of the House of Representatives.,['resolution'],[],119,United States,lower
ocd-bill/ecce9af5-3036-496d-99a3-dd26f3e84024,HRES 106,Expressing the sense of the House of Representatives that the United Nations Security Council should immediately impose an arms embargo against the military of Burma.,['resolution'],[],119,United States,lower
ocd-bill/c84cca50-b316-4a17-a0a9-b6824c4192bf,HRES 167,To establish uniform standards for flag displays in the House of Representatives facilities.,['resolution'],[],119,United States,lower
ocd-bill/1d41f7bb-22b9-4e47-bccb-4b203d8e34fe,HRES 163,"Expressing the sense of the House of Representatives that the goal of education in schools across America shall be that virtually every student in the United States achieves grade-level reading proficiency, providing them with the foundation to develop the skills and knowledge needed for success in school, work, and life.",['resolution'],[],119,United States,lower
ocd-bill/4055fdc0-15df-4eda-ab63-e75543392359,SRES 99,A resolution celebrating Black History Month.,['resolution'],[],119,United States,upper
ocd-bill/a666d872-544c-4c0a-b540-6c55b894a929,SRES 98,A resolution condemning Beijing's destruction of Hong Kong's democracy and rule of law.,['resolution'],[],119,United States,upper
ocd-bill/f58b53fa-3c17-4369-9e8b-137740c0b23e,SRES 100,"A resolution dissenting from the United States delegation's February 24, 2025, vote at the United Nations General Assembly.",['resolution'],[],119,United States,upper
ocd-bill/dcc323cf-c50c-4ec9-a097-5413e69c4030,HR 1726,Project Safe Neighborhoods Reauthorization Act of 2025,['bill'],[],119,United States,lower
ocd-bill/241ffd4d-88df-4ee4-a0b3-751f976677ab,HR 1679,Global Investment in American Jobs Act of 2025,['bill'],[],119,United States,lower
ocd-bill/d41cbd8d-0c54-4522-98da-fc49a3a4ea77,HR 914,American CANS Act,['bill'],[],119,United States,lower
ocd-bill/9b6f758c-9204-4d00-9c13-36b76caa4757,HR 910,Taiwan Non-Discrimination Act of 2025,['bill'],[],119,United States,lower
ocd-bill/588004d8-9005-4e83-9ab4-9014618fd61a,HR 844,Black History is American History Act,['bill'],[],119,United States,lower
ocd-bill/b9acf339-cd81-4669-837f-0f84d1fdde4e,HR 833,Educational Choice for Children Act of 2025,['bill'],[],119,United States,lower
ocd-bill/59728842-a9b8-4e86-87c3-649d8e41f3a0,HR 1577,Stop Fentanyl Money Laundering Act of 2025,['bill'],[],119,United States,lower
ocd-bill/cd167bc9-53ad-4f59-bce2-c0bb57698063,HR 1549,China Financial Threat Mitigation Act of 2025,['bill'],[],119,United States,lower
ocd-bill/8ee275bf-43cb-4c3a-a7d0-f6b97c5e0630,S 266,Dr. Lorna Breen Health Care Provider Protection Reauthorization Act,['bill'],[],119,United States,upper
ocd-bill/189f35ab-0170-45a5-a184-0feccd296029,HR 309,"National Law Enforcement Officers Remembrance, Support and Community Outreach Act.",['bill'],[],119,United States,lower
ocd-bill/a3f50601-a294-4fc8-bb50-ccb465cce923,HR 1000,Cyber PIVOTT Act,['bill'],[],119,United States,lower
ocd-bill/8f2a05bb-3eef-484d-ad16-7279f50c4b9b,HR 1448,PEER Mental Health Act of 2025,['bill'],[],119,United States,lower
ocd-bill/00847860-ac34-4a3e-87b3-49b5ed8c4b7c,HR 1520,Charlotte Woodward Organ Transplant Discrimination Prevention Act,['bill'],[],119,United States,lower
ocd-bill/8f55c2a7-3f99-4898-b865-e71421edcff0,HR 1607,HEIR Act of 2025,['bill'],[],119,United States,lower
ocd-bill/9f3173bb-8af7-4f8c-908b-09134b47ecd3,HR 1200,Freight RAILCAR Act of 2025,['bill'],[],119,United States,lower
ocd-bill/2e20e88e-da1b-49bc-a0ad-62b0987d4feb,HR 1484,Air Traffic Noise and Pollution Expert Consensus Act of 2025,['bill'],[],119,United States,lower
ocd-bill/27c33a3b-49fc-4683-9563-3e86c2c50017,HR 1677,Stop Russian Market Manipulation Act,['bill'],[],119,United States,lower
ocd-bill/2cf24e29-c5e7-4c2d-afa3-3019f2bc5e35,HR 1734,Preventing Deep Fake Scams Act,['bill'],[],119,United States,lower
ocd-bill/19ff2230-1cb2-44d1-840c-ce94490da3d4,HR 1692,PATHS Act,['bill'],[],119,United States,lower
ocd-bill/eb8d3075-0eb7-4f34-9e18-19b25e6e6d3c,HR 1688,Hatch Act Enforcement Transparency and Accountability Act,['bill'],[],119,United States,lower
ocd-bill/e9784861-0b9e-4eda-8a1c-d7ad8d7b3bc6,HR 1697,Child Tax Credit Relief for Puerto Rican Families Act,['bill'],[],119,United States,lower
ocd-bill/67fb4320-05f4-4ef3-978f-af379121b078,HR 1706,"To designate the facility of the United States Postal Service located at 1200 William Street, Room 200, in Buffalo, New York, as the ""William J. Donovan Post Office Building"".",['bill'],[],119,United States,lower
ocd-bill/7a002b90-c407-4b4a-8574-667c3a48e82a,HR 1716,Taiwan Conflict Deterrence Act of 2025,['bill'],[],119,United States,lower
ocd-bill/0a70c27b-9d93-4a01-a031-2553bbf3a29a,HR 1707,Grown in America Act of 2025,['bill'],[],119,United States,lower
ocd-bill/7cde5d6d-2e7a-4629-bc43-3bd3b8595b91,HR 1689,To require the Secretary of Homeland Security to designate Haiti for temporary protected status.,['bill'],[],119,United States,lower
ocd-bill/2699c3a2-fb33-423f-a1e1-85a838eb48d1,HR 1727,Rocky Mountain Judgeship Act,['bill'],[],119,United States,lower
ocd-bill/75f43b46-7afd-4fbf-a2ce-d85214be310d,HR 1728,Colorado Outdoor Recreation and Economy Act,['bill'],[],119,United States,lower
ocd-bill/179eb911-aa09-445d-abe9-726bb1e2d14a,HR 1690,SCREEN Act,['bill'],[],119,United States,lower
ocd-bill/d562d8d2-423d-4bb7-9734-b32128504ee6,HR 1762,Forest Service Accountability Act,['bill'],[],119,United States,lower
ocd-bill/e39a3d67-c3e3-4aa7-87ff-96e4b5abfa92,HR 1757,EMPSA Act,['bill'],[],119,United States,lower
ocd-bill/1bb6d01c-04e0-45a9-a990-6bc66dc987de,S 29,Sunshine Protection Act of 2025,['bill'],[],119,United States,upper
ocd-bill/4ee9a92f-0162-4e06-84fa-03b422df14ae,S 237,Honoring Our Fallen Heroes Act of 2025,['bill'],[],119,United States,upper
ocd-bill/6e297da0-29f0-4ef3-8b27-53fec598668e,HR 1678,Homeland Security Improvement Act,['bill'],[],119,United States,lower
ocd-bill/9b3547a9-2230-4b99-b90c-3ceb9df4d73f,HR 1724,No Dollars to Uyghur Forced Labor Act,['bill'],[],119,United States,lower
ocd-bill/427246f6-3dba-4688-a48a-aeb0e259187f,HR 1743,UNITED Act,['bill'],[],119,United States,lower
ocd-bill/4aa02422-7a20-49d5-a282-0e7953140adb,HR 1700,Social Security Expansion Act,['bill'],[],119,United States,lower
ocd-bill/6d2f9505-2f8e-4f47-9690-16ab2ec06ed8,HRES 159,"Expressing support for the designation of the week of February 24 through February 28, 2025, as ""Public Schools Week"".",['resolution'],[],119,United States,lower
ocd-bill/5ced7dc8-c631-4322-95de-65907e2f0d79,HRES 173,"Restoring the promise of freedom: honoring, preserving, and investing in Freedmen's Settlements.",['resolution'],[],119,United States,lower
ocd-bill/05fa9e36-42a6-47ae-90c5-ab795ec41052,HRES 168,Reaffirming the United States commitment to respecting the sovereignty of Mexico and condemning calls for military action in Mexico without Mexico's consent and congressional authorization.,['resolution'],[],119,United States,lower
ocd-bill/04f4f40f-21f5-49e1-96b4-91a13ee4038a,HRES 171,Reaffirming the Twenty-second Amendment.,['resolution'],[],119,United States,lower
ocd-bill/d89814fe-503d-494e-bbc9-f143421fcae2,HRES 172,Raising awareness for the sarcoma cancer chordoma.,['resolution'],[],119,United States,lower
ocd-bill/dcf29bb8-1313-42ef-b031-d3f5c95bd0e9,HR 2487,Transgender Health Care Access Act,['bill'],[],119,United States,lower
ocd-bill/d14e801e-90b4-4459-96ba-abcc08cd8b54,SJRES 18,"A joint resolution disapproving the rule submitted by the Bureau of Consumer Financial Protection relating to ""Overdraft Lending: Very Large Financial Institutions"".",['resolution'],[],119,United States,upper
ocd-bill/c208921a-1188-431c-81a7-3c519b41d52e,HR 1505,Public Safety Employer-Employee Cooperation Act,['bill'],[],119,United States,lower
ocd-bill/7c1aa3a0-295a-4822-adfa-85ce8124b9ae,HR 1526,NORRA of 2025,['bill'],[],119,United States,lower
ocd-bill/e8e8cdca-83bf-434d-9a3b-3df5b7291da3,SJRES 28,"A joint resolution disapproving the rule submitted by the Bureau of Consumer Financial Protection relating to ""Defining Larger Participants of a Market for General-Use Digital Consumer Payment Applications"".",['resolution'],[],119,United States,upper
ocd-bill/a04b3adc-fa88-4171-95b6-a050168c6ecb,HR 649,Whole Milk for Healthy Kids Act of 2025,['bill'],[],119,United States,lower
ocd-bill/5dc45b86-fa83-4d5c-9e4b-2d0a34249bbc,HR 761,HITS Act,['bill'],[],119,United States,lower
ocd-bill/51543cb2-206d-4314-a58e-27d8b0adcbfe,HR 868,Prison Staff Safety Enhancement Act,['bill'],[],119,United States,lower
ocd-bill/36976e14-0bd7-487e-8d1e-98d7c4f0ccba,HR 825,Assisting Small Businesses Not Fraudsters Act,['bill'],[],119,United States,lower
ocd-bill/63640688-68cb-449a-be10-9785595c958d,HR 876,To amend the Defense Base Act to exclude Guam.,['bill'],[],119,United States,lower
ocd-bill/999cf412-b7a6-46a8-a880-17423c074d87,HR 870,Physicians for Underserved Areas Act,['bill'],[],119,United States,lower
ocd-bill/038e232a-047b-4e52-8207-fce6d3ae3df8,SRES 102,A resolution to recognize and celebrate the 30th anniversary of the Denver International Airport.,['resolution'],[],119,United States,upper
ocd-bill/2e619e53-72a5-47ab-9ff6-0750b7f8e2e3,SRES 103,A resolution condemning the rejection by the United States of a United Nations resolution condemning the illegal invasion of Ukraine by the Russian Federation.,['resolution'],[],119,United States,upper
ocd-bill/259942af-516d-4340-90a8-1c0e83f7c743,SRES 101,A resolution affirming the threats to world stability from a nuclear weapons-capable Islamic Republic of Iran.,['resolution'],[],119,United States,upper
ocd-bill/d9109438-c3e8-48cd-bd64-8ac735e8e751,HRES 160,"Recognizing January 2025 as ""National Mentoring Month"".",['resolution'],[],119,United States,lower
ocd-bill/929052e7-3e14-41d2-a4dd-20b98f8c3d0c,SRES 94,"An original resolution authorizing expenditures by committees of the Senate for the periods March 1, 2025, through September 30, 2025, October 1, 2025, through September 30, 2026, and October 1, 2026, through February 28, 2027.",['resolution'],[],119,United States,upper
ocd-bill/6c767bb2-c6b9-465a-9035-e51b4481aed8,HR 438,PFC Joseph P. Dwyer Peer Support Program Act,['bill'],[],119,United States,lower
ocd-bill/9b1fd30c-edf7-4cde-be7a-838d01389b06,HR 1746,SAVE Act,['bill'],[],119,United States,lower
ocd-bill/ecaa054c-ceac-4e8c-8a72-742feb1ce2f5,HRES 64,Affirming the alliance between the United States and the Republic of Korea.,['resolution'],[],119,United States,lower
ocd-bill/beff1ff1-70ea-4081-b705-4ec7f07caea3,S 315,AM Radio for Every Vehicle Act of 2025,['bill'],[],119,United States,upper
ocd-bill/7eb24b9d-c219-46bb-8c3a-7d402c31b2a2,HR 1989,Protect Our Probationary Employees Act,['bill'],[],119,United States,lower
ocd-bill/2b6af23b-7db8-439c-9186-ae7aedb8a2da,HR 2055,Caring for Survivors Act of 2025,['bill'],[],119,United States,lower
ocd-bill/f069377d-cfc4-40a4-bec1-ecdb40b05d44,HR 2201,Improving VA Training for Military Sexual Trauma Claims Act,['bill'],[],119,United States,lower
ocd-bill/2aa901ac-d2e6-4fe4-889d-12c2cfcbf103,HR 1810,Safe Schools Improvement Act,['bill'],[],119,United States,lower
ocd-bill/a4977152-b265-4547-ac8b-d6eb3116668d,HJRES 14,Proposing an amendment to the Constitution of the United States to repeal the sixteenth article of amendment.,['resolution'],[],119,United States,lower
ocd-bill/cd2613cc-98a2-447f-ba82-55aa2ced0b97,HR 1269,Honoring Our Fallen Heroes Act of 2025,['bill'],[],119,United States,lower
ocd-bill/5672d891-034d-4ea8-afb6-fde9544b3445,HR 2069,Stop Secret Spending Act of 2025,['bill'],[],119,United States,lower
ocd-bill/b6c0ec56-b1e4-4aec-960a-0442c3e39b26,HR 1344,Dennis and Lois Krisfalusy Act,['bill'],[],119,United States,lower
ocd-bill/144688bf-181b-4c6a-9e1f-21ee8b5fc00a,HR 217,CHIP IN for Veterans Act,['bill'],[],119,United States,lower
ocd-bill/f41e7dab-b576-455b-a8cf-0c7ee6235df3,HR 1330,Smithsonian National Museum of the American Latino Act,['bill'],[],119,United States,lower
ocd-bill/ef9a6d51-6951-40cf-b20b-54476a82a1c8,HR 2245,Autonomy for Disabled Veterans Act,['bill'],[],119,United States,lower
ocd-bill/9ae1a71b-cf99-4339-8321-09a13633a1c6,S 1105,No UPCODE Act,['bill'],[],119,United States,upper
ocd-bill/6edf9457-c09a-4e8e-b2d3-99cc51a0dc8a,HR 612,Health Care Providers Safety Act of 2025,['bill'],[],119,United States,lower
ocd-bill/432c034f-bd4d-4e66-ba68-5ed5230da797,HR 2221,Office of Management and Budget Inspector General Act,['bill'],[],119,United States,lower
ocd-bill/7717b5a7-8a13-4681-b15f-bf9047addfc4,HR 2522,"To designate the area between the intersections of 18th Street Northwest and Church Street Northwest, and 18th Street Northwest and P Street Northwest, in the District of Columbia as ""Jimmy Lai Way"", and for other purposes.",['bill'],[],119,United States,lower
ocd-bill/3fc115cf-5263-4677-aa03-c405a64716f5,HR 2253,Puppy Protection Act of 2025,['bill'],[],119,United States,lower
ocd-bill/a7ed93ff-8c76-4800-bcaa-ab3c8ee775bb,HR 284,GLRI Act of 2025,['bill'],[],119,United States,lower
ocd-bill/85d835c0-1cf2-47ab-bb40-89d17ffef8c2,HR 397,"To designate the facility of the United States Postal Service located at 216 Cumberland Street in Rochester, New York, as the ""Minister Franklin Florence Memorial Post Office"".",['bill'],[],119,United States,lower
ocd-bill/fce2f37f-729f-498e-a57c-53582aeaeef1,HR 1035,Job Protection Act,['bill'],[],119,United States,lower
ocd-bill/a54cf11b-9c35-4fc8-bf74-c02375d00fd4,HRES 152,Reaffirming the deep and steadfast United States-Canada partnership and the ties that bind the two countries in support of economic and national security.,['resolution'],[],119,United States,lower
ocd-bill/342d94e3-2f18-4c09-9b32-9e71ed2e00b2,HR 1548,Leveling the Playing Field 2.0 Act,['bill'],[],119,United States,lower
ocd-bill/37729254-9fa1-492f-876a-44f07c0e471f,HR 1468,Protect America’s Innovation and Economic Security from CCP Act of 2025,['bill'],[],119,United States,lower
ocd-bill/910ab4ae-136c-4720-a07f-263590507ca1,HR 1591,Security Clearance Review Act,['bill'],[],119,United States,lower
ocd-bill/f448ef70-47f5-44f5-b9ba-7062e4064ba0,HR 1521,DOC Access Act of 2025,['bill'],[],119,United States,lower
ocd-bill/e1bfeeab-6217-4543-a144-a2429bb777ef,HR 1600,Crimea Annexation Non-Recognition Act,['bill'],[],119,United States,lower
ocd-bill/ea097c5e-2f65-46df-b186-6c0ccccbe4fc,HR 1575,No American Land for Communist China Act,['bill'],[],119,United States,lower
ocd-bill/ad37da10-374e-4b4e-8f47-d8ebfe5783f1,HR 1585,Conrad State 30 and Physician Access Reauthorization Act,['bill'],[],119,United States,lower
ocd-bill/93fea355-0e3c-4a3f-ab96-ba1bffc9604a,HR 1666,Pell Grant Sustainability Act,['bill'],[],119,United States,lower
ocd-bill/fc264221-f3c4-47f2-8e18-b0244712fa70,HR 1819,To authorize the President to award the Medal of Honor to E. Royce Williams for acts of valor during the Korean War.,['bill'],[],119,United States,lower
ocd-bill/d19e125e-58f5-4386-b087-78fd4e5ef240,HR 1784,Medicare Fraud Detection and Deterrence Act of 2025,['bill'],[],119,United States,lower
ocd-bill/7de123bd-f6fb-40b7-912b-6fffe31ec195,HR 1769,Local Zoning Decisions Protection Act of 2025,['bill'],[],119,United States,lower
ocd-bill/bae2c4dd-135c-4c80-9d84-7b74838962b9,HR 1817,Arturo Alfonso Schomburg Congressional Gold Medal Act,['bill'],[],119,United States,lower
ocd-bill/847036f8-71af-4041-b10b-0ad625b4883e,HR 1764,Aligning SEC Regulations for the World Bank’s International Development Association Act,['bill'],[],119,United States,lower
ocd-bill/1a69a68e-89e4-4cdb-bcdf-b5c9733c3745,HR 1774,"To amend title 23, United States Code, to withhold certain apportionment funds from the District of Columbia unless the Mayor of the District of Columbia removes the phrase Black Lives Matter from the street symbolically designated as Black Lives Matter Plaza, redesignates such street as Liberty Plaza, and removes such phrase from each website, document, and other material under the jurisdiction of the District of Columbia.",['bill'],[],119,United States,lower
ocd-bill/adb37b18-55a2-4c94-8cd9-66d53db499c0,HR 1808,Keep America’s Waterfronts Working Act of 2025,['bill'],[],119,United States,lower
ocd-bill/9ffc276d-39f7-4506-b6b5-36b80c7036bc,HR 1792,No Tax Dollars for the United Nation’s Immigration Invasion Act,['bill'],[],119,United States,lower
ocd-bill/febae65b-f4e2-4af2-8d26-5a06fd83ad4d,HR 1771,Improper Payments Transparency Act,['bill'],[],119,United States,lower
ocd-bill/bf212ac5-0302-4bdf-9be3-553b10cb9ae8,HR 1809,Great Lakes Fishery Research Reauthorization Act,['bill'],[],119,United States,lower
ocd-bill/d1eee5d1-1753-4029-a4ef-b26942ef7042,HR 1807,Protecting Federal Agencies and Employees from Political Interference Act of 2025,['bill'],[],119,United States,lower
ocd-bill/35cbae64-f8a3-4837-b639-66a517ef17aa,HR 1797,Employment Services and Jobs Parity Act,['bill'],[],119,United States,lower
ocd-bill/3b615c08-962d-4c4e-99d3-eb7b3e6c43c0,HR 1783,American Apprenticeship Act,['bill'],[],119,United States,lower
ocd-bill/76e18233-3e71-438a-a14d-901bfcb10952,HR 1770,Consumer Safety Technology Act,['bill'],[],119,United States,lower
ocd-bill/3f046e08-0650-40f9-a269-084a870b7535,HR 1794,United States-Abraham Accords Cooperation and Security Act of 2025,['bill'],[],119,United States,lower
ocd-bill/35aee5dc-f75c-4745-823b-a7c00c4d4b23,HR 1765,Promoting United States Wireless Leadership Act of 2025,['bill'],[],119,United States,lower
ocd-bill/bb0be195-2cb0-4c89-a0ba-33015a4379d6,HR 1811,Judicial Ethics Enforcement Act of 2025,['bill'],[],119,United States,lower
ocd-bill/5737cd06-163e-4986-b7a9-9d9f611d9bb9,HR 1804,7(a) Loan Agent Oversight Act,['bill'],[],119,United States,lower
ocd-bill/c94b7b76-9b53-4f01-8dbd-28fc2a97dae9,HR 1789,Promptly Ending Political Prosecutions and Executive Retaliation Act of 2025,['bill'],[],119,United States,lower
ocd-bill/e2a83eec-e731-418e-8691-abde7221d340,HR 1775,Second Chances for Rural Hospitals Act,['bill'],[],119,United States,lower
ocd-bill/19aaa9f0-a06c-41fa-908e-36b7db0d9b6d,HR 1805,ARCH Act,['bill'],[],119,United States,lower
ocd-bill/8906546b-9808-45dd-8ef1-d75ffdbf16c4,HR 1767,Awning Safety Act of 2025,['bill'],[],119,United States,lower
ocd-bill/88b42de8-92a3-4111-9952-1733f714b6f0,HR 1772,Designation of English as the Official Language of the United States Act of 2025,['bill'],[],119,United States,lower
ocd-bill/7528804e-15fa-40a2-bd6d-402fb4dff0e3,HR 1813,"To amend the Child Nutrition Act of 1966 to set maximum monthly allowances for milk under the special supplemental nutrition program for women, infants, and children.",['bill'],[],119,United States,lower
ocd-bill/2323d472-db1c-4347-9d7b-302ecd8612a7,HR 1777,SECURE Notarization Act of 2025,['bill'],[],119,United States,lower
ocd-bill/debe7a02-bdae-481a-8029-93a9f15ff78b,HR 1791,Increasing Credit Union Lending for Business Growth Act,['bill'],[],119,United States,lower
ocd-bill/84e3d955-396f-4d59-bf47-418a132117a3,HJRES 69,Providing for congressional disapproval of the proposed foreign military sale to Israel of certain defense articles and services.,['resolution'],[],119,United States,lower
ocd-bill/1ccb5956-6a77-401d-990f-23dece843708,HJRES 67,Original Slavery Remembrance Month Resolution,['resolution'],[],119,United States,lower
ocd-bill/0fd0f647-5ef1-4488-8e72-62eac9e1debf,HJRES 61,"Providing for congressional disapproval under chapter 8 of title 5, United States Code, of the rule submitted by the Environmental Protection Agency relating to ""National Emission Standards for Hazardous Air Pollutants: Rubber Tire Manufacturing"".",['resolution'],[],119,United States,lower
ocd-bill/88b27345-f1a8-432d-a1b0-a424084a804f,HRES 183,Supporting the designation of March as National CHamoru Heritage and Culture Month.,['resolution'],[],119,United States,lower
ocd-bill/1fb5b7f2-bfe8-40d2-8b2e-179b8039641d,HCONRES 4,Expressing the sense of Congress that tax-exempt fraternal benefit societies have historically provided and continue to provide critical benefits to the people and communities of the United States.,['resolution'],[],119,United States,lower
ocd-bill/bc40e6f8-4f2b-41c9-97b4-e03170e426f0,HRES 184,Providing for consideration of the bill (H.R. 185) to advance responsible policies.,['resolution'],[],119,United States,lower
ocd-bill/f9558e2c-1cc0-4af4-8bc0-c5c86b292ffb,HRES 178,Put Your Money Where Your Mouth Is Resolution,['resolution'],[],119,United States,lower
ocd-bill/4ec8c965-3c8f-4386-8548-0ea73a336e54,HR 1400,"To amend title 38, United States Code, to establish a presumption that certain veterans were exposed to radiation and other toxins at the Nevada Test and Training Range for purposes of the treatment of certain disabilities under the laws administered by the Secretary of Veterans Affairs, and for other purposes.",['bill'],[],119,United States,lower
ocd-bill/537cc66c-2abf-4a56-ae65-529adea6e742,HRES 181,Original Black History Month Resolution of 2025,['resolution'],[],119,United States,lower
ocd-bill/ef4936aa-d0e2-4f39-9249-3bbf30e227ab,HRES 180,Supporting the designation of March 2025 as National Colorectal Cancer Awareness Month.,['resolution'],[],119,United States,lower
ocd-bill/8f01f140-8c03-4fe3-a883-796b8711726a,HRES 182,"Expressing support for the designation of March 3, 2025, as ""National Triple-Negative Breast Cancer Day"".",['resolution'],[],119,United States,lower
ocd-bill/06f999bf-ed8f-45cb-8fb0-03e1fa14ed0c,SJRES 27,A joint resolution providing for congressional disapproval of the proposed foreign military sale to Israel of certain defense articles and services.,['resolution'],[],119,United States,upper
ocd-bill/e36cb349-1dc3-4a9a-a4f8-e7c89561299b,SJRES 11,"A joint resolution providing for congressional disapproval under chapter 8 of title 5, United States Code, of the rule submitted by the Bureau of Ocean Energy Management relating to ""Protection of Marine Archaeological Resources"".",['resolution'],[],119,United States,upper
ocd-bill/2ebc0a75-0e84-4a90-85e8-ca51dfdd5d19,S 658,Protecting Investors’ Personally Identifiable Information Act,['bill'],[],119,United States,upper
ocd-bill/6e9b28b6-294a-4d1d-b5a6-c280dfa447d9,SJRES 25,A joint resolution providing for congressional disapproval of the proposed foreign military sale to Israel of certain defense articles and services.,['resolution'],[],119,United States,upper
ocd-bill/074f6c71-e768-478c-81aa-a7c6b86f19c5,S 761,Truth and Healing Commission on Indian Boarding School Policies Act of 2025,['bill'],[],119,United States,upper
ocd-bill/f57269ab-bc5e-4729-a459-4b99cb5182f3,S 745,Empowering Families in Special Education Act,['bill'],[],119,United States,upper
ocd-bill/4aecf5fa-4fa0-498c-a2ee-31d9e16535dc,S 807,Guarding Readiness Resources Act,['bill'],[],119,United States,upper
ocd-bill/30325e59-e9c1-4faa-951c-d56b5a89eece,HJRES 20,"Providing for congressional disapproval under chapter 8 of title 5, United States Code, of the rule submitted by the Department of Energy relating to ""Energy Conservation Program: Energy Conservation Standards for Consumer Gas-fired Instantaneous Water Heaters"".",['resolution'],[],119,United States,lower
ocd-bill/144b4a96-85b0-42ba-95ff-3bd31b4cba9a,S 33,SOPRA,['bill'],[],119,United States,upper
ocd-bill/0a8b9062-3e71-4bfe-8b84-492f63d77c4a,HR 1877,Protecting Americans’ Social Security Data Act,['bill'],[],119,United States,lower
ocd-bill/f9456004-dbc0-49f5-afdf-45d6b4bcdc61,HR 1065,Protect Our Letter Carriers Act of 2025,['bill'],[],119,United States,lower
ocd-bill/2336550b-c4ef-4607-b02e-f9888c617bcb,HR 1013,Retirement Fairness for Charities and Educational Institutions Act of 2025,['bill'],[],119,United States,lower
ocd-bill/137cea48-614f-4545-8c56-5595e4df59ad,HR 451,FAIR PREP Act of 2025,['bill'],[],119,United States,lower
ocd-bill/93d464e6-8858-4652-a436-0a63fdb481d9,HRES 177,"Providing for consideration of the joint resolution (H.J. Res. 42) providing for congressional disapproval under chapter 8 of title 5, United States Code, of the rule submitted by the Department of Energy relating to ""Energy Conservation Program for Appliance Standards: Certification Requirements, Labeling Requirements, and Enforcement Provisions for Certain Consumer Products and Commercial Equipment""; providing for consideration of the joint resolution (H.J. Res. 61) providing for congressional disapproval under chapter 8 of title 5, United States Code, of the rule submitted by the Environmental Protection Agency relating to ""National Emission Standards for Hazardous Air Pollutants: Rubber Tire Manufacturing""; and providing for consideration of the joint resolution (S.J. Res. 11) providing for congressional disapproval under chapter 8 of title 5, United States Code, of the rule submitted by the Bureau of Ocean Energy Management relating to ""Protection of Marine Archaeological Resources"".",['resolution'],[],119,United States,lower
ocd-bill/69db0a76-f0f1-42be-997a-f05c4fb1f142,SCONRES 8,A concurrent resolution supporting the Local Radio Freedom Act.,['resolution'],[],119,United States,upper
ocd-bill/198dea45-1ae8-4ecd-a817-f102d74edaba,S 822,Scientific EXPERT Act of 2025,['bill'],[],119,United States,upper
ocd-bill/0d4077d3-f609-464e-b21b-9cfc1420dbf0,S 817,Falun Gong Protection Act,['bill'],[],119,United States,upper
ocd-bill/b62b8c37-9c03-4198-99d0-91441725a5a3,S 818,Abandoned Well Remediation Research and Development Act,['bill'],[],119,United States,upper
ocd-bill/00094dc0-3f15-4568-9785-3a4cd0f0604e,S 815,"A bill to designate the outdoor amphitheater at the Blue Ridge Music Center in Galax, Virginia, as the ""Rick Boucher Amphitheater"".",['bill'],[],119,United States,upper
ocd-bill/2a9ea95b-237d-497f-8f50-613fe77570da,S 820,Caribbean Basin Security Initiative Authorization Act,['bill'],[],119,United States,upper
ocd-bill/56c135d2-7f52-4d21-af73-1078163b0de2,S 812,"A bill to direct the Secretary of Veterans Affairs to ensure veterans may obtain a physical copy of a form for reimbursement of certain travel expenses by mail or at medical facilities of the Department of Veterans Affairs, and for other purposes.",['bill'],[],119,United States,upper
ocd-bill/3617d8bb-ebd3-4a42-aa4d-a2a7bb130901,S 814,"A bill to designate the facility of the United States Postal Service located at 28 East Airy Street in Norristown, Pennsylvania, as the ""Charles L. Blockson Post Office Building"".",['bill'],[],119,United States,upper
ocd-bill/4d483145-0fc9-464e-bb5b-1740b896c679,S 823,Intergovernmental Critical Minerals Task Force Act,['bill'],[],119,United States,upper
ocd-bill/2249e1c2-6443-43c7-89bb-ce1f29069e80,SJRES 29,"A joint resolution providing for congressional disapproval under chapter 8 of title 5, United States Code, of the rule submitted by the Environmental Protection Agency relating to ""Air Plan Approval; Ohio; Withdrawal of Technical Amendment"".",['resolution'],[],119,United States,upper
ocd-bill/c2ca070e-999e-4302-a0fa-206bf3962ac8,HR 7,No Taxpayer Funding for Abortion and Abortion Insurance Full Disclosure Act of 2025,['bill'],[],119,United States,lower
ocd-bill/00098fdb-dc75-475a-9b78-acf403e18884,HR 620,FARM Act,['bill'],[],119,United States,lower
ocd-bill/824019d2-485c-496e-b8eb-c2d428736dbf,S 673,Miccosukee Reserved Area Amendments Act,['bill'],[],119,United States,upper
ocd-bill/06b3a65f-b51f-4648-8f7e-0f6785b3348b,S 723,Tribal Trust Land Homeownership Act of 2025,['bill'],[],119,United States,upper
ocd-bill/bd018685-fdb7-4513-9981-a51322b5d32e,S 748,"A bill to reaffirm the applicability of the Indian Reorganization Act to the Lytton Rancheria of California, and for other purposes.",['bill'],[],119,United States,upper
ocd-bill/7f3d9fad-d04f-4c00-a8c6-a2400891fca3,SJRES 30,"A joint resolution providing for congressional disapproval under chapter 8 of title 5, United States Code, of the rule submitted by the National Park Service relating to ""Glen Canyon National Recreation Area; Motor Vehicles"".",['resolution'],[],119,United States,upper
ocd-bill/cecd56a0-364a-4a84-b2c7-abb83261bbb3,HR 563,No Retaining Every Gun In a System That Restricts Your Rights Act,['bill'],[],119,United States,lower
ocd-bill/b46755c3-94d4-4ad1-bf69-8753ab1249c8,HRES 153,"Expressing condolences to the families, friends, and loved ones of the victims of the crash of American Eagle Flight 5342 and PAT 25, and for other purposes.",['resolution'],[],119,United States,lower
ocd-bill/a1d84d5d-1346-44f1-b7ff-413c0e91bf46,HR 2701,"To direct the American Battle Monuments Commission to establish a program to identify American-Jewish servicemembers buried in United States military cemeteries overseas under markers that incorrectly represent their religion and heritage, and for other purposes.",['bill'],[],119,United States,lower
ocd-bill/ff6f6cd3-af1e-4bea-9330-b5c7e9e32306,HR 2661,"To require the President to remove the extension of certain privileges, exemptions, and immunities to the Hong Kong Economic and Trade Offices if Hong Kong no longer enjoys a high degree of autonomy from the People's Republic of China, and for other purposes.",['bill'],[],119,United States,lower
ocd-bill/5cd73b19-3f06-4339-845e-480fef2718a8,HR 2695,To amend the Public Health Service Act to reauthorize grants for building communities of recovery.,['bill'],[],119,United States,lower
ocd-bill/ba33ad2f-6cf2-4848-8eb9-fbf5dc07510c,HR 2687,To amend the Internal Revenue Code of 1986 to provide a refundable tax credit for non-directed living kidney donations.,['bill'],[],119,United States,lower
ocd-bill/a4553605-ddee-46d3-a761-8b9a06ba0f8b,HRES 295,Expressing Support for the President's Actions to Safeguard National Security and Eliminate Threats from Foreign Terrorist Organizations.,['resolution'],[],119,United States,lower
ocd-bill/dd9579f2-f3ad-4ce3-8bf3-963b613d579a,HR 2666,"To amend the Congressional Budget and Impoundment Control Act of 1974 to require the Congressional Budget Office to provide an analysis with respect to major legislation over time, and for other purposes.",['bill'],[],119,United States,lower
ocd-bill/d1daabab-4773-49ef-b6b8-01d442704177,S 749,Justice for ALS Veterans Act of 2025,['bill'],[],119,United States,upper
ocd-bill/03d32af6-b678-442b-a5b8-01612caa5b82,HR 2684,"To require the Department of Housing and Urban Development to inspect certain public housing developments to ensure compliance with housing quality and safety standards, and for other purposes.",['bill'],[],119,United States,lower
ocd-bill/fd1652c0-7168-4ebb-9e5d-5c8d203eb558,HR 970,Fairness for Servicemembers and their Families Act of 2025,['bill'],[],119,United States,lower
ocd-bill/61e9eee9-7361-48ff-9e15-87c482492dfe,SRES 158,"A resolution expressing the sense of the Senate that paraprofessionals and education support staff should have fair compensation, benefits, and working conditions.",['resolution'],[],119,United States,upper
ocd-bill/3df116f2-0538-4317-98ed-c5da93f5737d,HR 2690,"To amend the Workforce Innovation and Opportunity Act to define employer-directed skills development, and for other purposes.",['bill'],[],119,United States,lower
ocd-bill/48f37139-1bb6-4cdc-8cd7-d9220bcad039,S 1211,AID Youth Employment Act,['bill'],[],119,United States,upper
ocd-bill/6b5ed219-95c3-4586-9421-10a10e3d9b59,HR 1663,VSAFE Act of 2025,['bill'],[],119,United States,lower
ocd-bill/d6fbc94b-d73f-4ac7-86fc-23a0869d8cab,HRES 297,"Expressing the sense of the House of Representatives that paraprofessionals and education support staff should have fair compensation, benefits, and working conditions.",['resolution'],[],119,United States,lower
ocd-bill/f0035553-6c50-4382-84d1-0cf7934bbde6,S 1215,"A bill to establish the Cesar E. Chavez and the Farmworker Movement National Historical Park in the States of California and Arizona, and for other purposes.",['bill'],[],119,United States,upper
ocd-bill/4926fb52-d806-4633-8653-7e8f8211f291,HR 2686,To amend the Internal Revenue Code of 1986 to impose penalties with respect to civil rights violations by certain tax-exempt educational institutions.,['bill'],[],119,United States,lower
ocd-bill/cda21099-7089-42fb-b669-888e5a5db156,HR 2693,To amend the District of Columbia Home Rule Act to permit the Chairman of the Council of the District of Columbia to transmit Acts of the District of Columbia to Congress in electronic form.,['bill'],[],119,United States,lower
ocd-bill/7ab56ab6-1a7f-44d1-8e62-847cf910d3fb,HR 2672,To authorize the continuation of lawful nonimmigrant status for certain religious workers affected by the backlog for religious worker immigrant visas.,['bill'],[],119,United States,lower
ocd-bill/1e0dead0-83f0-487a-97f5-9f108ca9512d,S 1312,A bill to establish the Office of the Special Investigator for Competition Matters within the Department of Agriculture.,['bill'],[],119,United States,upper
ocd-bill/df3d45b4-9614-4f02-b5cc-306b6d7da850,HR 2676,"To amend title 5, United States Code, to eliminate the use of official time by Federal employees.",['bill'],[],119,United States,lower
ocd-bill/2390726f-d518-40dc-87ec-27cf2d4759cf,HR 2697,"To amend the John D. Dingell, Jr. Conservation, Management, and Recreation Act to designate as a component of the National Heritage Area System the Finger Lakes National Heritage Area in the State of New York, and for other purposes.",['bill'],[],119,United States,lower
ocd-bill/021ae0a0-a15f-40b0-95c5-4078745a432f,HR 2664,"To amend the Higher Education Act of 1965 to provide for additional uses of funds for grants to strengthen historically Black colleges and universities, and for other purposes.",['bill'],[],119,United States,lower
ocd-bill/7364157f-9f33-404e-93cb-383c254db192,HR 2699,"To amend the Communications Act of 1934 to require providers of cable service and telephone service to charge veterans' organizations residential rates for such services, and for other purposes.",['bill'],[],119,United States,lower
ocd-bill/85faf669-938e-49c3-aa89-c9756dacb180,HR 2659,Strengthening Cyber Resilience Against State-Sponsored Threats Act,['bill'],[],119,United States,lower
ocd-bill/791e2fe1-fbec-4f48-8043-48e140f54f59,HRES 296,Congratulating the Los Angeles Dodgers for winning the 2024 Major League Baseball World Series.,['resolution'],[],119,United States,lower
ocd-bill/37562b46-6459-4831-9fe4-75ca2cb5d383,HR 2663,"To establish the American Collegiate Sports Association, and for other purposes.",['bill'],[],119,United States,lower
ocd-bill/c03030d2-7214-46d0-9bec-2fc1bcc8dcc3,HR 877,Deliver for Veterans Act,['bill'],[],119,United States,lower
ocd-bill/a30eebe5-dff8-4890-b166-7e2a68417b8d,S 1315,A bill to amend the Internal Revenue Code of 1986 to provide a refundable credit for certain home accessibility improvements.,['bill'],[],119,United States,upper
ocd-bill/c8c03bde-c750-4cd8-8bcc-efe64d39a8c4,S 1316,A bill to amend the Omnibus Crime Control and Safe Streets Act of 1968 to provide that COPS grant funds may be used for local law enforcement recruits to attend schools or academies if the recruits agree to serve in precincts of law enforcement agencies in their communities.,['bill'],[],119,United States,upper
ocd-bill/c1feb8c3-9c6e-40b3-8a47-d7d4935f5f1f,HR 2685,"To prohibit the Administrator of the Transportation Security Administration from accepting warrants for the arrest of aliens as valid proof of identification at aviation security checkpoints, and for other purposes.",['bill'],[],119,United States,lower
ocd-bill/140deb2d-10f8-442d-8d32-b1cebac15085,HR 2660,To amend the Internal Revenue Code of 1986 to exempt qualified student loan bonds from the volume cap and the alternative minimum tax.,['bill'],[],119,United States,lower
ocd-bill/e0fe85b7-9e5b-4b40-b4da-43a1672afff7,HR 2700,"To require State educational agencies to implement policies prohibiting the use or possession of personal mobile phones by students in public school classrooms during school hours, and for other purposes.",['bill'],[],119,United States,lower
ocd-bill/f4169534-9ab0-42bc-9eb2-631e671f54d7,S 1313,"A bill to amend title 5, United States Code, to eliminate the use of official time by Federal employees.",['bill'],[],119,United States,upper
ocd-bill/c439ea7c-b2a0-4117-acf9-e7becdbbbf42,HR 2662,"To amend title 49, United States Code, to prohibit staged collisions with commercial motor vehicles, and for other purposes.",['bill'],[],119,United States,lower
ocd-bill/34ac6711-91a3-40f2-8957-3b890f971d96,HRES 299,Expressing support for the designation of July 2025 as Veterans Appreciation Month.,['resolution'],[],119,United States,lower
ocd-bill/8ad477f7-ec2d-4d66-8158-b43b3885d502,HR 2674,"To amend the Homeland Security Act of 2002 to require the Under Secretary for Science and Technology of the Department of Homeland Security to research and develop approaches to mitigate identified or potential negative effects of climate change on homeland security, and for other purposes.",['bill'],[],119,United States,lower
ocd-bill/50fa00f5-1c8b-475a-b7fe-a13c1fc8f5d9,HR 2681,"To amend the Strom Thurmond National Defense Authorization Act for Fiscal Year 1999 to provide for the transfer of the Moab site to Grand County, Utah, and for other purposes.",['bill'],[],119,United States,lower
ocd-bill/638ae2d4-20ab-4450-a80b-e3437779f22c,HR 2680,"To amend the Child Nutrition Act of 1966 and the Richard B. Russell National School Lunch Act to eliminate reduced price breakfasts and lunches and to require that the income guidelines for determining eligibility for free breakfasts and free lunches be 224 percent of the poverty level, and for other purposes.",['bill'],[],119,United States,lower
ocd-bill/676e0793-bc07-4b57-85f5-0509e1d36bcd,HR 2667,To amend the Internal Revenue Code of 1986 to allow distributions from a health flexible spending arrangement or health reimbursement arrangement directly to a health savings account in connection with establishing coverage under a high deductible health plan.,['bill'],[],119,United States,lower
ocd-bill/0dd68b0a-a003-43c6-9300-d17770d17dc0,HR 2677,"To establish the Constitutional Government Review Commission, and for other purposes.",['bill'],[],119,United States,lower
ocd-bill/6d7db922-8ce8-48f8-b774-40cb250b447a,HR 2689,To amend the Securities Exchange Act of 1934 to transfer authorities and duties of registered national securities associations to the Securities and Exchange Commission.,['bill'],[],119,United States,lower
ocd-bill/ca33731b-9275-45c8-b9a1-3943702bbd3f,HR 2696,"To establish the American Worker Retirement Plan, improve the financial security of working Americans by facilitating the accumulation of wealth, and for other purposes.",['bill'],[],119,United States,lower
ocd-bill/1233274a-1cf4-4531-8352-c719bdd0525c,HR 2683,To provide for control of remote access of items under the Export Control Reform Act of 2018.,['bill'],[],119,United States,lower
ocd-bill/8237671c-02a0-41e9-a3b3-91b20fdd40df,HR 2673,"To amend the Outer Continental Shelf Lands Act to prohibit oil and natural gas exploration, development, and production in certain areas of the Outer Continental Shelf off the coast of Florida, and for other purposes.",['bill'],[],119,United States,lower
ocd-bill/73bcab6b-f921-439f-9e4a-4fd31c15f584,S 1318,"A bill to direct the American Battle Monuments Commission to establish a program to identify American-Jewish servicemembers buried in United States military cemeteries overseas under markers that incorrectly represent their religion and heritage, and for other purposes.",['bill'],[],119,United States,upper
ocd-bill/154c46ef-698d-498d-864f-fc0df702bf67,SRES 161,"A resolution expressing support for the designation of the week of April 7 through April 11, 2025, as ""National Assistant Principals Week"".",['resolution'],[],119,United States,upper
ocd-bill/0f929461-a253-43c2-b691-0e2e42bb82b7,HR 2671,To amend the Internal Revenue Code of 1986 to allow workers an above-the-line deduction for union dues and expenses and to allow a miscellaneous itemized deduction for workers for all unreimbursed expenses incurred in the trade or business of being an employee.,['bill'],[],119,United States,lower
ocd-bill/a2adec53-7822-4ad2-8f7a-c8f7f52c6922,HR 2691,"To abolish the Department of Education and to provide funding directly to States for elementary and secondary education, and for other purposes.",['bill'],[],119,United States,lower
ocd-bill/b1dc04b7-d6a2-4e9b-92b6-a5ba92ec409e,S 1314,A bill to amend the Internal Revenue Code of 1986 to provide that floor plan financing includes the financing of certain trailers and campers.,['bill'],[],119,United States,upper
ocd-bill/982e140b-7a9f-4be9-8701-dd2bd7217cd3,HRES 298,"Expressing support for the designation of April 7, 2025, as ""World Health Day"" and recognizing the importance of prioritizing public health nationally and globally.",['resolution'],[],119,United States,lower
ocd-bill/f5c4c3c9-36bf-4d8b-9545-d1a773f95530,HR 2679,To direct the Secretary of Energy to establish and carry out a program to provide rebates for the purchase and installation of cool roof products.,['bill'],[],119,United States,lower
ocd-bill/f73f221a-4abe-496a-8ec6-182d069c3a4d,HR 2682,"To amend the Elementary and Secondary Education Act of 1965 to establish a grant program that will support efforts at the State level to establish anti-bullying task forces to study, address, and reduce bullying in elementary and secondary schools, and for other purposes.",['bill'],[],119,United States,lower
ocd-bill/ac4402fe-100f-4c45-a4cd-6317b81664ba,HR 2665,"To provide for notification to, and review by, Congress with respect to the imposition of duties.",['bill'],[],119,United States,lower
ocd-bill/f606e341-e83c-4301-b2fc-87e896f61ec9,HRES 282,"Providing for consideration of the joint resolution (S.J. Res. 18) disapproving the rule submitted by the Bureau of Consumer Financial Protection relating to ""Overdraft Lending: Very Large Financial Institutions''; providing for consideration of the joint resolution (S.J. Res. 28) disapproving the rule submitted by the Bureau of Consumer Financial Protection relating to ''Defining Larger Participants of a Market for General-Use Digital Consumer Payment Applications''; providing for consideration of the bill (H.R. 1526) to amend title 28, United States Code, to limit the authority of district courts to provide injunctive relief, and for other purposes; providing for consideration of the bill (H.R. 22) to amend the National Voter Registration Act of 1993 to require proof of United States citizenship to register an individual to vote in elections for Federal office, and for other purposes; and for other purposes.",['resolution'],[],119,United States,lower
ocd-bill/e7ac8895-cd4b-43e8-8f69-5290a81419e5,HR 2668,"To amend the Omnibus Crime Control and Safe Streets Act of 1968 to authorize the use of Edward Byrne Memorial Justice Assistance Grant Program funds to support State and local efforts to reduce crime and recidivism through the expansion and enhancement of pre-incarceration diversion and rehabilitation programs, and for other purposes.",['bill'],[],119,United States,lower
ocd-bill/c5200e5c-36d3-4ca9-974c-d1630d27eb8e,S 1317,A bill to amend the Higher Education Act of 1965 to require additional disclosures relating to gifts and contracts from foreign sources.,['bill'],[],119,United States,upper
ocd-bill/9bb6bc68-a03b-4ec3-b56f-1390077e7654,SRES 160,A resolution supporting the goals and ideals of National Safe Digging Month.,['resolution'],[],119,United States,upper
ocd-bill/40f75ffd-e3e5-43a0-960d-fe7a9e284502,HR 2586,Reentry Act of 2025,['bill'],[],119,United States,lower
ocd-bill/1022f62f-758e-441f-9082-1e2d7c0ae7d4,HRES 294,"Providing for consideration of the joint resolution (S.J. Res. 18) disapproving the rule submitted by the Bureau of Consumer Financial Protection relating to ""Overdraft Lending: Very Large Financial Institutions""; providing for consideration of the joint resolution (S.J. Res. 28) disapproving the rule submitted by the Bureau of Consumer Financial Protection relating to ""Defining Larger Participants of a Market for General-Use Digital Consumer Payment Applications""; providing for consideration of the bill (H.R. 1526) to amend title 28, United States Code, to limit the authority of district courts to provide injunctive relief, and for other purposes; providing for consideration of the bill (H.R. 22) to amend the National Voter Registration Act of 1993 to require proof of United States citizenship to register an individual to vote in elections for Federal office, and for other purposes; and for other purposes.",['resolution'],[],119,United States,lower
ocd-bill/326e95de-c172-41fd-b087-1ef63514f4eb,HR 2678,"To provide for further comprehensive research at the National Institute of Neurological Disorders and Stroke on unruptured intracranial aneurysms, and for other purposes.",['bill'],[],119,United States,lower
ocd-bill/72839f87-938f-4b41-9ca9-823ceda19e9f,HR 2694,"To amend the Help America Vote Act of 2002 to establish deadlines for States to count the ballots cast in elections for Federal office and to certify the results of elections for Federal office, and for other purposes.",['bill'],[],119,United States,lower
ocd-bill/6eff6cd3-7ac9-499d-93c5-bfdea3e3ca8a,SRES 159,"A resolution honoring the life of the Honorable John Bennett Johnston, Jr., former Senator for the State of Louisiana.",['resolution'],[],119,United States,upper
ocd-bill/f9232d59-8c50-4c5b-a83c-c8ff2822e9e5,HR 2688,"To prohibit a student athlete from being considered an employee of an institution, a conference, or an association based on participation in certain intercollegiate athletics.",['bill'],[],119,United States,lower
ocd-bill/5529a008-08ba-4651-9e08-5c1444b1f959,HRES 293,"Providing for the announcement of pairs from a written list furnished to the Clerk, and for other purposes.",['resolution'],[],119,United States,lower
ocd-bill/2f38bc63-3826-44d9-a374-e7a800a24d39,HR 2692,To amend the Internal Revenue Code of 1986 to end the tax subsidy for employer efforts to influence their workers' exercise of their rights around labor organizations and engaging in collective action.,['bill'],[],119,United States,lower
ocd-bill/40799378-4b9f-46a8-9570-6e6d3a63c81a,HR 2669,"To establish a new Justice Department grant program to reduce the number of individuals incarcerated in local jails, reduce the number of days individuals are incarcerated in local jails, and support community-led local justice reinvestment.",['bill'],[],119,United States,lower
ocd-bill/7aab7969-11f4-4488-8391-ef07e42322b9,HR 2675,"To amend chapter 111 of title 28, United States Code, to increase transparency and oversight of third-party funding by foreign persons, to prohibit third-party funding by foreign states and sovereign wealth funds, and for other purposes.",['bill'],[],119,United States,lower
ocd-bill/bb8025bd-e53a-4733-b588-c29ae2cb41e2,HR 2698,"To amend the Homeland Security Act of 2002 to direct the Department of Homeland Security to bolster security against threats posed by ghost guns, and for other purposes.",['bill'],[],119,United States,lower
ocd-bill/582f6212-bebe-4d9f-a988-3463f03e1cf6,HR 1939,U.S. Engagement in Sudanese Peace Act,['bill'],[],119,United States,lower
ocd-bill/55ce9295-0560-4902-ae84-668095485fc3,HR 1964,Las Cruces Bataan Memorial Clinic Act,['bill'],[],119,United States,lower
ocd-bill/31cbd68c-0771-482a-aebf-d2fb032601c2,HR 1941,Preventing Deepfakes of Intimate Images Act,['bill'],[],119,United States,lower
ocd-bill/756ccd97-3732-4050-9bd3-44b4afefc07e,HR 1967,Renaming the National School Lunch Program Act of 2025,['bill'],[],119,United States,lower
ocd-bill/54c6ffb8-629c-4bcd-a8cf-69f66788305a,HR 1908,End Congressional Stock Trading Act,['bill'],[],119,United States,lower
ocd-bill/05fc0245-5e2a-48a3-8ab1-7d4361f80937,HR 1940,Tanning Tax Repeal Act of 2025,['bill'],[],119,United States,lower
ocd-bill/26b6d52b-4e26-445c-bb1f-c54e4e0d0a68,HRES 198,Providing for the expenses of certain committees of the House of Representatives in the One Hundred Nineteenth Congress.,['resolution'],[],119,United States,lower
ocd-bill/550d9af3-de63-4e44-a818-f5d12968bca7,HRES 201,Removing certain Members from standing committees of the House of Representatives.,['resolution'],[],119,United States,lower
ocd-bill/d65dc622-9299-4892-84ea-937ba8afb00a,S 893,Guaranteeing Overtime for Truckers Act,['bill'],[],119,United States,upper
ocd-bill/4b40a2dd-95dd-43df-b93d-195e57c7f52c,S 699,Purchased and Referred Care Improvement Act of 2025,['bill'],[],119,United States,upper
ocd-bill/67345783-c214-4f69-8167-419f115c5199,S 789,Critical Minerals Security Act of 2025,['bill'],[],119,United States,upper
ocd-bill/029ae29a-6a36-478f-8a43-8468d22b54d7,HR 2725,"To amend the Internal Revenue Code of 1986 to reform the low-income housing credit, and for other purposes.",['bill'],[],119,United States,lower
ocd-bill/039471b5-a6ec-4bba-9250-ce5232c73a88,S 1351,"A bill to direct the Comptroller General of the United States to conduct a study to evaluate the activities of sister city partnerships operating within the United States, and for other purposes.",['bill'],[],119,United States,upper
ocd-bill/4fcf0da0-1f74-4cf1-bd33-bbb6b4fc04b7,HR 2730,"To include pregnancy and loss of pregnancy as qualifying life events under the TRICARE program and to require a study on maternal health in the military heath system, and for other purposes.",['bill'],[],119,United States,lower
ocd-bill/157ed473-65db-41fe-9c23-549918bed62a,HR 2732,"To amend the Family and Medical Leave Act of 1993 to prohibit an employer from recovering any health care premium paid by the employer for an employee if the employee fails to return to work due to the birth of a child, and for other purposes.",['bill'],[],119,United States,lower
ocd-bill/7938968c-ff38-414d-b064-92250459c25b,HR 2747,"To require the Secretary of Housing and Urban Development to establish a grant and loan program that provides amounts to eligible entities to use to develop, create, or preserve qualifying affordable dwelling units, and for other purposes.",['bill'],[],119,United States,lower
ocd-bill/3f1d41b9-d37d-4f83-8b2d-40fbe22f1cdd,S 1348,"A bill to amend the Family and Medical Leave Act of 1993 to prohibit an employer from recovering any health care premium paid by the employer for an employee if the employee fails to return to work due to the birth of a child, and for other purposes.",['bill'],[],119,United States,upper
ocd-bill/d9ceb41e-e7d5-49bd-a3a7-747cb237a24e,S 1326,"A bill to prevent States and local jurisdictions from interfering with the production and distribution of agricultural products in interstate commerce, and for other purposes.",['bill'],[],119,United States,upper
ocd-bill/c16d419d-fa5f-40eb-b4b1-3d7837d1eba6,HR 2702,To curtail the political weaponization of Federal banking agencies by eliminating reputational risk as a component of the supervision of depository institutions.,['bill'],[],119,United States,lower
ocd-bill/95c1da6b-e922-4bc3-abc7-ba6ba50e8016,HR 2752,"To prioritize the hiring and training of veterans and retired law enforcement officers as school resource officers, and for other purposes.",['bill'],[],119,United States,lower
ocd-bill/2ca9f211-8a86-4054-a9bf-ff2e927c9065,HR 2710,"To allow property owners the discretion to make decisions regarding how many parking spots to provide in connection with certain new residential and commercial developments, and for other purposes.",['bill'],[],119,United States,lower
ocd-bill/e1582bbc-4a51-4922-8f40-10b93621caec,HR 2739,"To divert Federal funding away from supporting the presence of police in schools and toward evidence-based and trauma informed services that address the needs of marginalized students and improve academic outcomes, and for other purposes.",['bill'],[],119,United States,lower
ocd-bill/9137e238-408d-450f-ba41-3b3e7a235002,S 1340,A bill to establish penalties for violating section 104(f) of the Foreign Assistance Act of 1961.,['bill'],[],119,United States,upper
ocd-bill/19cc9115-a9a9-4af4-bf4b-152adfce7c45,S 1336,"A bill to require the Secretary of Agriculture to establish a grant program to address forestry workforce development needs, and for other purposes.",['bill'],[],119,United States,upper
ocd-bill/3075ffcd-e930-40f8-8fc8-e1f5f30de096,HR 2745,To amend the Internal Revenue Code of 1986 to allow both spouses to make catch-up contributions to the same health savings account.,['bill'],[],119,United States,lower
ocd-bill/a36d40b5-efc7-41bd-9e43-b8d964e113c2,S 1352,"A bill to secure the rights of public employees to organize, act concertedly, and bargain collectively, which safeguard the public interest and promote the free and unobstructed flow of commerce, and for other purposes.",['bill'],[],119,United States,upper
ocd-bill/be8bb633-4dbe-4634-b970-f395a0b82c65,S 1319,"A bill to withdraw certain Federal land in the Pecos Watershed area of the State of New Mexico from mineral entry, and for other purposes.",['bill'],[],119,United States,upper
ocd-bill/92a4b714-0303-459a-be62-03a60012b5c1,HR 2703,"To require the Federal Energy Regulatory Commission to establish a shared savings incentive to return a portion of the savings attributable to an investment in grid-enhancing technology to the developer of that grid-enhancing technology, and for other purposes.",['bill'],[],119,United States,lower
ocd-bill/e1caf918-25df-4869-9888-c2ef7d8a7a82,HR 2713,"To improve online ticket sales and protect consumers, and for other purposes.",['bill'],[],119,United States,lower
ocd-bill/2a69089e-0310-431d-9533-3306f6d87750,HR 1196,Protect U.S. National Security Act,['bill'],[],119,United States,lower
ocd-bill/7f74c755-da84-4ead-8723-3daa25427d3f,S 1334,A bill to amend the Internal Revenue Code of 1986 to increase the percentage limitation on assets of real estate investment trusts which may be held in taxable REIT subsidiaries.,['bill'],[],119,United States,upper
ocd-bill/f3e15378-3e5e-435c-bb51-8a42b1197362,S 1342,"A bill to amend the Energy Conservation and Production Act to improve the weatherization assistance program, and for other purposes.",['bill'],[],119,United States,upper
ocd-bill/ad555568-cde1-4705-ade1-9bbf9c677ca1,S 1321,"A bill to amend the Strom Thurmond National Defense Authorization Act for Fiscal Year 1999 to provide for the transfer of the Moab site to Grand County, Utah, and for other purposes.",['bill'],[],119,United States,upper
ocd-bill/04e3a814-7da1-4998-9140-7a58b374c3b3,S 1323,A bill to amend the Internal Revenue Code of 1986 to provide a refundable credit against tax for disaster mitigation expenditures.,['bill'],[],119,United States,upper
ocd-bill/e8052b4a-6acc-41e0-b686-c9ce97745b72,S 1328,"A bill to amend the Immigration and Nationality Act to make changes related to family-sponsored immigrants and to reduce the number of such immigrants, and for other purposes.",['bill'],[],119,United States,upper
ocd-bill/d40f79e8-fc40-457b-8cdb-cb6b11794922,HRES 302,"Of inquiry requesting the President and directing the Secretaries of the Treasury and Labor to transmit, respectively, certain documents to the House of Representatives relating to the effect on local economies and communities of the Department of Government Efficiency and newly-imposed tariffs.",['resolution'],[],119,United States,lower
ocd-bill/93ee6059-3563-4a1c-8846-168b21ac9924,HRES 301,"Honoring the life and celebrating the birthday of Ulysses S. Grant, America's 18th President and native son of Ohio's Second Congressional District.",['resolution'],[],119,United States,lower
ocd-bill/b67d1d36-9804-4456-9b35-44e7d14a7716,HRES 303,Recognizing that members and affiliates of Tren de Aragua are alien enemies perpetrating an invasion of the United States and affirming that the President is exercising his constitutional authority to repel that invasion.,['resolution'],[],119,United States,lower
ocd-bill/cec84eb7-4a00-49cb-a0e1-b0285fe76c74,S 1357,"A bill to amend the Securities Exchange Act of 1934 to address the issuance of securities by Chinese entities, and for other purposes.",['bill'],[],119,United States,upper
ocd-bill/d66a92e0-dcc5-45a2-a15f-483c3314b25e,HR 2720,"To amend title 38, United States Code, to provide for the termination of a certain educational assistance program, and for other purposes.",['bill'],[],119,United States,lower
ocd-bill/94f7f408-ae57-4383-b8ca-c8fe96f5a238,HR 2719,"To provide for the awarding of the Purple Heart to certain veterans who experienced a traumatic brain injury, and for other purposes.",['bill'],[],119,United States,lower
ocd-bill/af5839ba-e7dc-4768-945a-f66c80867cf6,HRES 304,"Amending House Resolution 211 to ensure that days occurring during the first session of the One Hundred Nineteenth Congress constitute calendar days for purposes of section 202 of the National Emergencies Act (50 U.S.C. 1622) with respect to a joint resolution terminating a national emergency declared by the President on February 1, 2025.",['resolution'],[],119,United States,lower
ocd-bill/ce84e5b0-99da-493f-8ec8-9a8e21cad50c,S 1335,A bill to amend the Internal Revenue Code of 1986 to exclude debt held by certain insurance companies from capital assets and to extend capital loss carryovers for such companies from 5 years to 10 years.,['bill'],[],119,United States,upper
ocd-bill/9e46fb99-45d0-42b4-a150-bafa1d3b855f,HR 2724,"To amend section 1507 of title 18, United States Code, to establish appropriate penalties for obstruction of justice by picketing or parading in or near court buildings or residences of judges, jurors, witnesses, or other court officers.",['bill'],[],119,United States,lower
ocd-bill/b2b8fdca-c83e-475f-a0ec-1366d24a7702,HR 2740,"To modify the boundaries of the Talladega National Forest, and for other purposes.",['bill'],[],119,United States,lower
ocd-bill/877978a4-2eba-4b3a-88be-0ad1fe4539fd,HR 2721,"To direct the Secretary of Veterans Affairs to establish and carry out a pilot program to furnish a headstone or burial marker to veterans who died on or before November 1, 1990, and for other purposes.",['bill'],[],119,United States,lower
ocd-bill/e5ca5c4c-595d-4b31-9564-db4565ad83ab,S 1359,"A bill to prohibit securities investments that finance certain companies of the People's Republic of China and to expand the Non-Specially Designated Nationals Chinese Military-Industrial Complex Companies List of the Office of Foreign Assets Control, and for other purposes.",['bill'],[],119,United States,upper
ocd-bill/c80b7065-87f7-485b-998c-d7bf4e647508,S 1331,"A bill to require the Secretary of Defense to establish or designate an office in the Department of Defense to serve as the lead for all quantum efforts of the Department, and for other purposes.",['bill'],[],119,United States,upper
ocd-bill/0f1a65a5-4ec5-42ed-92c6-2fa0674c7a8a,S 1344,"A bill to amend the National Quantum Initiative Act to establish a public-private partnership for near-term quantum application development and acceleration, and for other purposes.",['bill'],[],119,United States,upper
ocd-bill/6a77e1ae-79ae-4dac-ba39-ca82cff6b8ab,HR 2746,"To assist State and Tribal governments in assessing and remediating mold, and for other purposes.",['bill'],[],119,United States,lower
ocd-bill/2531b6bb-3cce-46de-8030-13485dba64fc,S 1327,"A bill to require the Federal Energy Regulatory Commission to establish a shared savings incentive to return a portion of the savings attributable  to an investment in grid-enhancing technology to the developer of that grid-enhancing technology, and for other purposes.",['bill'],[],119,United States,upper
ocd-bill/e11541f6-d69e-4692-9c24-52f8daeec4a4,HRES 307,Honoring the life and legacy of Henry Louis Aaron.,['resolution'],[],119,United States,lower
ocd-bill/4fb37711-b615-40b2-b4dc-b2e63a78fb40,S 1345,A bill to amend the Internal Revenue Code of 1986 to increase the limitation on the credit for biomass stoves and boilers and to include biomass heating appliances in the energy credit.,['bill'],[],119,United States,upper
ocd-bill/8d2dbac0-bd11-47e5-bfa1-5ff208c7583e,HRES 306,Recognizing the 60th anniversary of Pacific Northwest National Laboratory.,['resolution'],[],119,United States,lower
ocd-bill/ac1d260e-d8af-41eb-9adc-73686c96dc3e,S 1347,A bill to amend the Higher Education Act of 1965 to make college affordable and accessible by expanding access to dual or concurrent enrollment programs and early college high school programs.,['bill'],[],119,United States,upper
ocd-bill/e4276209-45f4-44e2-9a99-1c9cb5ad9687,S 1332,"A bill to provide for increases in the Federal minimum wage, and for other purposes.",['bill'],[],119,United States,upper
ocd-bill/f6b2b6f3-6474-4f42-bd73-c8cde09d2928,HR 2733,"To amend the Higher Education Act of 1965 to change certain Federal Pell Grant requirements for certain students with disabilities, and for other purposes.",['bill'],[],119,United States,lower
ocd-bill/d1ecedfb-777c-4397-9e95-7eecc1d6263c,HR 2712,"To limit the authority of the President to modify duty rates for national security reasons and to limit the authority of the United States Trade Representative to impose certain duties or import restrictions, and for other purposes.",['bill'],[],119,United States,lower
ocd-bill/2138f0e9-9c63-40d8-bc34-47360dcba3fa,HR 2743,"To provide for increases in the Federal minimum wage, and for other purposes.",['bill'],[],119,United States,lower
ocd-bill/3c119500-bdf7-4842-a445-1bb2090c0bd4,HR 433,Department of Education Protection Act,['bill'],[],119,United States,lower
ocd-bill/f8ac35ea-b389-4c1f-ae34-58bf1a93b020,HR 2735,"To amend title 18, United States Code, to modify provisions relating to kidnapping, sexual abuse, and illicit sexual conduct with respect to minors.",['bill'],[],119,United States,lower
ocd-bill/5723cdf9-0603-4dcb-a367-50eb49e9dcba,S 1355,"A bill to prescribe judicial review requirements for certain projects, and for other purposes.",['bill'],[],119,United States,upper
ocd-bill/84584b31-e90f-4786-8a9d-805f5c6e7415,HR 2716,To improve coordination between Federal and State agencies and the Do Not Pay working system.,['bill'],[],119,United States,lower
ocd-bill/73c3863f-cd57-4852-9180-8fb3847347fc,S 1350,"A bill to modify the boundaries of the Talladega National Forest, and for other purposes.",['bill'],[],119,United States,upper
ocd-bill/90179016-b7dd-422e-949f-95c7b94d2121,HR 539,Chiropractic Medicare Coverage Modernization Act of 2025,['bill'],[],119,United States,lower
ocd-bill/eaece384-4ff1-4fdf-b7c2-94bb3ad94198,HR 2741,"To address the behavioral health workforce shortages through support for peer support specialists, and for other purposes.",['bill'],[],119,United States,lower
ocd-bill/c0858ee2-8b0c-47ce-827e-8c71754352f1,HR 2704,"To amend the Fair Debt Collection Practices Act to prohibit debt collectors from collecting, or attempting to collect, on a debt of a consumer with respect to which the statute of limitations has expired, and for other purposes.",['bill'],[],119,United States,lower
ocd-bill/74eea547-6310-4cad-ae8a-bf349177a3ea,S 1360,"A bill to require an annual report on United States portfolio investments in the People's Republic of China, and for other purposes.",['bill'],[],119,United States,upper
ocd-bill/52e28be3-a513-4b73-b83c-50ac09f90527,HR 2751,"To require approval from Congress for a certain reduction of Federal Aviation Administration workforce, and for other purposes.",['bill'],[],119,United States,lower
ocd-bill/2e92d235-dd18-4eb6-8de4-7ffcb7929c39,HR 2726,"To amend title 18, United States Code, to increase the scope of the penalty for crimes against children.",['bill'],[],119,United States,lower
ocd-bill/cc431582-ccb0-4fbd-abe9-19c90a8c0af4,HR 2744,"To amend part B of title XVIII of the Social Security Act to provide for a special enrollment period under Medicare for individuals enrolled in COBRA continuation coverage, and for other purposes.",['bill'],[],119,United States,lower
ocd-bill/a9c302b6-d2ba-4962-9b15-3bfc0a352e6d,HRES 300,Electing Members to certain standing committees of the House of Representatives.,['resolution'],[],119,United States,lower
ocd-bill/4f63c654-b9ac-4014-a7ef-ba4617b45d94,HR 1835,MERIT Act,['bill'],[],119,United States,lower
ocd-bill/dfcf725c-1b84-4a74-9606-bdad3b41d07f,HR 1657,Humane Cosmetics Act of 2025,['bill'],[],119,United States,lower
ocd-bill/8b2f787b-1603-4f7c-aeb8-426423c94f9e,HR 2750,"To amend the Infrastructure Investment and Jobs Act to authorize recipients of funds under the Broadband Equity, Access, and Deployment Program to use such funds to provide broadband vouchers to households in certain locations, and for other purposes.",['bill'],[],119,United States,lower
ocd-bill/6316c84d-2a3f-4022-adc7-a4f3e8f3fd70,S 1343,"A bill to improve coordination between the Department of Energy and the National Science Foundation on activities carried out under the National Quantum Initiative Program, and for other purposes.",['bill'],[],119,United States,upper
ocd-bill/6cecd636-7b7c-48ee-800f-58ba8baadbe1,S 1333,"A bill to amend title 18, United States Code, to modify provisions relating to kidnapping, sexual abuse, and illicit sexual conduct with respect to minors.",['bill'],[],119,United States,upper
ocd-bill/de9ed4cb-65e0-4e3b-89e7-23eb0bc04179,HR 2512,Hot Foods Act of 2025,['bill'],[],119,United States,lower
ocd-bill/5d55f994-4bb4-444a-9e4a-93f149ce67b7,HR 1752,To amend the Internal Revenue Code of 1986 to extend the energy credit for qualified fuel cell property.,['bill'],[],119,United States,lower
ocd-bill/2ee7a3ff-da3a-4464-9a0a-63a968f075b7,HR 2729,"To amend the Immigration and Nationality Act to provide nonimmigrant status to mobile entertainment workers, and for other purposes.",['bill'],[],119,United States,lower
ocd-bill/3e98d92c-a900-4bac-8d6b-156eb091fd9c,HRES 70,Expressing the sense of the House of Representatives that Congress should take all appropriate measures to ensure that the United States Postal Service remains an independent establishment of the Federal Government and is not subject to privatization.,['resolution'],[],119,United States,lower
ocd-bill/94c741eb-a0ea-4c30-a9e0-ab5d47882af1,HR 2737,"To prohibit special Government employees from holding contracts or agreements with the Federal Government, and for other purposes.",['bill'],[],119,United States,lower
ocd-bill/c64013bb-a435-4345-a893-8d2de9ea4aea,HR 2727,"To withdraw certain Federal land in the Pecos Watershed area of the State of New Mexico from mineral entry, and for other purposes.",['bill'],[],119,United States,lower
ocd-bill/0138566a-8f8d-4628-acc7-2197e87dd067,HR 2748,To amend the Internal Revenue Code of 1986 to increase the amount that can be withdrawn without penalty from individual retirement plans as first-time homebuyer distributions.,['bill'],[],119,United States,lower
ocd-bill/13d2a560-8b85-4df5-84c6-166b7fa9ba99,HRES 305,"Expressing support for the designation of the fourth Wednesday of February as ""Hypertrophic Cardiomyopathy Awareness Day"".",['resolution'],[],119,United States,lower
ocd-bill/6c829bf5-8617-4044-b9f1-251a6f7499c3,HRES 120,"Condemning the treatment of Dr. Gubad Ibadoghlu by the Government of Azerbaijan and urging his immediate release, and for other purposes.",['resolution'],[],119,United States,lower
ocd-bill/e29996c7-c6dd-444d-9f91-7f4c2d2fd9e8,HR 2717,"To direct the Secretary of Defense and the Secretary of Veterans Affairs to take certain steps regarding research related to menopause, perimenopause, or mid-life women's health, and for other purposes.",['bill'],[],119,United States,lower
ocd-bill/2ae7a781-7dad-4f49-9007-236be924ba1e,S 1358,"A bill to require the Securities and Exchange Commission to require reporting of sourcing and due diligence activities of companies involving supply chains of products that are imported into the United States that are directly linked to products utilizing forced labor from Xinjiang, China, and for other purposes.",['bill'],[],119,United States,upper
ocd-bill/1835d473-24bf-4331-8c83-7fb9cb52b2ec,HR 1659,Truck Parking Safety Improvement Act,['bill'],[],119,United States,lower
ocd-bill/0adbae75-2255-4016-9729-8d722fb25c15,S 1354,"A bill to amend the Tennessee Valley Authority Act of 1933 to provide that the Federal Reports Elimination and Sunset Act of 1995 does not apply to certain reports required to be submitted by the Tennessee Valley Authority, and for other purposes.",['bill'],[],119,United States,upper
ocd-bill/bbcf7789-659c-463d-8cb9-0e1abd150bdf,S 423,PRO Veterans Act of 2025,['bill'],[],119,United States,upper
ocd-bill/0881288d-5a5f-4457-8579-5f3785cba0fc,HR 2711,"To establish a grant program to provide assistance to local law enforcement agencies, and for other purposes.",['bill'],[],119,United States,lower
ocd-bill/6ce56cca-dca6-415f-862d-9d3144079eee,HR 2718,"To establish Federal policies and procedures to notify the next-of-kin or other emergency contact upon the death, or serious illness or serious injury, of an individual in Federal custody, to provide model policies for States, units of local government, and Indian Tribes to implement and enforce similar policies and procedures, and for other purposes.",['bill'],[],119,United States,lower
ocd-bill/c8e2022d-86ba-4170-b678-8f1c2cfc116b,S 1339,A bill to require a determination and report relating to money laundering and violations of export controls and sanctions in Hong Kong.,['bill'],[],119,United States,upper
ocd-bill/66cec7d3-69f9-450c-b2d3-79e96af59cac,SRES 162,"A resolution honoring the memory of Jereima ""Jeri"" Bustamante on the seventh anniversary of her passing.",['resolution'],[],119,United States,upper
ocd-bill/8023ae52-52c7-4e5a-891c-0baf7b3d3273,HR 2715,"To amend the Federal Food, Drug, and Cosmetic Act to extend the destruction authority of the Secretary of Health and Human Services to articles that present a significant public health concern, and for other purposes.",['bill'],[],119,United States,lower
ocd-bill/5fc39842-ee45-4ed1-8561-24e8f106cbfc,S 1337,A bill to improve availability of information relating to cybersecurity threats.,['bill'],[],119,United States,upper
ocd-bill/aea72f86-3745-45c6-8f80-a3b788ac50cb,HR 2714,To establish a task force to find and expedite solutions to address emergencies and challenges that Puerto Rico faces due to its energy generation challenges.,['bill'],[],119,United States,lower
ocd-bill/f2c6c24f-b7de-4d63-896b-9ff8b74d52ec,HR 2223,Building Capacity for Care Act,['bill'],[],119,United States,lower
ocd-bill/f8f5aba0-13ab-45a2-84d5-424240996f19,HR 2731,"To direct the Administrator of the National Oceanic and Atmospheric Administration to conduct high-resolution surveying and mapping of the lakebeds of the Great Lakes, and for other purposes.",['bill'],[],119,United States,lower
ocd-bill/29b3a026-f014-445f-9d71-c3ba80fd0e6f,S 1353,A bill to extend the authority for modifications to the Second Division Memorial in the District of Columbia.,['bill'],[],119,United States,upper
ocd-bill/c5ec1a18-65a2-4227-9fa4-09221335d81e,S 1338,"A bill to reduce exclusionary discipline practices in schools, and for other purposes.",['bill'],[],119,United States,upper
ocd-bill/b36916cc-f5ca-4ba7-a1de-d9452774e21d,S 1324,"A bill to amend the Safe Drinking Water Act to modify eligibility for the State response to contaminants program, and for other purposes.",['bill'],[],119,United States,upper
ocd-bill/f5dfaabe-f8b9-4417-9f1c-839c0a6c0ae6,HR 1954,Do No Harm Act,['bill'],[],119,United States,lower
ocd-bill/9c8bea51-0c47-42b0-868d-b7a9a92f2637,HR 2728,"To require the Small Business Administration, the Appalachian Regional Commission, and the Delta Regional Authority to enter into an agreement to carry out activities to expand rural entrepreneurship, and for other purposes.",['bill'],[],119,United States,lower
ocd-bill/9f7f4380-df36-493b-9e42-e3f836b1bdd2,S 1320,"A bill to direct the Secretary of Defense and the Secretary of Veterans Affairs to take certain steps regarding research related to menopause, perimenopause, or mid-life women's health, and for other purposes.",['bill'],[],119,United States,upper
ocd-bill/4f490f26-7752-4879-92f8-898b3f38a51b,S 1341,"A bill to amend the Colorado Wilderness Act of 1993 to add certain land to the Sarvis Creek Wilderness, and for other purposes.",['bill'],[],119,United States,upper
ocd-bill/f1df2e37-c8a1-4ec9-b8c7-88d24f05518e,HR 1608,Department of Homeland Security Vehicular Terrorism Prevention and Mitigation Act of 2025,['bill'],[],119,United States,lower
ocd-bill/516eaf0a-057d-4f8c-95ed-7cc8aad0f698,HR 2102,Major Richard Star Act,['bill'],[],119,United States,lower
ocd-bill/e4987271-ae24-4279-88c2-ad2c53b8563d,HR 2738,"To reduce exclusionary discipline practices in schools, and for other purposes.",['bill'],[],119,United States,lower
ocd-bill/9f823cb4-219e-4f05-a225-ecd2a3fae2d0,HR 950,Saving Seniors Money on Prescriptions Act,['bill'],[],119,United States,lower
ocd-bill/ad0559e5-7b60-473c-b19a-ba331a33f93e,HR 1007,Antisemitism Awareness Act of 2025,['bill'],[],119,United States,lower
ocd-bill/50b49267-25f2-4a1f-ac7f-461966e7f208,HR 969,Taliban Rare Earth Minerals Sanctions Act,['bill'],[],119,United States,lower
ocd-bill/fc7e1d4b-ea78-49e8-86ff-3da51ae63e7f,HR 2734,"To amend the Colorado Wilderness Act of 1993 to add certain land to the Sarvis Creek Wilderness, and for other purposes.",['bill'],[],119,United States,lower
ocd-bill/79d9e6bb-2181-4974-9ba6-dd199c91c8f6,HR 879,Medicare Patient Access and Practice Stabilization Act of 2025,['bill'],[],119,United States,lower
ocd-bill/94f03262-661a-40b5-8905-0efa4e830220,HR 2705,"To amend the Immigration and Nationality Act to make changes related to family-sponsored immigrants and to reduce the number of such immigrants, and for other purposes.",['bill'],[],119,United States,lower
ocd-bill/6ceef8c5-1e8e-43ab-91a7-14b628ed6287,HR 2749,To amend the Internal Revenue Code of 1986 to provide a refundable credit for certain home accessibility improvements.,['bill'],[],119,United States,lower
ocd-bill/74da2664-9e04-4732-95ac-126e4a2c0308,HR 936,Medicaid Improvement and State Flexibility Act of 2025,['bill'],[],119,United States,lower
ocd-bill/79730887-8eb1-4e67-a417-b651c1306db3,HR 952,Reversionary Interest Conveyance Act,['bill'],[],119,United States,lower
ocd-bill/f17e5535-9a5c-421f-bea6-1600b8481c06,HR 927,"To amend the Higher Education Act of 1965 to prohibit institutions of higher education from requiring ideological oaths or similar statements, and for other purposes.",['bill'],[],119,United States,lower
ocd-bill/c034546f-ce74-4392-84ee-eea1b84fe461,HR 916,Rosa Parks Commemorative Coin Act,['bill'],[],119,United States,lower
ocd-bill/f7c5c5aa-6709-421d-8174-f4642c8da57f,S 1330,A bill to advance research to achieve medical breakthroughs in brain tumor treatment and improve awareness and adequacy of specialized cancer and brain tumor care.,['bill'],[],119,United States,upper
ocd-bill/d291c58f-c11b-4aaa-9af4-39499e92b4bc,S 1356,"A bill to amend the Securities Exchange Act of 1934 to require national securities exchanges to identify issuers that are consolidated variable interest entities, and for other purposes.",['bill'],[],119,United States,upper
ocd-bill/cc4cac14-e40f-4142-a220-f8eb0ecad58b,HR 2722,"To limit the deferral or transfer of Federal funds made available to the Department of Veterans Affairs, to limit layoffs and other personnel actions at the Department, and for other purposes.",['bill'],[],119,United States,lower
ocd-bill/d3ad7bfa-4008-4101-952d-5e18c62007f6,HR 2707,"To develop a modernized strategy for ensuring the defense of the United States from the anthrax threat, and for other purposes.",['bill'],[],119,United States,lower
ocd-bill/e26f314c-bc1f-46c6-8f51-67d3e1f86bcb,HR 2708,To amend section 236(c) of the Immigration and Nationality Act with respect to the detention of aliens who commit certain property crimes.,['bill'],[],119,United States,lower
ocd-bill/0e78ab4a-f60f-45b7-871b-ecdc89000209,S 1322,"A bill to establish Federal policies and procedures to notify the next of kin or other emergency contact upon the death, or serious illness or serious injury, of an individual in Federal custody, to provide model policies for States, units of local government, and Indian Tribes to implement and enforce similar policies and procedures, and for other purposes.",['bill'],[],119,United States,upper
ocd-bill/2487c419-ffe2-4be7-b79d-73c570920ff2,S 1329,"A bill to address the behavioral health workforce shortages through support for peer support specialists, and for other purposes.",['bill'],[],119,United States,upper
ocd-bill/607af80e-d520-4f64-a47c-2088f68d995f,HJRES 70,Providing for congressional disapproval of the proposed license amendment for the export to Israel of certain defense articles and services.,['resolution'],[],119,United States,lower
ocd-bill/16270d71-4eb1-4249-91d4-ee1c5812e369,HJRES 68,Providing for congressional disapproval of the proposed foreign military sale to Israel of certain defense articles and services.,['resolution'],[],119,United States,lower
ocd-bill/58ea9808-3db4-4916-bd8c-876cfb9d1910,HJRES 66,"Providing for congressional disapproval under chapter 8 of title 5, United States Code, of the rule submitted by the Environmental Protection Agency relating to ""Air Plan Approval; Ohio; Withdrawal of Technical Amendment"".",['resolution'],[],119,United States,lower
ocd-bill/7667bd12-c9ee-4ecd-b0a3-b24db6b9804e,HJRES 71,Providing for congressional disapproval of the proposed foreign military sale to Israel of certain defense articles and services.,['resolution'],[],119,United States,lower
ocd-bill/dad0d660-3324-4a5d-b05b-3da671f0b903,HRES 179,Expressing support for the strengthening of United States-Africa partnerships in critical minerals development.,['resolution'],[],119,United States,lower
ocd-bill/56ede0ee-8e14-444b-954b-c32a70c765bc,S 1349,"A bill to withdraw the National Forest System land in the Ruby Mountains subdistrict of the Humboldt-Toiyabe National Forest and the National Wildlife Refuge System land in Ruby Lake National Wildlife Refuge, Elko and White Pine Counties, Nevada, from operation under the mineral leasing laws.",['bill'],[],119,United States,upper
ocd-bill/460b9bb6-883a-494e-91bb-5d86b3512c09,S 877,Roberto Clemente Commemorative Coin Act,['bill'],[],119,United States,upper
ocd-bill/0f3ce314-6ed0-4bb2-9ee8-346159111931,S 344,A bill to require the Commissioner of U.S. Customs and Border Protection to identify and conduct recurrent vetting of evacuees from Afghanistan found not to be properly vetted before entering the United States.,['bill'],[],119,United States,upper
ocd-bill/0ce36e90-9278-4405-bb67-d1174bd7232b,HR 2736,"To secure the rights of public employees to organize, act concertedly, and bargain collectively, which safeguard the public interest and promote the free and unobstructed flow of commerce, and for other purposes.",['bill'],[],119,United States,lower
ocd-bill/14c900fb-1e9e-4ce5-a469-dc8980a64f57,HR 2742,"To prevent fraud, waste, and abuse by requiring the Administrator of the United States Department of Government Efficiency Service to provide weekly reports to Congress regarding changes DOGE has made to any Federal agency and the realized impacts of such changes, and for other purposes.",['bill'],[],119,United States,lower
ocd-bill/72d5c9b3-a345-4f75-a7af-19c79e8e0087,HR 2706,To modify the requirements of section 104(f) of the Foreign Assistance Act of 1961.,['bill'],[],119,United States,lower
ocd-bill/47dbe666-6ced-4115-9931-96224bcb8b6a,HR 2709,"To improve the health and resiliency of giant sequoias, and for other purposes.",['bill'],[],119,United States,lower
ocd-bill/27a54ee5-81c9-4e43-9f7c-6ab12cdbc30e,HR 2723,"To amend title 38, United States Code, to increase the maximum guaranty amount for loans made to certain veterans under the laws administered by the Secretary of Veterans Affairs, and for other purposes.",['bill'],[],119,United States,lower
ocd-bill/9ecfe352-9901-4a60-b27b-f958c8f284cf,S 1346,"A bill to direct the Secretary of Defense to accelerate the implementation of quantum information science technologies within the Department of Defense, and for other purposes.",['bill'],[],119,United States,upper
ocd-bill/278a0364-4b59-4e0b-97ff-d172c446510f,HRES 166,"Expressing support for the Iranian people's desires for a democratic, secular, and nonnuclear Republic of Iran, and condemning the Iranian regime's terrorism, regional proxy war, internal suppression, and for other purposes.",['resolution'],[],119,United States,lower
ocd-bill/d6ac6209-27a9-48c9-b108-36e239f4e03a,HR 1151,Freedom to Invest in Tomorrow’s Workforce Act,['bill'],[],119,United States,lower
ocd-bill/13c3f8b8-2f5d-450e-9f2f-68369a152131,HR 407,Prevent Tariff Abuse Act,['bill'],[],119,United States,lower
ocd-bill/819f85e0-ac61-4867-bde1-df57fe4fac67,HR 912,9–8–8 Lifeline Cybersecurity Responsibility Act,['bill'],[],119,United States,lower
ocd-bill/988d627a-273a-4257-95bc-2b8cd9bd3274,HR 846,SAD Act,['bill'],[],119,United States,lower
ocd-bill/6f05e047-c800-4c2e-b32a-8ecb9bbb53a8,HR 1361,Collision Avoidance Systems Act of 2025,['bill'],[],119,United States,lower
ocd-bill/8987085f-8eef-4c9d-b5be-e9efcb76c52c,HR 1508,DHS Special Events Program and Support Act,['bill'],[],119,United States,lower
ocd-bill/e5dbb780-e2a5-42db-9a96-c0cbb71cf08d,HR 1576,Protecting American Agriculture from Foreign Adversaries Act of 2025,['bill'],[],119,United States,lower
ocd-bill/f1acc6c1-c991-48d0-ab63-98ec32333323,HR 1494,Sporting Goods Excise Tax Modernization Act,['bill'],[],119,United States,lower
ocd-bill/bc8ce07f-61f2-4571-a7f8-cf10d0e6919c,HR 1629,Farmland Security Act of 2025,['bill'],[],119,United States,lower
ocd-bill/d8b3dce5-5462-4a33-be23-b2506f03d988,HR 1447,No Deductions for Marijuana Businesses Act,['bill'],[],119,United States,lower
ocd-bill/7f50e13f-122b-4070-94ce-8bdac6acdaaa,HR 1517,Prevent Interruptions in Physical Therapy Act of 2025,['bill'],[],119,United States,lower
ocd-bill/da6e6d49-9753-4079-a763-ff1bd5b555ac,HR 1603,Repeal CFPB Act,['bill'],[],119,United States,lower
ocd-bill/664a78cf-9833-4566-ad45-b2dff8d7b030,HR 1627,TREATS Act,['bill'],[],119,United States,lower
ocd-bill/ad43b463-9f70-4c4d-b777-f765da6b75fe,HR 1836,GRANTED Act of 2025,['bill'],[],119,United States,lower
ocd-bill/2f996611-dc78-4c56-8888-8ed40d23a78d,HR 1839,Move the ICC Out of NYC Act of 2025,['bill'],[],119,United States,lower
ocd-bill/3d5f8d7f-f398-4ba6-bac5-c865ed7d29a4,HR 1684,PAST Act of 2025,['bill'],[],119,United States,lower
ocd-bill/9027de1e-39c1-4b60-a9cb-11fe299e889e,HR 1826,Child Care Workforce Act,['bill'],[],119,United States,lower
ocd-bill/8ab5b3ec-da13-4d9c-9a0c-a59c862007ec,HR 1829,Apache County and Navajo County Conveyance Act of 2025,['bill'],[],119,United States,lower
ocd-bill/4bf29a15-b074-44c7-a1e2-0eb34ccee4a5,HR 1827,Child Care Availability and Affordability Act,['bill'],[],119,United States,lower
ocd-bill/c07cf66f-ccd5-4aec-92f1-08f82c9c86bf,HR 1831,"To direct the Secretary of Homeland Security to carry out a pilot program for the prevention and mitigation of acts of terrorism using motor vehicles, and for other purposes.",['bill'],[],119,United States,lower
ocd-bill/09f16560-b30d-4fb7-be4e-fdf0414deb80,HR 1793,Veterans Readiness and Employment Transparency Act of 2025,['bill'],[],119,United States,lower
ocd-bill/7d220bb7-8bd7-4e77-9c43-b1c35243a7e3,HR 1788,Fair Grocery Pricing Act,['bill'],[],119,United States,lower
ocd-bill/f4b13ccf-82db-4c2e-a966-dea1c2ecda2e,HR 1840,Closing the De Minimis Loophole Act,['bill'],[],119,United States,lower
ocd-bill/c882efaa-2273-4066-87ac-93d2a1f22abe,HR 1842,PAW Act of 2025,['bill'],[],119,United States,lower
ocd-bill/2b79f98b-fd4c-4940-89bf-1deec5931134,HR 1825,GRACE Act,['bill'],[],119,United States,lower
ocd-bill/b126a553-11f8-4d4b-830c-a9d6f5b3209b,HR 1837,Timely Departure Act,['bill'],[],119,United States,lower
ocd-bill/f060e872-393c-4c91-ae24-367b850d4b5a,HR 1828,School Bus Safety Act of 2025,['bill'],[],119,United States,lower
ocd-bill/cea60561-938f-4a31-8f65-6886012977f4,HR 1702,JUDGES Act of 2025,['bill'],[],119,United States,lower
ocd-bill/ddbd5649-2dd4-47b8-801d-a8d739ef9976,HR 1824,Supporting Disabled National Guardsmen Act,['bill'],[],119,United States,lower
ocd-bill/b3dc4dc1-846d-4295-b33e-2a7739edc540,HR 1026,Primary Care Enhancement Act of 2025,['bill'],[],119,United States,lower
ocd-bill/1552e189-cc79-4365-95f6-bcc571a63d97,HR 1822,ACRE Act of 2025,['bill'],[],119,United States,lower
ocd-bill/a0a701be-e922-4539-98e7-3b87af17d698,HR 1838,Broadband Internet for Small Ports Act,['bill'],[],119,United States,lower
ocd-bill/def67194-61e3-455a-8afe-93518a393134,HR 1832,"To establish ""Golden Sea Bream"" as an acceptable market name for Stenotomus chrysops.",['bill'],[],119,United States,lower
ocd-bill/bd99992e-7065-468b-b46d-030ef38be22d,HR 1833,Working Families Tax Cut Act,['bill'],[],119,United States,lower
ocd-bill/814d72b6-c5cc-40e7-9a06-c68f2d69bdbc,HR 1821,HELD Act,['bill'],[],119,United States,lower
ocd-bill/d69a77ca-5b8e-4576-b74c-61d27d812b9e,HR 1834,Breaking the Gridlock Act,['bill'],[],119,United States,lower
ocd-bill/7aa4bcfa-303d-4d75-8ca6-f30100b8bef4,HR 1841,Peace on the Korean Peninsula Act,['bill'],[],119,United States,lower
ocd-bill/0eb79fec-9d1d-4e67-bfaa-2004d39b83d4,HRES 119,Declaring racism a public health crisis.,['resolution'],[],119,United States,lower
ocd-bill/1a902948-48f2-4307-992e-185467c9209d,HRES 114,Directing the Secretary of Homeland Security to transmit to the House of Representatives certain documents relating to Department of Homeland Security policies and activities related to domestic preparedness and collective response to terrorism and the Department's cybersecurity activities.,['resolution'],[],119,United States,lower
ocd-bill/96897fce-cee5-4a6a-af4d-7cb96bf15a16,SRES 96,"A resolution designating the week of February 24 through February 28, 2025, as ""Public Schools Week"".",['resolution'],[],119,United States,upper
ocd-bill/2863e567-eb09-4db4-b288-52e75730ac6d,HJRES 63,"Redesignating the Robert E. Lee Memorial as the ""Arlington House National Historic Site"".",['resolution'],[],119,United States,lower
ocd-bill/50dfb822-473f-42bb-bafb-faa8d9148d83,HRES 185,"Recognizing the need of Congress to prevent, address, and treat obesity as a disease in the United States on this World Obesity Day, March 4, 2025.",['resolution'],[],119,United States,lower
ocd-bill/65f84078-bd55-41b2-b17e-47fb0f25b19b,HRES 186,Of inquiry requesting the President to transmit certain documents to the House of Representatives relating to the conflicts of interest of Elon Musk and related information.,['resolution'],[],119,United States,lower
ocd-bill/9ba712fa-1261-4cd7-a510-d9482f618d45,HRES 188,Affirming the obligation of the President of the United States to comply with court orders.,['resolution'],[],119,United States,lower
ocd-bill/328e5637-74d3-49f1-96f0-a9bcf06c54a5,S 151,Protecting Americans from Tax Hikes on Imported Goods Act of 2025,['bill'],[],119,United States,upper
ocd-bill/0569f1aa-b579-4e4c-8ca5-2c8ce7b8a76b,S 339,Nancy Gardner Sewell Medicare Multi-Cancer Early Detection Screening Coverage Act,['bill'],[],119,United States,upper
ocd-bill/3f74a712-1a85-48ad-a306-fc75c3fdee5a,S 703,CATCH Fentanyl Act,['bill'],[],119,United States,upper
ocd-bill/56edb043-29e1-4c2a-bf78-6b4a2ae00157,S 837,Defending American Jobs and Affordable Energy Act of 2025,['bill'],[],119,United States,upper
ocd-bill/330fc10e-44c7-4d3e-a109-3d107601d0c9,S 838,ACRE Act of 2025,['bill'],[],119,United States,upper
ocd-bill/d66319f1-792e-4bbd-96d6-2c09f4b4b4b5,S 843,Sea Turtle Rescue Assistance and Rehabilitation Act of 2025,['bill'],[],119,United States,upper
ocd-bill/ad4f97c4-bd0b-4804-bc12-3ed5e461b7a8,S 834,Frank Connor and Trooper Werner Foerster Justice Act,['bill'],[],119,United States,upper
ocd-bill/e0e06fbb-2c12-4267-9bba-6bbac5ed26b1,S 846,Child Care Workforce Act,['bill'],[],119,United States,upper
ocd-bill/8585c9fd-0803-4751-b48e-9a8fe6421710,S 833,Move the ICC Out of NYC Act of 2025,['bill'],[],119,United States,upper
ocd-bill/7fdbd5f5-481e-41b5-ba93-4dc35dc5497e,S 832,EPIC Act of 2025,['bill'],[],119,United States,upper
ocd-bill/b3b973e6-4ee3-40bb-90a1-213e7a0358a7,S 827,Supporting Rural Veterans Access to Healthcare Services Act,['bill'],[],119,United States,upper
ocd-bill/f66fdcad-aea4-4b50-a7c5-9f0e7a494bba,S 839,Safeguarding Honest Speech Act,['bill'],[],119,United States,upper
ocd-bill/4e12a352-71ed-4435-8442-86cff533bd0a,S 842,No Hezbollah In Our Hemisphere Act,['bill'],[],119,United States,upper
ocd-bill/7b80cd44-aebc-439e-a72b-9646e5af2a70,S 752,Accelerating Kids’ Access to Care Act,['bill'],[],119,United States,upper
ocd-bill/231240d8-489e-4072-bfee-c1d1ae69ac1e,S 844,Faster Labor Contracts Act,['bill'],[],119,United States,upper
ocd-bill/e482ddb0-5ecf-46e1-9711-4140d2d84fe3,S 826,Preventing Antisemitic Harassment on Campus Act of 2025,['bill'],[],119,United States,upper
ocd-bill/fd5f7287-b3e1-40d9-b746-6aa55f318ce3,S 845,Farmland Security Act of 2025,['bill'],[],119,United States,upper
ocd-bill/240daf72-3f10-4f63-aa47-35ef24a14b42,S 824,NFIP Extension Act of 2025,['bill'],[],119,United States,upper
ocd-bill/daa24e20-6c12-49b0-a14f-5f6f69129f56,S 829,"A bill to designate the facility of the United States Postal Service located at 840 Front Street in Casselton, North Dakota, as the ""Commander Delbert Austin Olson Post Office"".",['bill'],[],119,United States,upper
ocd-bill/cc755c89-7a9a-47c9-af0d-f3a75125438c,S 825,Fighting Post-Traumatic Stress Disorder Act of 2025,['bill'],[],119,United States,upper
ocd-bill/f184109d-9eaa-49f9-b6d1-321023965836,S 831,REP VA Act,['bill'],[],119,United States,upper
ocd-bill/ca4e0f60-394b-4219-9935-c2d6ae8acba7,S 847,Child Care Availability and Affordability Act,['bill'],[],119,United States,upper
ocd-bill/f1d89130-3e82-40a5-8aa6-4d3ff6cb7de6,S 835,Reduce Food Loss and Waste Act of 2025,['bill'],[],119,United States,upper
ocd-bill/ee12a7c4-c496-4cdc-b8ca-a8dd111e6cb3,S 766,Billion Dollar Boondoggle Act of 2025,['bill'],[],119,United States,upper
ocd-bill/2723e2d2-a2b9-427c-a1e6-76ea18f76e19,S 840,Digital Integrity in Democracy Act,['bill'],[],119,United States,upper
ocd-bill/62f0cd26-53dc-4ce7-8646-37f80e8dffa2,S 836,Children and Teens’ Online Privacy Protection Act,['bill'],[],119,United States,upper
ocd-bill/9bf93289-b2b8-43d8-b9db-a9f2908cf028,S 830,Lifespan Respite Care Reauthorization Act of 2025,['bill'],[],119,United States,upper
ocd-bill/05d966c1-08c7-43a8-a560-dffdd1aa7c16,S 828,School Bus Safety Act of 2025,['bill'],[],119,United States,upper
ocd-bill/069c4b48-6575-4f9c-b2b0-bb34e523c76b,SJRES 24,"A joint resolution providing for congressional disapproval under chapter 8 of title 5, United States Code, of the rule submitted by the Environmental Protection Agency relating to ""National Emission Standards for Hazardous Air Pollutants: Rubber Tire Manufacturing"".",['resolution'],[],119,United States,upper
ocd-bill/ab566369-5b70-42de-b4e2-040e6c7a7589,HR 869,Keep Our PACT Act,['bill'],[],119,United States,lower
ocd-bill/e2c3b50d-1878-4d10-9625-9436698d5bf3,HR 2066,Investing in All of America Act of 2025,['bill'],[],119,United States,lower
ocd-bill/4dd9394b-9717-48fe-9fff-5f9b5bcc329f,S 1401,"A bill to amend title 18, United States Code, to provide a certification process for the issuance of nondisclosure requirements accompanying certain administrative subpoenas, to provide for judicial review of such nondisclosure requirements, and for other purposes.",['bill'],[],119,United States,upper
ocd-bill/a335f057-aebe-4084-8575-882d1873bd57,S 1380,"A bill to amend the Public Health Service Act to authorize a loan repayment program to encourage specialty medicine physicians to serve in rural communities experiencing a shortage of specialty medicine physicians, and for other purposes.",['bill'],[],119,United States,upper
ocd-bill/2254159c-0556-4f66-8d6e-153e4811757b,S 1397,A bill to require the Secretary of State to establish a quantum cooperation program to enhance international cooperation in quantum information science.,['bill'],[],119,United States,upper
ocd-bill/845ef348-b6af-45f2-9c8f-b396cb29df84,S 1390,A bill to amend title XVIII of the Social Security Act to revise certain physician self-referral exemptions relating to physician-owned hospitals.,['bill'],[],119,United States,upper
ocd-bill/92f02019-9f7f-4660-9fb6-4bbc603f98b5,S 1398,"A bill to require the Secretary of Agriculture to submit to Congress a report on residue testing for all imported organic feedstuffs shipped in bulk, and for other purposes.",['bill'],[],119,United States,upper
ocd-bill/696e80c9-43fb-44b1-98ee-aa915c78886d,S 1392,"A bill to establish Ocean Innovation Clusters to strengthen the coastal communities and ocean economy of the United States through technological research and development, job training, and cross-sector partnerships, and for other purposes.",['bill'],[],119,United States,upper
ocd-bill/d126de0b-3ace-45be-a1a4-6e918fe3a0a7,S 1364,"A bill to exempt articles imported from Israel or Ukraine from duties imposed under the Executive Order entitled ""Regulating Imports with a Reciprocal Tariff to Rectify Trade Practices that Contribute to Large and Persistent Annual United States Goods Trade Deficits"".",['bill'],[],119,United States,upper
ocd-bill/c6bb4782-db89-4c21-bce6-9920a734e477,HR 677,EARA,['bill'],[],119,United States,lower
ocd-bill/a0d71f32-b7e6-4b8f-b763-4d9891011a06,HR 1564,Ethan's Law,['bill'],[],119,United States,lower
ocd-bill/1b1724ae-9b44-44c9-af83-44846b292f93,S 1367,"A bill to protect intellectual property rights in the voice and visual likeness of individuals, and for other purposes.",['bill'],[],119,United States,upper
ocd-bill/28076a2f-57c9-4caf-822e-5d02595c41cc,S 1389,A bill to amend the Food Security Act of 1985 to modify the conservation reserve enhancement program.,['bill'],[],119,United States,upper
ocd-bill/bd3d44f4-d781-4bc6-83bd-9e1754cfe2e5,HR 2195,Feed Hungry Veterans Act of 2025,['bill'],[],119,United States,lower
ocd-bill/eba514c9-ebea-4be1-ac1d-d39cb2792e42,SRES 168,"A resolution supporting the goals and ideals of the Rise Up for LGBTQI+ Youth in Schools Initiative, a call to action to communities across the United States to demand equal educational opportunity, basic civil rights protections, and freedom from erasure for all students, particularly LGBTQI+ young people, in K-12 schools.",['resolution'],[],119,United States,upper
ocd-bill/accc1861-c94f-4a94-ac74-88bab5d3b86a,S 1366,"A bill to protect, for current and future generations, the Boundary Waters Canoe Area Wilderness and interconnected Federal land and waters, including Voyageurs National Park, within the Rainy River Watershed in the State of Minnesota, and for other purposes.",['bill'],[],119,United States,upper
ocd-bill/0b02514c-e06e-46cd-85ab-f44c30ca6549,S 1371,A bill to amend the Internal Revenue Code of 1986 to increase the number of eligible shareholders of an S corporation.,['bill'],[],119,United States,upper
ocd-bill/f4387d67-486f-462d-9eab-29c7190537ba,S 1368,"A bill to amend title 5, United States Code, to address the responsibilities of fiduciaries with respect to the Thrift Savings Fund, and for other purposes.",['bill'],[],119,United States,upper
ocd-bill/650b4208-f6b1-4f23-90f5-2ba30f807129,S 1365,"A bill to prohibit the awarding of contracts and grants to companies beneficially owned by special Government employees, and for other purposes.",['bill'],[],119,United States,upper
ocd-bill/cc371535-da12-4e93-99af-8ff9b655f7ad,S 1377,"A bill to ensure the maintenance of a herd of horses in Theodore Roosevelt National Park, and for other purposes.",['bill'],[],119,United States,upper
ocd-bill/2fae626e-7176-40c0-92cf-57751aa32be8,HRES 321,"Supporting the goals and ideals of the Rise Up for LGBTQI+ Youth in Schools Initiative, a call to action to communities across the country to demand equal educational opportunity, basic civil rights protections, and freedom from erasure for all students, particularly LGBTQI+ young people, in K-12 schools.",['resolution'],[],119,United States,lower
ocd-bill/bc0432d9-ecc0-49d8-ad81-82e050972abe,S 1393,A bill to amend the Internal Revenue Code of 1986 to establish a refundable child tax credit with monthly advance payment.,['bill'],[],119,United States,upper
ocd-bill/7b4935c4-12cc-4035-8842-e3fa82087e74,S 1391,"A bill to amend the Federal Ocean Acidification Research And Monitoring Act of 2009 to require the Secretary of Commerce, acting through the Administrator of the National Oceanic and Atmospheric Administration, to collaborate with State and local governments and Indian Tribes on vulnerability assessments related to ocean acidification, research planning, and similar activities, and for other purposes.",['bill'],[],119,United States,upper
ocd-bill/287b9a0a-2f82-4bc1-b70e-52efac746c3c,HR 660,WISER Act of 2025,['bill'],[],119,United States,lower
ocd-bill/65d1b10f-80e9-4b8a-b8c9-0d279c53b706,S 1394,A bill to provide enhanced funding for family planning services.,['bill'],[],119,United States,upper
ocd-bill/7ae3bd79-ece2-4308-9139-d82a1f993fd1,S 1375,"A bill to amend the Internal Revenue Code of 1986 to reinstate the exception for de minimis payments by third party settlement organizations with respect to returns relating to payments made in settlement of payment card and third party network transactions, as in effect prior to the enactment of the American Rescue Plan Act, and for other purposes.",['bill'],[],119,United States,upper
ocd-bill/a6109a34-9a46-43a7-a4dd-227ae80ebb00,S 1362,"A bill to require the Department of Defense to use information and communications technology products obtained from original equipment manufacturers or authorized resellers, and for other purposes.",['bill'],[],119,United States,upper
ocd-bill/adb944a9-6513-442d-9c77-31bad317220e,S 1374,"A bill to amend title 18, United States Code, to prohibit machinegun conversion devices and illegal modifications of semiautomatic firearms, and for other purposes.",['bill'],[],119,United States,upper
ocd-bill/b775c5eb-0811-44f6-a7a5-dab7b0020077,S 1382,"A bill to amend the Internal Revenue Code of 1986 to enhance the child tax credit, and for other purposes.",['bill'],[],119,United States,upper
ocd-bill/3754e90e-b129-4d80-a34c-1c372d7eaae4,HR 452,Miracle on Ice Congressional Gold Medal Act,['bill'],[],119,United States,lower
ocd-bill/e60a17b9-d439-4ee4-8716-bd406d717654,HRES 311,Dismissing the election contest relating to the office of Representative from the Thirtieth Congressional District of Texas.,['resolution'],[],119,United States,lower
ocd-bill/853a49a9-e6d9-4561-a434-336c2835a940,HJRES 54,Proposing an amendment to the Constitution of the United States providing that the rights protected and extended by the Constitution are the rights of natural persons only.,['resolution'],[],119,United States,lower
ocd-bill/9a983b54-f988-4c42-9608-20e1716047b5,HR 404,Hearing Protection Act,['bill'],[],119,United States,lower
ocd-bill/543e1bef-6de0-43ea-b216-91a6e5db4a04,S 1376,A bill to amend the National Trails System Act to direct the Secretary of Agriculture to conduct a study on the feasibility of designating the Benton MacKaye Trail as a national scenic trail.,['bill'],[],119,United States,upper
ocd-bill/309beca1-baeb-466a-b05b-bef87d4547e3,S 1400,A bill to amend the Adult Education and Family Literacy Act and the Workforce Innovation and Opportunity Act to strengthen adult education.,['bill'],[],119,United States,upper
ocd-bill/a19be45a-dffe-442b-bb03-66d3dbb138d2,S 1369,"A bill to support the execution of bilateral agreements concerning illicit transnational maritime activity and to authorize the President to impose sanctions with respect to illegal, unreported, or unregulated fishing and the sale, supply, purchase, or transfer of endangered species, and for other purposes.",['bill'],[],119,United States,upper
ocd-bill/795d228f-6263-4550-ba24-93b00d8d702d,SRES 166,"A resolution demanding the immediate reinstatement of all veteran Federal employees involuntarily removed or otherwise dismissed without cause since January 20, 2025.",['resolution'],[],119,United States,upper
ocd-bill/8815ddcd-f0d7-459e-9ca8-44c3ee3006f6,HRES 314,"Of inquiry requesting the President and directing the Secretary of Health and Human Services to transmit, respectively, certain documents to the House of Representatives relating to the effect on taxpayer and child privacy of the seizure by the so-called ""Department of Government Efficiency"" of legally-protected identity and financial data stored in the National Directory of New Hires and the Federal Parent Locator Service.",['resolution'],[],119,United States,lower
ocd-bill/1d8700fc-7140-4b35-b910-cced2415e11d,S 1396,"A bill to require transparency with respect to content and content provenance information, to protect artistic content, and for other purposes.",['bill'],[],119,United States,upper
ocd-bill/309c354c-c52a-4c90-a4ad-6b085a6d6785,S 1361,"A bill to require the Secretary of Veterans Affairs to give priority in the consideration of suicide prevention grants to entities located in States that have not received such a grant, and for other purposes.",['bill'],[],119,United States,upper
ocd-bill/84a1a03c-de3f-4c18-9397-06a320f4ee15,S 1378,"A bill to enhance the use by the National Oceanic and Atmospheric Administration of artificial intelligence for weather forecasting, and for other purposes.",['bill'],[],119,United States,upper
ocd-bill/c44694d1-663c-4d36-8c50-9e5392956e59,S 1395,"A bill to authorize the Secretary of Agriculture to carry out activities to reduce food loss and waste, and for other purposes.",['bill'],[],119,United States,upper
ocd-bill/87aee7de-d2bd-46c3-911c-f61f7a5f9801,HRES 316,"Of inquiry requesting the President to transmit certain documents relating to the use of insecure electronic communication platforms, including Signal, for official communications and to the compliance of the Administration with all Federal records laws.",['resolution'],[],119,United States,lower
ocd-bill/2304c5e3-3e35-454f-854e-daf5f7ac023b,HR 1061,Protecting Sensitive Locations Act,['bill'],[],119,United States,lower
ocd-bill/25131920-d4f9-43a3-8f3f-cd4829f49cc0,SRES 164,A resolution supporting the goals and ideals of National Public Safety Telecommunicators Week.,['resolution'],[],119,United States,upper
ocd-bill/11eedd00-cd76-4193-80ed-84e3c1561364,HRES 313,"Providing for consideration of the Senate amendment to the concurrent resolution (H. Con. Res. 14) establishing the congressional budget for the United States Government for fiscal year 2025 and setting forth the appropriate budgetary levels for fiscal years 2026 through 2034, and for other purposes.",['resolution'],[],119,United States,lower
ocd-bill/32d0cdd2-075c-49d9-8069-65b960c42f68,HR 1229,United States-Israel Defense Partnership Act of 2025,['bill'],[],119,United States,lower
ocd-bill/60465e38-3e4a-4d5b-8fa0-4513d577846a,SRES 163,"A resolution recognizing the contributions of Clela Rorex, a pioneering county clerk who, in 1975, advanced civil rights for all couples seeking to be married.",['resolution'],[],119,United States,upper
ocd-bill/e0af4de3-b07f-45a2-a1bb-b502649c6d70,S 1379,"A bill to ensure consumers have access to data relating to their motor vehicles, critical repair information, and tools, and to provide them choices for the maintenance, service, and repair of their motor vehicles, and for other purposes.",['bill'],[],119,United States,upper
ocd-bill/465dc103-b25e-42d3-ad92-d1e2d2299aa2,SRES 167,A resolution recognizing the importance of the Arctic Council and reaffirming the commitment of the United States to the Arctic Council.,['resolution'],[],119,United States,upper
ocd-bill/ca657e41-c5c1-4493-879a-0fca1650c2d6,HRES 320,Encouraging the Department of State and civil society to further the Abraham Accords by encouraging peace and tolerance in education.,['resolution'],[],119,United States,lower
ocd-bill/25dbcb39-ce54-49bf-baeb-6f86ee2f5000,S 1386,A bill to provide a taxpayer bill of rights for small businesses.,['bill'],[],119,United States,upper
ocd-bill/f91b7106-bab8-4c73-9baa-2ed632420910,S 1387,"A bill to authorize the National Biotechnology Initiative, and for other purposes.",['bill'],[],119,United States,upper
ocd-bill/3b99af39-8c13-4e4d-bb1f-df2c8ac50426,HR 881,DHS Restrictions on Confucius Institutes and Chinese Entities of Concern Act,['bill'],[],119,United States,lower
ocd-bill/2afab0db-0465-4722-98cd-93e68785c69f,S 1383,"A bill to establish the Veterans Advisory Committee on Equal Access, and for other purposes.",['bill'],[],119,United States,upper
ocd-bill/4d5c45c0-d976-41f8-909e-7ef4be822d07,S 1384,A bill to require States to report information on Medicaid payments to abortion providers.,['bill'],[],119,United States,upper
ocd-bill/d18ae011-3f46-426c-b607-cfc9b36d2ff3,S 1399,A bill to amend title XVIII of the Social Security Act to ensure appropriate payment of certain algorithm-based healthcare services under the Medicare program.,['bill'],[],119,United States,upper
ocd-bill/48b362bf-ddf6-4441-b1cb-818daee60063,HRES 309,Dismissing the election contest relating to the office of Representative from the Twenty-eighth Congressional District of Texas.,['resolution'],[],119,United States,lower
ocd-bill/711e07a2-7e6e-420a-b738-44eeb359ea99,S 1372,"A bill to amend the Internal Revenue Code of 1986 to expand, and make permanent certain modifications of, the earned income credit.",['bill'],[],119,United States,upper
ocd-bill/8aabfee8-14b8-4a03-aac8-0f9afee1e53a,S 1370,"A bill to amend title 18, United States Code, to restrict the possession of certain firearms, and for other purposes.",['bill'],[],119,United States,upper
ocd-bill/1f384d1d-6912-46a7-9232-e4b11d29c136,HRES 322,Supporting the goals and ideals of National Public Safety Telecommunicators Week.,['resolution'],[],119,United States,lower
ocd-bill/d24a1f9f-406b-4d0b-bd34-6aec245aa7e0,HRES 308,Dismissing the election contest relating to the office of Representative from the Fourteenth Congressional District of Florida.,['resolution'],[],119,United States,lower
ocd-bill/b2402c21-b2cb-41cc-a18d-d2ab950bc45e,HR 45,FIND Act,['bill'],[],119,United States,lower
ocd-bill/d43b17cb-e64c-4e70-beb3-51f2d5fa77f7,HRES 310,Dismissing the election contest relating to the office of Representative from the at-large Congressional District of Alaska.,['resolution'],[],119,United States,lower
ocd-bill/b8827338-102c-4040-9547-1b8b3f625236,S 1381,"A bill to amend title 11, United States Code, to improve protections for employees and retirees in business bankruptcies.",['bill'],[],119,United States,upper
ocd-bill/eedadd76-c890-4404-b31e-f5966ab48b97,HR 2202,End Taxpayer Funding of Gender Experimentation Act of 2025,['bill'],[],119,United States,lower
ocd-bill/dff8fb54-a151-40b3-81c2-0cca5a537223,HRES 315,Recognizing the 159th anniversary of the Civil Rights Act of 1866.,['resolution'],[],119,United States,lower
ocd-bill/e396343f-4c8b-4012-a2d8-349bb9295406,HR 2303,Board of Veterans’ Appeals Attorney Retention and Backlog Reduction Act,['bill'],[],119,United States,lower
ocd-bill/2d7947ef-5f3a-4d5d-86f5-1fbb494e0ce2,HRES 318,"Expressing support for the designation of the week of April 24-29, 2025, as ""Small Businesses in For-Hire Transportation Week"".",['resolution'],[],119,United States,lower
ocd-bill/42d3076e-9ea5-48c5-8a12-5a7ac83033a5,SRES 165,"A resolution expressing the sense of the Senate that the plan of President Trump and Elon Musk to fire 83,000 employees of the Department of Veterans Affairs is unacceptable and must be rescinded.",['resolution'],[],119,United States,upper
ocd-bill/26a3a7d3-f8cd-4cd5-a27b-b51db1dc1e29,HRES 317,Urging the United States to lead the world back from the brink of nuclear war and halt and reverse the nuclear arms race.,['resolution'],[],119,United States,lower
ocd-bill/80da4b57-5d9a-4695-9079-d57a48294d7c,HR 979,AM Radio for Every Vehicle Act of 2025,['bill'],[],119,United States,lower
ocd-bill/b73ef735-becf-4be0-bd39-1b50fcd54e32,S 1385,"A bill to amend the Agricultural Research, Extension, and Education Reform Act of 1998 and the Food, Agriculture, Conservation, and Trade Act of 1990 to direct the Agricultural Research Service to expand organic research, and for other purposes.",['bill'],[],119,United States,upper
ocd-bill/51933b5a-64a6-4266-91d9-0627b74a8480,HR 2029,Stop Comstock Act,['bill'],[],119,United States,lower
ocd-bill/c50acb89-414c-405e-a092-6fd02bc90d14,HRES 187,"Of inquiry requesting the President to transmit certain information to the House of Representatives referring to the termination, removal, placement on administrative leave, moved to another department of Federal employees and Inspectors General of agencies.",['resolution'],[],119,United States,lower
ocd-bill/6bd5250b-2198-47a6-8af2-11508c4054dd,HRES 319,"Recognizing the contributions of Clela Rorex, pioneering county clerk who advanced civil rights for all couples seeking to be married in 1975.",['resolution'],[],119,United States,lower
ocd-bill/4125144c-4606-403e-9c10-bf3999b17105,S 1402,"A bill to abolish the Department of Education, and for other purposes.",['bill'],[],119,United States,upper
ocd-bill/2a6d0df9-2909-41f6-add0-b27f82ccaf5a,S 1373,"A bill to make the Union Station Redevelopment Corporation eligible to receive certain grants, and for other purposes.",['bill'],[],119,United States,upper
ocd-bill/7ef4d8f1-3145-4f73-899a-385c115f205e,S 1363,"A bill to provide for greater cooperation and coordination between the Federal Government and the governing bodies and community users of land grant-mercedes in New Mexico relating to historical or traditional uses of certain land grant-mercedes on Federal public land, and for other purposes.",['bill'],[],119,United States,upper
ocd-bill/8c073a33-f2ec-4ad9-bcf1-782f95e7045e,S 1325,"A bill to amend the Internal Revenue Code of 1986 to impose a fee on certain products imported into the United States based on the pollution intensity associated with the production of such products, and for other purposes.",['bill'],[],119,United States,upper
ocd-bill/fe66ada4-4599-4c33-a698-62311cd3a92b,HRES 312,Dismissing the election contest relating to the office of Representative from the Fourteenth Congressional District of Florida.,['resolution'],[],119,United States,lower
ocd-bill/90a09c9a-98a1-4eb1-b089-8e7bd4e012fc,S 1388,A bill to require the review by the Committee on Foreign Investment in the United States of greenfield and brownfield investments by foreign countries of concern.,['bill'],[],119,United States,upper
ocd-bill/24c94c83-a299-4de9-911d-34ba74865bb0,HR 2792,"To make the Union Station Redevelopment Corporation eligible to receive certain grants, and for other purposes.",['bill'],[],119,United States,lower
ocd-bill/b86b6091-1866-4bff-930a-7e611c1f1036,HR 2783,"To expedite the environmental review process and approval of priority manufacturing projects, and for other purposes.",['bill'],[],119,United States,lower
ocd-bill/13ffe815-3f91-4e31-a2bc-5def7552319c,HR 2784,"To amend section 1362 of title 18, United States Code, to prohibit the destruction of broadband internet access service.",['bill'],[],119,United States,lower
ocd-bill/72ca06f2-66e2-4c25-8149-8ea677808ebe,HR 2771,"To amend the Cooperative Forestry Assistance Act of 1978 to authorize States to approve certain organizations to acquire, hold, and manage conservation easements under the Forest Legacy Program, and for other purposes.",['bill'],[],119,United States,lower
ocd-bill/22a0741d-b26b-41b6-aae7-e4d8ebeb68b8,HR 2789,To amend the Adult Education and Family Literacy Act and the Workforce Innovation and Opportunity Act to strengthen adult education.,['bill'],[],119,United States,lower
ocd-bill/882e8ee3-0a47-4536-ae68-72a8d3d49cd8,HR 2787,"To amend title 18, United States Code, to require a warrant for the disclosure of records from a provider of electronic communication service or remote computing service, and for other purposes.",['bill'],[],119,United States,lower
ocd-bill/2fe754c2-f913-4ca6-9fb9-2691571397a9,HR 2774,"To amend section 5 of the Flood Control Act of 1941 to impose a deadline for initiating the repair or restoration of project under such section, and for other purposes.",['bill'],[],119,United States,lower
ocd-bill/6ce9b30d-c167-4471-b876-c49c320ea4a5,HR 2786,"To allow the Secretary of Commerce to establish a Coastal and Estuarine Resilience and Restoration Program, and for other purposes.",['bill'],[],119,United States,lower
ocd-bill/c9d651f4-d85a-42f4-a03c-371245889b4a,HR 2788,"To amend title 23, United States Code, to provide for a national standard to prevent driving while intoxicated by requiring ignition interlocks for DWI offenders, and for other purposes.",['bill'],[],119,United States,lower
ocd-bill/590cafef-f7f5-47af-8ed5-70ee5153a97f,HR 2785,"To provide for greater cooperation and coordination between the Federal Government and the governing bodies and community users of land grant-mercedes in New Mexico relating to historical or traditional uses of certain land grant-mercedes on Federal public land, and for other purposes.",['bill'],[],119,United States,lower
ocd-bill/9c470327-c1f3-45ee-9abc-927055c62c1b,HR 2805,"To direct the Assistant Secretary of Commerce for Communications and Information to develop a National Strategy to Close the Digital Divide, and for other purposes.",['bill'],[],119,United States,lower
ocd-bill/25607b35-dcee-43a3-a125-b87f556d6b02,HR 2781,"To amend title 10, United States Code, to require certain secondary schools to display information regarding military recruiting.",['bill'],[],119,United States,lower
ocd-bill/099a37d1-c218-4efa-8f1b-ab0f43d030fa,HR 2770,"To direct the use of artificial intelligence by National Oceanic and Atmospheric Administration to adapt to extreme weather, and for other purposes.",['bill'],[],119,United States,lower
ocd-bill/2bc438eb-0366-4a39-9ab7-7c50bf165cec,HR 2806,"To prohibit the Secretary of Energy from sending petroleum products from the Strategic Petroleum Reserve to China, and for other purposes.",['bill'],[],119,United States,lower
ocd-bill/b1b79dc0-f1c4-4a3a-80c5-c0539f7514f9,HR 2800,"To amend the Internal Revenue Code of 1986 to increase the earned income tax credit, and for other purposes.",['bill'],[],119,United States,lower
ocd-bill/c9386ab7-b741-4494-aecf-98ba0888eace,HR 2793,To allow individuals to choose to opt out of the Medicare part A benefit.,['bill'],[],119,United States,lower
ocd-bill/87e111aa-29cb-46d6-a635-fb76ac96b4d8,HR 2760,To amend the Internal Revenue Code of 1986 to increase the income cap for and make permanent the mortgage insurance premium deduction.,['bill'],[],119,United States,lower
ocd-bill/823a2651-cb44-4516-801d-675bf49363ad,HR 2798,To amend the Internal Revenue Code of 1986 to allow a credit against tax for charitable donations for the creation or expansion of charter schools.,['bill'],[],119,United States,lower
ocd-bill/2bbe4fbf-ebf4-4a0e-8f4d-6c7b5ce91329,HR 2759,To amend the Internal Revenue Code of 1986 to provide an exception to percentage of completion method of accounting for certain residential construction contracts.,['bill'],[],119,United States,lower
ocd-bill/5e110d5d-0b86-44e3-baa0-37bc9c4cbfbb,HR 2757,"To amend title XVIII of the Social Security Act to improve coverage of audiology services under the Medicare program, and for other purposes.",['bill'],[],119,United States,lower
ocd-bill/52f84d31-2ac0-4ccd-bbbf-29a886fb80d8,HR 2799,"To amend title 18, United States Code, to prohibit machinegun conversion devices and illegal modifications of semiautomatic firearms, and for other purposes.",['bill'],[],119,United States,lower
ocd-bill/7f3e0e9a-fba6-4b93-9a22-6fbada6cf83b,HR 2776,"To amend the Federal Food, Drug, and Cosmetic Act to ensure the safety of imported seafood.",['bill'],[],119,United States,lower
ocd-bill/2525964f-8d8f-4fd3-a7b1-5f37768020b0,HR 2803,To enhance protections for election records.,['bill'],[],119,United States,lower
ocd-bill/48a67b2b-75af-40c5-84d1-e918cd2fc767,HR 2797,"To establish a commission to study and develop proposals for expanding the House of Representatives, and for other purposes.",['bill'],[],119,United States,lower
ocd-bill/fe41b4e0-76e0-41a6-894d-136ba0a611e1,HR 2758,To amend the Food Security Act of 1985 to modify the conservation reserve enhancement program.,['bill'],[],119,United States,lower
ocd-bill/e16c867e-e702-40e5-bf3e-7320e447dd89,HR 2769,"To provide that, for a 3-year period, applications for the exportation of natural gas to member countries of the North Atlantic Treaty Organization be granted without modification or delay, and for other purposes.",['bill'],[],119,United States,lower
ocd-bill/bf7f3fa6-809c-42c3-a6dd-64f2a86fbba1,HR 2801,"To amend the Internal Revenue Code of 1986 to allow an increased work opportunity credit with respect to veterans, and for other purposes.",['bill'],[],119,United States,lower
ocd-bill/62c82855-5c8b-4834-af58-d392945f30ab,HR 2791,"To amend title 38, United States Code, to increase the maximum amount of housing loan guaranty entitlement available to certain veterans under the laws administered by the Secretary of Veterans Affairs.",['bill'],[],119,United States,lower
ocd-bill/ff5a2260-f92e-45e0-acb4-a9fe3d813bf6,HR 2777,To amend the Internal Revenue Code of 1986 to increase the number of eligible shareholders of an S corporation.,['bill'],[],119,United States,lower
ocd-bill/3121324c-c437-4a1a-a84d-966185490564,HR 2780,To temporarily expand the supplemental nutrition assistance program income eligibility of households that include certain veterans.,['bill'],[],119,United States,lower
ocd-bill/4640c087-a486-4f11-9624-6692acaab913,HR 2804,"To amend the Small Business Act to codify the Rule of Two, and for other purposes.",['bill'],[],119,United States,lower
ocd-bill/b17c110d-cd7f-461e-86f7-02c3dc5a8745,HR 2762,To provide enhanced funding for family planning services.,['bill'],[],119,United States,lower
ocd-bill/0eb0cebb-78bd-44d0-af1e-2e6e17343d41,HR 2753,"To amend the Congressional Budget Act of 1974 to provide for a point of order against reconciliation measures that cut benefits for Medicaid or the Supplemental Nutrition Assistance Program, and for other purposes.",['bill'],[],119,United States,lower
ocd-bill/85aaa4b5-5a1b-49f6-a553-6ef38cba214d,HR 2754,"To require the Committee on Foreign Investment in the United States to review any purchase or lease of real estate near a military installation or military airspace in the United States by a foreign person connected to or subsidized by the Russian Federation, the People's Republic of China, the Islamic Republic of Iran, or the Democratic People's Republic of Korea, and for other purposes.",['bill'],[],119,United States,lower
ocd-bill/16394ba8-7921-469a-9ae8-15d10fcc21d9,HR 2766,To require the Director of the Office of Management and Budget to issue guidance to agencies requiring special districts to be recognized as local government for the purpose of Federal financial assistance determinations.,['bill'],[],119,United States,lower
ocd-bill/887e3b16-ea80-465c-93f4-a6fddf0afe26,HR 2761,"To prohibit the use of Federal funds for a military parade in the District of Columbia intended for the personal celebration of President Donald J. Trump, and for other purposes.",['bill'],[],119,United States,lower
ocd-bill/4828313e-e887-4fc5-b930-d5bd1a7770ef,HR 2764,"To amend the Internal Revenue Code of 1986 to expand, and make permanent certain modifications of, the earned income credit.",['bill'],[],119,United States,lower
ocd-bill/51f6967f-71ce-4ce5-9cb3-cf3970cb4fe0,HR 1046,Marc Fischer Memorial Act,['bill'],[],119,United States,lower
ocd-bill/cdf3bf0e-6ca3-4641-b732-9eb05bae0a98,HR 2782,To provide a taxpayer bill of rights for small businesses.,['bill'],[],119,United States,lower
ocd-bill/e202386a-dc4a-4bc1-9a24-7e72f8769746,HR 2779,To require States to report information on Medicaid payments to abortion providers.,['bill'],[],119,United States,lower
ocd-bill/3c5d9356-39b8-4f86-9a0a-fce9665f94ad,HR 2772,To direct the Secretary of the department in which the Coast Guard is operating to study and report to the Congress regarding recreational vessel operator training.,['bill'],[],119,United States,lower
ocd-bill/786562e4-02a2-4d47-8984-34239e49e80f,HR 2768,To amend the National Trails System Act to direct the Secretary of Agriculture to conduct a study on the feasibility of designating the Benton MacKaye Trail as a national scenic trail.,['bill'],[],119,United States,lower
ocd-bill/db0763d6-a67b-4f9c-8f01-df4c0c5c5e5a,HR 2790,"To amend title 18, United States Code, to restrict the possession of certain firearms, and for other purposes.",['bill'],[],119,United States,lower
ocd-bill/706c4616-e803-4a02-8a53-4413190c267c,HR 2795,"To amend title 28, United States Code, to prohibit the issuance of nationwide injunctions from single-judge divisions of U.S. District Courts.",['bill'],[],119,United States,lower
ocd-bill/3c0d7049-ff00-46ad-897e-9fd158ebaac5,HR 2775,"To require the Secretary of Homeland Security to assess drone deployment to improve border security and disrupt maritime or low-altitude drug smuggling along the United States coastline, and for other purposes.",['bill'],[],119,United States,lower
ocd-bill/b409699c-7298-4f44-98d8-50b6b525913f,HR 2778,To amend the Higher Education Act of 1965 to require additional disclosures relating to gifts and contracts from foreign sources.,['bill'],[],119,United States,lower
ocd-bill/fa026187-b433-4e0c-8a3e-361512525b9b,HR 2767,To advance research to achieve medical breakthroughs in brain tumor treatment and improve awareness and adequacy of specialized cancer and brain tumor care.,['bill'],[],119,United States,lower
ocd-bill/796ca236-99ea-4d3f-a653-9ecc3daa077b,HR 2802,To amend the Internal Revenue Code of 1986 to provide individuals a refundable credit for a portion of Federal income tax liability for 2025.,['bill'],[],119,United States,lower
ocd-bill/8d84d41e-261f-4923-a255-e40f2f9a05f8,HR 2765,"To require the Department of Defense to use information and communications technology products obtained from original equipment manufacturers or authorized resellers, and for other purposes.",['bill'],[],119,United States,lower
ocd-bill/1ce7e9bc-69bf-4782-87e5-c5ca0c8927d2,HR 2796,"To reauthorize the Trafficking Victims Protection Act of 2000, and for other purposes.",['bill'],[],119,United States,lower
ocd-bill/a6a79321-858e-4c75-9b38-9c11846d836f,HR 2763,To amend the Internal Revenue Code of 1986 to establish a refundable child tax credit with monthly advance payment.,['bill'],[],119,United States,lower
ocd-bill/a999be25-9ec3-46de-963a-129418e83f9d,HR 2794,"To protect intellectual property rights in the voice and visual likeness of individuals, and for other purposes.",['bill'],[],119,United States,lower
ocd-bill/6a942b42-dbeb-44f1-b4e2-9cf4577a5dda,HR 2773,"To provide that the Secretary of the Interior may not enter into certain conservation easements with a term of more than 30 years, and for other purposes.",['bill'],[],119,United States,lower
ocd-bill/5e71da5a-bdfe-4a37-a16c-100df1c31f84,HR 2756,"To authorize the National Biotechnology Initiative, and for other purposes.",['bill'],[],119,United States,lower
ocd-bill/abe22347-f151-4981-b909-e327686aeda6,HR 2755,"To amend title 49, United States Code, to increase the vehicle length limitation for truck tractor-lowboy trailer combinations, and for other purposes.",['bill'],[],119,United States,lower
ocd-bill/e37a740b-3d9d-4c87-aca7-d8b4e6068e88,HR 290,Rural Telehealth and Education Enhancement Act of 2025,['bill'],[],119,United States,lower
ocd-bill/cb48b85f-1307-47c3-9b97-b8a5842d0647,HR 289,SAP Act of 2025,['bill'],[],119,United States,lower
ocd-bill/4c434ef7-9d1f-434f-a878-9600dbb42b9d,HR 349,Goldie’s Act,['bill'],[],119,United States,lower
ocd-bill/5d69a110-3099-4416-9e6d-c20b227face1,HR 302,Water Rights Protection Act of 2025,['bill'],[],119,United States,lower
ocd-bill/495f7d30-57ae-40c6-9838-213e88f58d53,HR 345,Fire Department Repayment Act of 2025,['bill'],[],119,United States,lower
ocd-bill/22c5a013-ff48-41a2-bf72-3c6d9284da89,HR 534,CONTAINER Act,['bill'],[],119,United States,lower
ocd-bill/449ba6fb-8794-49d2-8623-5e12418bd1bf,HR 429,Rosie the Riveter Commemorative Coin Act,['bill'],[],119,United States,lower
ocd-bill/6bae4727-bdb1-48e7-a3a4-686cf21420ad,HR 416,No Welfare for the Wealthy Act of 2025,['bill'],[],119,United States,lower
ocd-bill/82f9c3c2-f95f-43e5-bfd0-4171fce22d0d,HR 947,Non-Recognition of Russian Annexation of Ukrainian Territory Act,['bill'],[],119,United States,lower
ocd-bill/e0e46e3d-392e-4edc-92d2-0b22ca4660a6,HR 1266,Combating Illicit Xylazine Act,['bill'],[],119,United States,lower
ocd-bill/a1912888-5356-4b77-b191-a3b0fa841835,HR 1477,Animal Cruelty Enforcement Act of 2025,['bill'],[],119,United States,lower
ocd-bill/066911b2-bb4d-4c7e-8576-1b5854836c80,HR 1455,ITS Codification Act,['bill'],[],119,United States,lower
ocd-bill/b3b0069b-9ab6-4ab8-b54f-fde85e4ac0ec,HR 1641,Student Debt Alternative and CTE Awareness Act,['bill'],[],119,United States,lower
ocd-bill/da35de72-0da4-42d4-a6c0-f6cf80f464e1,HR 1573,Military and Educational Data Integration Act,['bill'],[],119,United States,lower
ocd-bill/7969c8dc-5bb7-4f16-893b-cd8adb523cee,HR 1514,Mississippi River Basin Fishery Commission Act of 2025,['bill'],[],119,United States,lower
ocd-bill/ac038059-3595-4b44-9655-fe86b4e96325,HR 1618,Precision Agriculture Satellite Connectivity Act,['bill'],[],119,United States,lower
ocd-bill/2ced696e-ce4d-4d88-b27a-6b7e741c41d3,HR 1542,Pay Our Coast Guard Parity Act of 2025,['bill'],[],119,United States,lower
ocd-bill/b08fcf26-fb38-4612-aa3c-bc54dec5f0a6,HR 1721,Critical Infrastructure Manufacturing Feasibility Act,['bill'],[],119,United States,lower
ocd-bill/fb41367a-b6d3-4540-a524-1dc8685a5ba5,HR 1850,CRUDE Act,['bill'],[],119,United States,lower
ocd-bill/3fb4cce6-a8f2-4eef-8a55-5daf31c01926,HR 1847,To codify Executive Order 14158 relating to establishing and implementing the President's Department of Government Efficiency.,['bill'],[],119,United States,lower
ocd-bill/8a08a44e-ad70-4ad2-b843-97be7c3577bd,HR 1709,Understanding Cybersecurity of Mobile Networks Act,['bill'],[],119,United States,lower
ocd-bill/16be1acc-4e8c-4619-998d-1ca3f34b33bf,HR 1845,TAP Promotion Act,['bill'],[],119,United States,lower
ocd-bill/8863d633-9f91-45bb-9194-db95607a4a65,HR 1874,"To amend the Coastal Zone Management Act of 1972 to establish a conclusive presumption that a State concurs to certain activities, and for other purposes.",['bill'],[],119,United States,lower
ocd-bill/7d8fa365-bca5-42e3-b045-10ff923abc14,HR 1884,Veterans Fellowship Act,['bill'],[],119,United States,lower
ocd-bill/6ac1f21d-62fe-44b6-bfbc-d9a3b160c7b6,HR 1856,CASE LOAD Act of 2025,['bill'],[],119,United States,lower
ocd-bill/701fb703-79b7-4d6d-9883-962fac3337dd,HR 1868,Stop Tax Penalties on American Hostages Act of 2025,['bill'],[],119,United States,lower
ocd-bill/c53dc26f-f24f-40f8-8509-3a66fb158a8a,HR 1855,National Amusement Park Ride Safety Act,['bill'],[],119,United States,lower
ocd-bill/aad903cc-7403-489c-acaa-77646272a0c0,HR 1858,"Flooding Prevention, Assessment, and Restoration Act",['bill'],[],119,United States,lower
ocd-bill/02225177-e5a3-4880-be3d-e9d0126860b7,HR 1869,Protecting American Industry and Labor from International Trade Crimes Act of 2025,['bill'],[],119,United States,lower
ocd-bill/5d5b1c33-78df-4e6a-8093-0cbd729c407e,HR 1872,Fairness in Veterans’ Education Act,['bill'],[],119,United States,lower
ocd-bill/2f0f6be1-9e7f-4d28-af72-cc3df6e8a0f6,HR 1852,IHE Nonprofit Clarity Act,['bill'],[],119,United States,lower
ocd-bill/7090611b-dfc7-4152-aed4-29143e54c453,HR 1885,Town of North Topsail Beach Coastal Barrier Resources System Map Amendment Act of 2025,['bill'],[],119,United States,lower
ocd-bill/5f66bd25-9fb8-48a6-952e-5660676a5ce7,HR 1863,Royalty Transparency Act,['bill'],[],119,United States,lower
ocd-bill/9c6e4c87-958a-4aef-ac2b-1f2f3ae9cedc,HR 1871,Water Conservation Rebate Tax Parity Act,['bill'],[],119,United States,lower
ocd-bill/727226d8-5f4c-45f4-b193-d12507e12299,HR 1888,Nuclear Weapons Abolition and Conversion Act of 2025,['bill'],[],119,United States,lower
ocd-bill/61214ab8-97c6-4eec-907d-78df9330192e,HR 1870,SPEED for BEAD Act,['bill'],[],119,United States,lower
ocd-bill/cdf69949-b1b0-475d-b1ae-d9819aff6dd1,HR 1851,Fighter Force Preservation and Recapitalization Act of 2025,['bill'],[],119,United States,lower
ocd-bill/626013b3-c20c-44d3-830b-925656e7a883,HR 1864,Risky Research Review Act,['bill'],[],119,United States,lower
ocd-bill/95136f96-eef8-461b-8d05-4089e7b4b797,HR 1882,Saving Gig Economy Taxpayers Act,['bill'],[],119,United States,lower
ocd-bill/b2436ccc-1937-4b78-85f1-2960efb85c9b,HR 1890,Turkey Diplomatic Realignment Act,['bill'],[],119,United States,lower
ocd-bill/da5e12ac-ddc8-4d30-9ff8-15aa0f340bbf,HR 1880,Broadcast Freedom and Independence Act of 2025,['bill'],[],119,United States,lower
ocd-bill/f4cd1d69-fdc2-476e-a75e-e7e0ec57a0f1,HR 1881,Methane Reduction and Economic Growth Act,['bill'],[],119,United States,lower
ocd-bill/47ca75b3-fe4d-454e-903c-2f88791352af,HR 1860,Women Veterans Cancer Care Coordination Act,['bill'],[],119,United States,lower
ocd-bill/6377fed0-0aae-41e7-8146-44d28d9fc87d,HR 1843,"To amend the Federal Food, Drug, and Cosmetic Act to increase transparency in generic drug applications.",['bill'],[],119,United States,lower
ocd-bill/c1601643-b7de-48c3-b752-577a2ffe4778,HR 1846,Federal Reserve Board Abolition Act,['bill'],[],119,United States,lower
ocd-bill/5fc87840-7d8a-4561-9619-778399cebe64,HR 1886,Affordable College Textbook Act,['bill'],[],119,United States,lower
ocd-bill/7e59b80d-a1b9-451c-831e-13e3c2f53588,HR 20,Richard L. Trumka Protecting the Right to Organize Act of 2025,['bill'],[],119,United States,lower
ocd-bill/4d82d1cb-4db7-4c52-95b5-3f0db00e9e32,HR 1883,Disclosing Foreign Influence in Lobbying Act,['bill'],[],119,United States,lower
ocd-bill/af3b1c29-2232-481a-b6c6-db6aea7cfb59,HR 1853,CALL Act,['bill'],[],119,United States,lower
ocd-bill/d9f8d1f4-315e-4aba-801c-117420f05d3a,HR 1854,Climate Agricultural Conservation Practices Act,['bill'],[],119,United States,lower
ocd-bill/7c1e4c44-7684-4a31-b95e-27ca37ca1a82,HR 1865,"Mining Waste, Fraud, and Abuse Prevention Act of 2025",['bill'],[],119,United States,lower
ocd-bill/d03e01c3-ab0a-4a64-a2a2-6b95f8043b78,HR 1879,No Tax Breaks for Sanctuary Cities Act,['bill'],[],119,United States,lower
ocd-bill/e8eb2b61-ac25-459b-ac55-2691df96c4da,HR 1875,Medicaid Provider Screening Accountability Act,['bill'],[],119,United States,lower
ocd-bill/74cacce9-45e6-4ab3-8f6d-584cafd3f44f,HR 1866,GUARD Act,['bill'],[],119,United States,lower
ocd-bill/38e56418-63a7-461a-9775-8629b2023743,HR 1873,Broadband Grant Tax Treatment Act,['bill'],[],119,United States,lower
ocd-bill/73b1b2fa-2ef0-4a57-bc81-ec0827f68c0e,HR 1848,"To authorize the imposition of sanctions with respect to the Houthis, and for other purposes.",['bill'],[],119,United States,lower
ocd-bill/c843481b-90d5-435f-bf16-236575d2dca7,HR 1849,Disaster Mitigation and Tax Parity Act of 2025,['bill'],[],119,United States,lower
ocd-bill/45415b7c-58ab-42ed-a06d-0f73134714ca,HR 1862,"To declare English as the official language of the United States, to establish a uniform English language rule for naturalization, and to avoid misconstructions of the English language texts of the laws of the United States, pursuant to Congress' powers to provide for the general welfare of the United States and to establish a uniform rule of naturalization under article I, section 8, of the Constitution.",['bill'],[],119,United States,lower
ocd-bill/c5a0a3d5-595e-4ecf-abe4-f89fb3aa243b,HR 1893,LIONs Act of 2025,['bill'],[],119,United States,lower
ocd-bill/be2646f5-2c7f-4ff6-a9ca-a4d9a137ac05,HR 1878,IVF Access and Affordability Act,['bill'],[],119,United States,lower
ocd-bill/c4a38a0c-1ceb-434b-a85a-5c6a43fa12e4,HR 1892,Wireless Electric Vehicle Charging Grant Program Act of 2025,['bill'],[],119,United States,lower
ocd-bill/f1a6fe0b-1fed-4c65-9e3b-37f24b13b9f5,HR 1867,To amend title XVIII of the Social Security Act to remove in-person requirements under Medicare for mental health services furnished through telehealth and telecommunications technology.,['bill'],[],119,United States,lower
ocd-bill/0e3c2002-6ae5-46f6-a63c-bf9d3be9078a,HR 1887,Lobbying Disclosure Improvement Act,['bill'],[],119,United States,lower
ocd-bill/d69dd8ec-f629-46df-8512-ac2128463b81,HR 1889,Cutting Red Tape on Child Care Providers Act of 2025,['bill'],[],119,United States,lower
ocd-bill/cc1f0998-b2a7-4f79-865d-db8d4df9741e,HJRES 36,"Providing for congressional disapproval under chapter 8 of title 5, United States Code, of the rule submitted by the Forest Service of the Department of Agriculture relating to ""Law Enforcement; Criminal Prohibitions"".",['resolution'],[],119,United States,lower
ocd-bill/044a5e2c-43f5-4168-98c0-f96bc0b263db,HRES 113,Directing the Secretary of Homeland Security to transmit to the House of Representatives certain documents relating to Department of Homeland Security policies and activities related to the security of Department information and data and the recruitment and retention of its workforce.,['resolution'],[],119,United States,lower
ocd-bill/34d832fe-6a47-47f2-816b-48b5d9265b4f,HCONRES 17,Authorizing the use of Emancipation Hall in the Capitol Visitor Center for a ceremony as part of the commemoration of the days of remembrance of victims of the Holocaust.,['resolution'],[],119,United States,lower
ocd-bill/1c2c5550-1ad5-465c-ad44-a9fdc11b0cb1,HRES 194,"Expressing support for the designation of March 6, 2025, as ""Great Lakes Day"".",['resolution'],[],119,United States,lower
ocd-bill/41759b98-c728-4e40-88e9-eb59e7260dda,HRES 189,Censuring Representative Al Green of Texas.,['resolution'],[],119,United States,lower
ocd-bill/00f148ae-eacc-4ccd-836c-804c9a38c62a,HRES 196,"Expressing support for the designation of the week beginning March 2, 2025, as ""School Social Work Week"".",['resolution'],[],119,United States,lower
ocd-bill/7b2bbb1b-4258-4d63-866b-f9497ea7c346,HRES 191,Expressing the profound sorrow of the House of Representatives on the death of the Honorable Sylvester Turner.,['resolution'],[],119,United States,lower
ocd-bill/7eba74d8-3c95-4867-983d-2f968c52d407,HRES 197,Censuring Representative Al Green of Texas.,['resolution'],[],119,United States,lower
ocd-bill/ae943888-9ead-4c03-adc8-bb2cc3a38458,HRES 190,Electing Members to the Joint Committee of Congress on the Library and the Joint Committee on Printing.,['resolution'],[],119,United States,lower
ocd-bill/e97ebae9-c275-4f42-b76e-6893f7c6b816,HRES 192,"Recognizing the commencement of Ramadan, the Muslim holy month of fasting and spiritual renewal, and commending Muslims in the United States and throughout the world for their faith.",['resolution'],[],119,United States,lower
ocd-bill/689ed110-a83d-49c6-8ec5-de8fd0ccd62b,HRES 193,Censuring Representative Al Green of Texas.,['resolution'],[],119,United States,lower
ocd-bill/b87adc6c-4457-4e34-9189-66e5132e8123,S 696,Protecting Our Guests During Hostilities in Ukraine Act,['bill'],[],119,United States,upper
ocd-bill/a95a2810-a2c5-4ee7-bca6-f1ccde561f0d,S 774,WHO is Accountable Act,['bill'],[],119,United States,upper
ocd-bill/344dfc68-6c19-4e26-a0a7-967a89e01c77,S 767,HIDTA Enhancement Act,['bill'],[],119,United States,upper
ocd-bill/eca9f2e7-e1b8-4d58-b37b-a91ad01c593e,S 813,SHOPP Act of 2025,['bill'],[],119,United States,upper
ocd-bill/ae1b63b9-85e2-4d7c-a0c9-624e7db7e1c6,SJRES 7,"A joint resolution providing for congressional disapproval under chapter 8 of title 5, United States Code, of the rule submitted by the Federal Communications Commission relating to ""Addressing the Homework Gap Through the E-Rate Program"".",['resolution'],[],119,United States,upper
ocd-bill/e19a92db-16f2-4576-9265-aaea63a9b660,HR 919,Chronic Disease Flexible Coverage Act,['bill'],[],119,United States,lower
ocd-bill/da4da695-37ad-43d8-91d6-a8522359ce78,SRES 107,"A resolution expressing support for the designation of the week of March 3 through March 7, 2025, as ""National Social and Emotional Learning Week"" to recognize the critical role social and emotional learning plays in supporting the academic success and overall well-being of students, educators, and families.",['resolution'],[],119,United States,upper
ocd-bill/7645934d-b44d-43f2-8e10-b1bda9f73407,SRES 108,A resolution affirming the rule of law and the legitimacy of judicial review.,['resolution'],[],119,United States,upper
ocd-bill/d57bdbc5-6d6f-4429-8517-2e50cbc9a007,SRES 114,"A resolution expressing the sense of the Senate that the Russian Federation started the war against Ukraine by launching an unprovoked full-scale invasion of Ukraine on February 24, 2022.",['resolution'],[],119,United States,upper
ocd-bill/4795a229-8226-41c0-8255-6ed578c5c74c,SRES 111,A resolution condemning the Armed Forces of the Russian Federation and officials of the Government of the Russian Federation for committing crimes against humanity and war crimes in Ukraine.,['resolution'],[],119,United States,upper
ocd-bill/54972481-7ed5-4339-ae32-fac0baa96486,SRES 106,A resolution supporting the goals of International Women's Day.,['resolution'],[],119,United States,upper
ocd-bill/b0e8cffb-c9a1-4dd7-bf11-2a9c5fd15b99,SRES 115,"A resolution relating to the death of the Honorable David Lyle Boren, former Senator for the State of Oklahoma.",['resolution'],[],119,United States,upper
ocd-bill/da0d626e-7b02-49fb-a066-e05ce15d73c7,SRES 113,A resolution reaffirming the fundamental principle prohibiting any state from forcibly acquiring the territory of another state.,['resolution'],[],119,United States,upper
ocd-bill/a9bb2120-f8ab-46cf-b9bb-15e51bd1ae59,SRES 109,A resolution expressing the sense of the Senate that Russian President Vladimir Putin should immediately withdraw Russian forces from Ukraine.,['resolution'],[],119,United States,upper
ocd-bill/4b9e73bd-dd17-4913-8c96-a36ff42fdff3,SRES 112,A resolution recognizing the partnership between the United States and Ukraine.,['resolution'],[],119,United States,upper
ocd-bill/c86b4b82-c0d4-4138-a6e0-273654314a5e,SRES 110,A resolution condemning Russia's illegal abduction of Ukrainian children.,['resolution'],[],119,United States,upper
ocd-bill/f58a3f3f-b2d3-4cd3-8c34-8a976fdf3ab5,S 390,BADGES for Native Communities Act,['bill'],[],119,United States,upper
ocd-bill/e88bcefa-6dea-4ada-8306-a3327225fec7,S 719,Tribal Forest Protection Act Amendments Act of 2025,['bill'],[],119,United States,upper
ocd-bill/d2f8e7bf-ae58-4367-a7dc-fae11b81f7ad,S 860,BUST FENTANYL Act,['bill'],[],119,United States,upper
ocd-bill/85b0deba-9897-4945-a391-48a3f63d8b5c,S 852,Richard L. Trumka Protecting the Right to Organize Act of 2025,['bill'],[],119,United States,upper
ocd-bill/4c5c7f64-6d01-4fe0-8a05-e8bb383ae66c,S 857,Water Conservation Rebate Tax Parity Act,['bill'],[],119,United States,upper
ocd-bill/de48b9a7-d09f-4e1b-af5d-0d8b3ee9e490,S 873,Fighter Force Preservation and Recapitalization Act of 2025,['bill'],[],119,United States,upper
ocd-bill/a21274aa-57a7-404d-bae5-9daec0f18d78,S 864,HELP Copays Act,['bill'],[],119,United States,upper
ocd-bill/b010c968-92ef-4dc2-9c6f-ca67e2dc9c81,S 861,Disaster Assistance Simplification Act,['bill'],[],119,United States,upper
ocd-bill/2c9c7629-3716-420d-a091-0eac36c9b7e0,S 870,Native ELDER Act,['bill'],[],119,United States,upper
ocd-bill/7bbb275e-588d-473e-b9e7-e801e39270e2,S 867,Broadcast Freedom and Independence Act of 2025,['bill'],[],119,United States,upper
ocd-bill/6f1c1c07-118a-44ab-b39c-76414b80d483,S 871,Hawaii Native Species Conservation and Recovery Act of 2025,['bill'],[],119,United States,upper
ocd-bill/b98df4ec-3a69-426f-ab9b-b28608ff6a02,S 855,Royalty Transparency Act,['bill'],[],119,United States,upper
ocd-bill/469e36b9-3e64-4f4c-908a-340ac00810b8,S 848,REPORT Act,['bill'],[],119,United States,upper
ocd-bill/817ae903-e2f6-4ba3-83b2-f41f494180f9,S 874,Expanding Whistleblower Protections for Contractors Act of 2025,['bill'],[],119,United States,upper
ocd-bill/5d4dfad8-dae0-495f-9eb2-e22852ffdd3e,S 858,Hershel ‘Woody' Williams National Medal of Honor Monument Location Act,['bill'],[],119,United States,upper
ocd-bill/e1016bf1-c540-4d37-9d74-e2536b0f963d,S 859,"Mining Waste, Fraud, and Abuse Prevention Act of 2025",['bill'],[],119,United States,upper
ocd-bill/35978658-cb4a-470b-aaf3-1e80cc478287,S 854,Risky Research Review Act,['bill'],[],119,United States,upper
ocd-bill/7861925c-68f0-4d33-8408-4e6ae1a4daff,S 866,Accelerating Broadband Permits Act,['bill'],[],119,United States,upper
ocd-bill/ec58abf6-757b-4959-b67b-04e835a81f61,S 853,INNOVATE Act,['bill'],[],119,United States,upper
ocd-bill/f3867036-1e2e-478c-951b-a75986d30ebc,S 850,Northern Border Security Enhancement and Review Act,['bill'],[],119,United States,upper
ocd-bill/6f6ff445-7462-4622-99ec-6aaaaeddfc7f,S 849,The Allegiance Act of 2025,['bill'],[],119,United States,upper
ocd-bill/806253c7-b7ce-4a08-9d65-abd11ab85969,S 865,Lobbying Disclosure Improvement Act,['bill'],[],119,United States,upper
ocd-bill/11a46946-f837-4f3b-97f2-bb9de48a2288,S 856,Disclosing Foreign Influence in Lobbying Act,['bill'],[],119,United States,upper
ocd-bill/4c6c17b7-b2a7-4f94-b4b9-a2acdb8b0758,S 863,Genomic Data Protection Act,['bill'],[],119,United States,upper
ocd-bill/a5f27ef9-d853-4416-b2d3-9f3205dda627,S 862,HBOT Access Act of 2025,['bill'],[],119,United States,upper
ocd-bill/44c65add-e024-4cc1-9e4a-99abe6172564,S 851,GUARD Act,['bill'],[],119,United States,upper
ocd-bill/733d1642-07f9-43ac-9fbf-c5d6ece0e8fd,S 869,Federal Reserve Board Abolition Act,['bill'],[],119,United States,upper
ocd-bill/838b686e-2e78-4304-86bd-100a334832d1,HR 1511,REDUCE Act,['bill'],[],119,United States,lower
ocd-bill/0a7f1882-03a5-4a4c-97a4-168bd9711d32,HR 1540,Falun Gong Protection Act,['bill'],[],119,United States,lower
ocd-bill/aa7016e8-cf3b-4f5f-b1e5-079b26f074be,HR 1451,Quapaw Tribal Settlement Act of 2025,['bill'],[],119,United States,lower
ocd-bill/78e78825-20e7-4824-91da-4ba1089299c1,HR 1452,Ending the Cycle of Dependency Act of 2025,['bill'],[],119,United States,lower
ocd-bill/86997cb6-ffe7-4d4b-8418-7e61bc01ce86,HR 1499,"To amend the Grand Ronde Reservation Act to address the hunting, fishing, trapping, and animal gathering rights of the Confederated Tribes of the Grand Ronde Community, and for other purposes.",['bill'],[],119,United States,lower
ocd-bill/c690aaf3-4f56-4d1e-acf7-5da0fc719e1e,HR 1590,Rural Innovation and Small Business Support Act,['bill'],[],119,United States,lower
ocd-bill/005ef09c-6108-488f-931c-392595ca980e,HR 1543,EQUITY Act,['bill'],[],119,United States,lower
ocd-bill/ccb45efd-44dd-4a28-a660-cc7a93cce89a,HR 1558,Taxpayer Funds Oversight and Accountability Act,['bill'],[],119,United States,lower
ocd-bill/56352cba-be89-4165-bc6b-6d0458b82fb1,HR 1581,Fort Monroe National Historical Park Establishment Act,['bill'],[],119,United States,lower
ocd-bill/66e5814e-9f02-4968-95f5-1a0935bfc106,HR 1539,Medical Device Electronic Labeling Act,['bill'],[],119,United States,lower
ocd-bill/ab39afca-c125-46db-9283-5498ed635bd9,SRES 104,"A resolution designating February 27, 2025, as ""Rare Disease Day"".",['resolution'],[],119,United States,upper
ocd-bill/d1eccd45-2658-4ad8-823e-ac3015ae6117,HR 2670,"To amend the Internal Revenue Code of 1986 to provide that regular compensation received for active service by a member of the Armed Forces shall not be subject to income taxes, and for other purposes.",['bill'],[],119,United States,lower
ocd-bill/e5fdc6d9-b082-4330-bef4-984ae0b18361,HJRES 91,"Relating to a national emergency by the President on April 2, 2025.",['resolution'],[],119,United States,lower
ocd-bill/47e3c44c-3d1f-484a-97e1-bf1b93dc7319,S 382,Dismantle DEI Act of 2025,['bill'],[],119,United States,upper
ocd-bill/90eb4c07-5757-4063-9a39-d02424937474,HR 930,Stop the Wait Act of 2025,['bill'],[],119,United States,lower
ocd-bill/3078b74f-b096-458f-a5bc-1f1348b3fe72,HR 1490,TRIO Access Act,['bill'],[],119,United States,lower
ocd-bill/5b5b2946-4fea-417a-9245-15aeebe1c5d4,HJRES 73,"Relating to a national emergency by the President on February 1, 2025.",['resolution'],[],119,United States,lower
ocd-bill/c39bcdf8-8918-4491-83fa-234f08a45e4f,HJRES 74,"Disapproving the rule submitted by the Bureau of Consumer Financial Protection relating to ""Prohibition on Creditors and Consumer Reporting Agencies Concerning Medical Information (Regulation V)"".",['resolution'],[],119,United States,lower
ocd-bill/9846cbba-b34b-4e74-8f0c-2b55ddbb18a3,HJRES 72,"Relating to a national emergency by the President on February 1, 2025.",['resolution'],[],119,United States,lower
ocd-bill/ef629452-bd57-4e8d-89ed-82ff0faec31e,HR 1589,American Dream and Promise Act of 2025,['bill'],[],119,United States,lower
ocd-bill/8dc9d928-2e8b-4577-a72d-6581352eb6cc,HR 1642,Connecting Small Businesses with Career and Technical Education Graduates Act of 2025,['bill'],[],119,United States,lower
ocd-bill/049a3f07-a3ab-42d0-b168-3260b215dcbd,HR 1754,FARM Act of 2025,['bill'],[],119,United States,lower
ocd-bill/c230b63e-67c0-4eeb-a105-92f48c8dff8f,HR 1952,Future FARMER Act,['bill'],[],119,United States,lower
ocd-bill/f46fb79c-c0b6-49bf-a65a-6caaa6761d6a,HR 1895,Delphi Retirees Pension Restoration Act,['bill'],[],119,United States,lower
ocd-bill/58274920-9957-4cb7-ae2f-3e79cb4815f4,HR 1936,No Invading Allies Act,['bill'],[],119,United States,lower
ocd-bill/7d0004a0-8e37-4cfa-9760-a9b0577c01f9,HR 1953,Deportation Compliance Act,['bill'],[],119,United States,lower
ocd-bill/5524e133-f72e-4c5a-8a51-55e0f5eeec1e,HR 1959,To amend the Internal Revenue Code of 1986 to protect small businesses from unemployment insurance premium increases by reason of unrepaid State advances.,['bill'],[],119,United States,lower
ocd-bill/ecc6aae8-d3bc-4ba5-9593-1568f1b5b4de,HR 1945,America's National Churchill Museum National Historic Landmark Act,['bill'],[],119,United States,lower
ocd-bill/8606d902-5fc0-464c-bf12-cb079f283cda,HR 1951,Strengthening Rural Cooperatives and Communities Act,['bill'],[],119,United States,lower
ocd-bill/d17b31db-3b37-442d-8238-2b5beb224026,HR 1896,Renewable Fuel for Ocean-Going Vessels Act,['bill'],[],119,United States,lower
ocd-bill/f02dd1b8-78ab-45dd-b2e5-19d37ef90fee,HR 1912,Veteran Fraud Reimbursement Act of 2025,['bill'],[],119,United States,lower
ocd-bill/92e93035-3ec4-484d-b0db-ea5c0daea9cb,HR 1913,"To amend title 23, United States Code, to limit certain Federal funding to States that do not have a process to notify the Secretary of Homeland Security of the release from custody or detainment certain aliens under certain circumstances, and for other purposes.",['bill'],[],119,United States,lower
ocd-bill/a1d65476-0a53-4fee-b400-44d829e62c92,HR 1942,DELIVER Act of 2025,['bill'],[],119,United States,lower
ocd-bill/f16e727f-23d0-4a93-a17a-0b34bfbff4f6,HR 1924,Securing Access to Care for Seniors in Critical Condition Act of 2025,['bill'],[],119,United States,lower
ocd-bill/7f55c710-0ffc-41ab-b2d4-05f5d8ce9df2,HR 1926,To amend the Mineral Leasing Act to provide for commingling.,['bill'],[],119,United States,lower
ocd-bill/c13d470b-39dc-477f-87b5-23ded5b7d130,HR 1894,FISH Act of 2025,['bill'],[],119,United States,lower
ocd-bill/ef515dcd-5638-4a6a-959e-8a3119607ad0,HR 1799,Financial Reporting Threshold Modernization Act,['bill'],[],119,United States,lower
ocd-bill/e9668563-a64b-4e7b-825c-70fd67a4dcb5,HR 1922,Ensuring Access to Essential Drugs Act,['bill'],[],119,United States,lower
ocd-bill/83507704-3fda-4439-82d3-b3e199d878b2,HR 1935,Protecting Military Assets Act of 2025,['bill'],[],119,United States,lower
ocd-bill/e99ede29-dad7-4717-9ef3-90ee5cab1752,HR 1947,TREAT PTSD Act,['bill'],[],119,United States,lower
ocd-bill/29394836-c5c7-475f-8360-e2d6494cd4a9,HR 1943,Wildland Firefighter Paycheck Protection Act of 2025,['bill'],[],119,United States,lower
ocd-bill/5b221a47-e4cc-4ec6-95b2-8850a7e908d2,HR 1920,FARMLAND Act of 2025,['bill'],[],119,United States,lower
ocd-bill/9c394a60-fe34-42f1-9413-62251e9f909d,HR 1965,Veteran Education Assistance Adjustment Act,['bill'],[],119,United States,lower
ocd-bill/6ad354ee-4498-43ec-81f5-6bfb375e51f8,HR 1927,CLEAR Act of 2025,['bill'],[],119,United States,lower
ocd-bill/646a9d05-2141-4661-8e2d-80912b426c10,HR 1921,Hearing Device Coverage Clarification Act,['bill'],[],119,United States,lower
ocd-bill/5027391a-aa44-43dc-bd6f-41d7898e294a,HR 1914,HIRE CREDIT Act,['bill'],[],119,United States,lower
ocd-bill/f6bc076d-3154-490f-a5b3-129a6af8643d,HR 1903,Congressional Trade Authority Act of 2025,['bill'],[],119,United States,lower
ocd-bill/718fac81-b76d-4658-9bdf-3aedd3c0761b,HR 1957,End Veteran Homelessness Act of 2025,['bill'],[],119,United States,lower
ocd-bill/c37a71c1-0751-43e5-8a27-8357ac7434ad,HR 1906,Rural Wellness Act,['bill'],[],119,United States,lower
ocd-bill/d7f4a7eb-cb6d-4aeb-bf82-ef2eeea9352b,HR 1923,Modernizing Wildfire Safety and Prevention Act of 2025,['bill'],[],119,United States,lower
ocd-bill/63ee5638-3b62-4d17-a007-2f66d7695163,HR 1961,CARE Act,['bill'],[],119,United States,lower
ocd-bill/c834addf-23a8-4b7c-abd8-8d8e9eb742f1,HR 1956,BAH Restoration Act,['bill'],[],119,United States,lower
ocd-bill/46186229-aeda-4dc3-bb9c-871ae9a26c0b,HR 1963,Agency Accountability and Cost Transparency Act of 2025,['bill'],[],119,United States,lower
ocd-bill/8986e797-aabc-4d0f-b9f5-66463c66050b,HR 1918,Farewell to Foam Act of 2025,['bill'],[],119,United States,lower
ocd-bill/1fc468f7-654e-4484-b50f-9c71742cf8e9,HR 1904,Improving Coordination of Agriculture Research and Data Act,['bill'],[],119,United States,lower
ocd-bill/2f5074b3-e75a-4b18-a370-e1b1449d01b7,HR 1950,Protect Social Security and Medicare Act,['bill'],[],119,United States,lower
ocd-bill/8a3404b7-c8b4-4c0a-8163-1128249f738c,HR 1955,Arsenal Workload Sustainment Act,['bill'],[],119,United States,lower
ocd-bill/19cf70c9-df07-484a-975a-32f6820fe42d,HR 1902,HERO Act,['bill'],[],119,United States,lower
ocd-bill/dcd996d1-a2b1-409b-b25a-1f4791a77889,HR 1925,Emerging Digital Identity Ecosystem Report Act of 2025,['bill'],[],119,United States,lower
ocd-bill/1a926e73-c258-481d-85d4-2869b282e32f,HR 1931,Access to Pediatric Technologies Act of 2025,['bill'],[],119,United States,lower
ocd-bill/58cfb144-72c2-47f4-a169-850bcf9acc12,HR 1917,Great Lakes Mass Marking Program Act of 2025,['bill'],[],119,United States,lower
ocd-bill/fc0fdd13-6554-4973-8bc6-c0cbeb7c471a,HR 1938,Department of Defense PFAS Discharge Prevention Act,['bill'],[],119,United States,lower
ocd-bill/7a817340-857c-4f24-9c68-67d8299de178,HR 1958,Deporting Fraudsters Act of 2025,['bill'],[],119,United States,lower
ocd-bill/7c0a822d-cc9f-484d-8fd6-fe6cf9c613b2,HR 1948,"To authorize the International Boundary and Water Commission to accept funds for activities relating to wastewater treatment and flood control works, and for other purposes.",['bill'],[],119,United States,lower
ocd-bill/6e3e7cf1-9acb-4f9a-bd50-ebddb802673d,HR 1900,Bank Failure Prevention Act of 2025,['bill'],[],119,United States,lower
ocd-bill/e16db82c-c98d-4aa7-8263-aea3715fb3de,HR 1933,James Earl Jones Congressional Gold Medal Act,['bill'],[],119,United States,lower
ocd-bill/140faf5a-f7ca-401d-ad22-cf04facf76ad,HR 1949,Unlocking our Domestic LNG Potential Act of 2025,['bill'],[],119,United States,lower
ocd-bill/e01fa04f-86b1-417a-9f69-5a4992a98911,HR 1932,Pay Our Troops Act of 2025,['bill'],[],119,United States,lower
ocd-bill/f5b167df-686d-4799-9994-5e19812f31d6,HR 1929,JUDGES Act of 2025,['bill'],[],119,United States,lower
ocd-bill/46488348-9b01-4b98-bc8e-7c2f408dfb26,HR 1907,Defense Against Drones Act of 2025,['bill'],[],119,United States,lower
ocd-bill/c3ca3258-28da-44a0-8e0c-278bf279327d,HR 1944,10 Percent Credit Card Interest Rate Cap Act,['bill'],[],119,United States,lower
ocd-bill/f95c5e80-c19f-43c9-afd5-88d5c2139d63,HR 1960,Simplifying Veterans Assistance Act of 2025,['bill'],[],119,United States,lower
ocd-bill/6eabdc56-08d3-4ab9-9fcc-35faab4f3055,HR 1937,Veterans Homecare Choice Act of 2025,['bill'],[],119,United States,lower
ocd-bill/f1a83fd9-f18e-4a87-b4d7-d68354f771b1,HR 1910,Chief Risk Officer Enforcement and Accountability Act,['bill'],[],119,United States,lower
ocd-bill/b44343cd-ad06-4ba3-b222-c9574d541e0a,HR 1916,Pay Our Border Patrol and Customs Agents Act of 2025,['bill'],[],119,United States,lower
ocd-bill/0d5dc111-0438-4bb1-b589-79892ff98957,HR 1946,45Q Repeal Act of 2025,['bill'],[],119,United States,lower
ocd-bill/cf8acc1b-a75c-43e0-9223-4c23ca5f1d7b,HR 1915,Stop the Cartels Act,['bill'],[],119,United States,lower
ocd-bill/2ee1ad9f-e7dd-4ad3-81b4-8ad13291a54b,HR 1966,Mamas and Babies in Underserved Communities Act of 2025,['bill'],[],119,United States,lower
ocd-bill/5bfd6060-7599-4ce2-b069-6d9932cca338,HR 1962,Guaranteeing Overtime for Truckers Act,['bill'],[],119,United States,lower
ocd-bill/f5188e61-b09f-40f6-ad7a-19e52c1c1d7a,HR 1911,To amend the Internal Revenue Code of 1986 to provide that certain payments to foreign related parties subject to sufficient foreign tax are not treated as base erosion payments.,['bill'],[],119,United States,lower
ocd-bill/9e82fc3e-e937-43f4-8284-969effb66429,HR 1898,Military Helicopter Training Safety Act of 2025,['bill'],[],119,United States,lower
ocd-bill/053077d3-474d-4b97-ac28-c3d5334e66fc,HR 1905,Protecting American Students Act,['bill'],[],119,United States,lower
ocd-bill/ed31f8a2-50a7-418f-ae09-ae843ea09df5,HR 1934,ProTECT Act of 2025,['bill'],[],119,United States,lower
ocd-bill/fcea41a7-9f47-488d-988f-775063746f9c,HR 1909,Preventing Maternal Deaths Reauthorization Act of 2025,['bill'],[],119,United States,lower
ocd-bill/9782ea14-012a-4a81-8c16-2c3c083206ea,HR 1901,CHIPP Act,['bill'],[],119,United States,lower
ocd-bill/d3c269cb-b991-4f99-97b9-02c76b130409,SJRES 31,"A joint resolution providing for congressional disapproval under chapter 8 of title 5, United States Code, of the rule submitted by the Environmental Protection Agency relating to ""Review of Final Rule Reclassification of Major Sources as Area Sources Under Section 112 of the Clean Air Act"".",['resolution'],[],119,United States,upper
ocd-bill/e41e2e89-b9f6-4ea4-9df7-81a12c87abbd,S 896,Co-Location Energy Act,['bill'],[],119,United States,upper
ocd-bill/39966c80-8367-4800-9a29-85adda31bec2,S 903,PASS Act,['bill'],[],119,United States,upper
ocd-bill/19de5b08-458b-4d67-b372-1dfdadea4862,S 882,Patients Before Middlemen Act,['bill'],[],119,United States,upper
ocd-bill/6749a055-f58d-45cd-8f51-6f96e76db8da,HR 471,Fix Our Forests Act,['bill'],[],119,United States,lower
ocd-bill/dde7d7ef-f293-4d65-8521-b9f5c2f29fb6,HR 931,"To allow certain Federal minerals to be mined consistent with the Bull Mountains Mining Plan Modification, and for other purposes.",['bill'],[],119,United States,lower
ocd-bill/e3e0142e-7c2c-43af-b944-0c612034e1e2,SRES 116,A resolution celebrating the extraordinary accomplishments and vital role of women business owners in the United States.,['resolution'],[],119,United States,upper
ocd-bill/193c298a-2ddf-43c4-a8a6-30e1d8ae12e8,SRES 117,A resolution providing for members on the part of the Senate of the Joint Committee on Printing and the Joint Committee of Congress on the Library.,['resolution'],[],119,United States,upper
ocd-bill/147dd04f-eb54-48cf-b4e1-38c89e8209f5,SRES 118,"A resolution designating March 6, 2025, as ""National Slam the Scam Day"" to raise awareness about pervasive scams and to promote education to prevent government imposter scams and other types of scams.",['resolution'],[],119,United States,upper
ocd-bill/1bd44016-2c5f-4b5d-aada-613502e0cad1,S 883,Unlocking Domestic LNG Potential Act of 2025,['bill'],[],119,United States,upper
ocd-bill/4d073590-3f35-464a-83c5-45a75a05fa99,S 904,Livestock Disaster Assistance Improvement Act of 2025,['bill'],[],119,United States,upper
ocd-bill/dc8c7363-4bfc-414a-88e4-f945553b734d,S 907,Ensuring Justice for Camp Lejeune Victims Act of 2025,['bill'],[],119,United States,upper
ocd-bill/0d2fca99-61c1-4d90-b00d-b94c1b3964a7,S 881,Renewable Fuel for Ocean-Going Vessels Act,['bill'],[],119,United States,upper
ocd-bill/b4a5e09a-a47e-4a57-b787-217c6eaaffaa,S 890,Choice in Affordable Housing Act of 2025,['bill'],[],119,United States,upper
ocd-bill/6d3404e2-5f31-4abf-bdd7-6ddfd75fb588,S 875,FIRM Act,['bill'],[],119,United States,upper
ocd-bill/2cbf1f8c-e4b9-48d5-9f88-3d83d695f2bd,S 901,LIONs Act of 2025,['bill'],[],119,United States,upper
ocd-bill/18cdb77a-5cb4-42cc-9888-395ea5137295,S 895,DELIVER Act of 2025,['bill'],[],119,United States,upper
ocd-bill/b820c05a-278e-4c69-9248-c3add4ab06c3,S 876,Pay Our Military Act of 2025,['bill'],[],119,United States,upper
ocd-bill/f3a079fc-c266-4a10-a62e-507b33e08678,S 897,Farewell to Foam Act of 2025,['bill'],[],119,United States,upper
ocd-bill/41e91471-37a1-49e8-82f2-093afde86bcd,S 879,"Veteran Caregiver Reeducation, Reemployment, and Retirement Act",['bill'],[],119,United States,upper
ocd-bill/20397533-0c2b-454f-a542-0060c43d5401,S 885,Strategy and Investment in Rural Housing Preservation Act of 2025,['bill'],[],119,United States,upper
ocd-bill/66d0e474-88b3-46ec-9092-74cdc744bc61,S 906,Peer to Peer Mental Health Support Act,['bill'],[],119,United States,upper
ocd-bill/1da5c99d-0ae9-42cd-8714-47bd74ad763d,S 898,UNRWA Funding Emergency Restoration Act of 2025,['bill'],[],119,United States,upper
ocd-bill/908d312b-1dfc-4a6f-bc45-69f5260857a2,S 900,Make American Flags in America Act of 2025,['bill'],[],119,United States,upper
ocd-bill/3ddf8f2e-c069-4163-a535-a3af52bc8f11,S 892,Veteran Fraud Reimbursement Act of 2025,['bill'],[],119,United States,upper
ocd-bill/ce9e4dda-a192-48ae-af33-0b5c2cceed34,S 889,Extreme Risk Protection Order Expansion Act of 2025,['bill'],[],119,United States,upper
ocd-bill/8add4d4f-6b6e-40c0-9349-b44f87775c17,S 905,Arsenal Workload Sustainment Act,['bill'],[],119,United States,upper
ocd-bill/6251f4bc-7302-4681-bfb6-3d8f1db9c8a1,S 899,Producer and Agricultural Credit Enhancement Act of 2025,['bill'],[],119,United States,upper
ocd-bill/83d09862-84d9-4b81-abe4-2bece711d590,S 887,Basin Fund Preservation Act,['bill'],[],119,United States,upper
ocd-bill/313c47b0-3295-4396-87f3-cffbeb7b4ff2,S 884,ATF Transparency Act,['bill'],[],119,United States,upper
ocd-bill/964b27e1-28d7-4d3d-bf04-6e81ce411322,S 902,Wildfire Response and Preparedness Act of 2025,['bill'],[],119,United States,upper
ocd-bill/fa43a245-0d18-497e-8cfd-a9bdf4a0e9d5,S 891,Bipartisan Health Care Act,['bill'],[],119,United States,upper
ocd-bill/7d40e07e-92fa-4c5c-8ebb-6580be9668a8,S 880,Fair College Admissions for Students Act,['bill'],[],119,United States,upper
ocd-bill/3ab39a6b-ffd2-43c2-bbca-a005b07174ac,S 878,Coast Guard Combat-Injured Tax Fairness Act,['bill'],[],119,United States,upper
ocd-bill/834f0c69-e85e-4d44-a0d4-d9777dbe9853,S 886,FARMLAND Act of 2025,['bill'],[],119,United States,upper
ocd-bill/4f15bc5e-dee7-4876-b42e-ec708d8ac005,S 894,Do No Harm Act,['bill'],[],119,United States,upper
ocd-bill/d4043499-15f2-4ad9-b075-e9fec7ab527c,S 888,Oregon Recreation Enhancement Act,['bill'],[],119,United States,upper
ocd-bill/5204e054-bd24-41f4-beff-5aa5455a0c3c,S 908,Avian Flu Vaccination Strategy Act,['bill'],[],119,United States,upper
ocd-bill/85667e45-a7be-4fe3-b666-86bfef031e6e,S 1479,A bill to require the Administrator of the National Aeronautics and Space Administration to continue modernization efforts with respect to Federal rocket propulsion test infrastructure at National Aeronautics and Space Administration centers.,['bill'],[],119,United States,upper
ocd-bill/c60b4b3c-cbe5-4408-b6da-1f3a376dbee3,S 1450,A bill to repeal the Open Meetings Clarification Emergency Amendment Act of 2025 enacted by the District of Columbia Council.,['bill'],[],119,United States,upper
ocd-bill/86c8fc8a-091c-4144-b9f1-93b8393948c4,HR 179,Proven Forest Management Act of 2025,['bill'],[],119,United States,lower
ocd-bill/b8184397-8c0e-4948-9757-07a8c5cb4fae,S 1472,A bill to prohibit oil and gas leasing on the Outer Continental Shelf off the coast of New England.,['bill'],[],119,United States,upper
ocd-bill/a9af2763-eef8-4001-a721-841a93c19427,HR 2368,Raise the Age Act of 2025,['bill'],[],119,United States,lower
ocd-bill/6ad8ef3c-f946-4f83-aea7-d120b7da33d2,S 1468,"A bill to amend the Alaska Native Claims Settlement Act to provide that Alexander Creek, Incorporated, is recognized as a Village Corporation under that Act, and for other purposes.",['bill'],[],119,United States,upper
ocd-bill/19e6ec02-1cf3-4864-8f5e-61e9798fb462,S 1454,"A bill to amend the Animal Welfare Act to provide for greater protection of roosters, and for other purposes.",['bill'],[],119,United States,upper
ocd-bill/6fe1261f-06b5-4a51-9531-0e70aa5138b1,HRES 326,"Supporting the designation of April 10 as ""Dolores Huerta Day"", in honor of the accomplishments and legacy of the trailblazing labor and civil rights leader Dolores Huerta.",['resolution'],[],119,United States,lower
ocd-bill/866b93f7-28b1-406e-90fe-b4ce35f465fa,S 1403,"A bill to require the Discovery space shuttle to be transferred from the Smithsonian Institution to NASA's Johnson Space Center in Houston, Texas.",['bill'],[],119,United States,upper
ocd-bill/7306a963-3286-49ea-aa78-74de902bf068,S 1462,"A bill to improve forest management activities on National Forest System land, public land under the jurisdiction of the Bureau of Land Management, and Tribal land to return resilience to overgrown, fire-prone forested land, and for other purposes.",['bill'],[],119,United States,upper
ocd-bill/7ea54195-ad11-41d3-8cce-17c1a475f14f,S 1436,"A bill to prohibit the Internal Revenue Service from providing firearms and ammunition to its employees, and for other purposes.",['bill'],[],119,United States,upper
ocd-bill/6b06504c-80fa-4b48-9be0-dd3a4cdaf4fc,S 1443,A bill to limit the authority of States to tax certain income of employees for employment duties performed in other States.,['bill'],[],119,United States,upper
ocd-bill/ac9beccd-d65e-433f-b509-175b2200b0e3,S 1496,"A bill to amend the Federal Meat Inspection Act and the Poultry Products Inspection Act to allow the interstate sale of State-inspected meat and poultry, and for other purposes.",['bill'],[],119,United States,upper
ocd-bill/1bc6a6e4-44a8-4e6c-b123-ecd6cbe957ab,S 1466,A bill to establish a Federal Advisory Council to Support Victims of Gun Violence.,['bill'],[],119,United States,upper
ocd-bill/1871ddd2-5ad0-47d4-b99c-691d517e34b7,SJRES 48,A joint resolution proposing an amendment to the Constitution of the United States to limit the number of terms an individual may serve as a Member of Congress.,['resolution'],[],119,United States,upper
ocd-bill/faaec931-9d7f-4b90-9ae6-97b04149082e,S 1476,"A bill to amend the Wild and Scenic Rivers Act to designate certain segments of the Gila River system in the State of New Mexico as components of the National Wild and Scenic Rivers System, to provide for the transfer of administrative jurisdiction over certain Federal land in the State of New Mexico, and for other purposes.",['bill'],[],119,United States,upper
ocd-bill/821354ea-c5ad-4835-b5ba-1c1c5fb3e64a,HR 909,Crime Victims Fund Stabilization Act of 2025,['bill'],[],119,United States,lower
ocd-bill/0986bf49-5cb5-43f0-9750-57edbf6780c7,S 1445,A bill to prohibit drilling in the Arctic Ocean.,['bill'],[],119,United States,upper
ocd-bill/deffbc01-0505-4cb8-af6d-d2e56e65b62c,HRES 325,"Commemorating the 100th anniversary of the city of Hialeah, Florida.",['resolution'],[],119,United States,lower
ocd-bill/d5c671aa-3aa2-4b9e-9d7a-727a2de5c5dc,HR 2815,"To provide equitable treatment for the people of the Village Corporation established for the Native Village of Saxman, Alaska, and for other purposes.",['bill'],[],119,United States,lower
ocd-bill/fc27f970-7078-4d10-83ff-0314a7b1fa67,HR 1262,Give Kids a Chance Act of 2025,['bill'],[],119,United States,lower
ocd-bill/8cf6c239-dd59-4e64-8c8f-e24eaae4227e,HR 2835,"To raise the consolidated assets threshold under the small bank holding company policy statement, and for other purposes.",['bill'],[],119,United States,lower
ocd-bill/9ac698d4-190a-4436-86a2-5efd19984ee7,S 1486,"A bill to amend the Outer Continental Shelf Lands Act to permanently prohibit the conduct of offshore drilling on the outer Continental Shelf in the Mid-Atlantic, South Atlantic, North Atlantic, and Straits of Florida planning areas.",['bill'],[],119,United States,upper
ocd-bill/1017bd8d-b0dc-41ef-968d-92b9f5c5d726,SRES 175,"A resolution recognizing April 14, 2025, as ""World Quantum Day"", and commemorating and supporting the goals of World Quantum Day.",['resolution'],[],119,United States,upper
ocd-bill/b7570769-59c0-4925-9979-e439e5f5a7f8,HR 1329,Smithsonian American Women’s History Museum Act,['bill'],[],119,United States,lower
ocd-bill/6caab792-3a3e-4f0d-9b28-f3aca59e4968,S 1430,"A bill to improve the environmental review process for highway projects through the use of interactive, digital, cloud-based platforms and digital twins, and for other purposes.",['bill'],[],119,United States,upper
ocd-bill/599d23d4-8691-478c-88ae-c2c0ca390c50,HR 2812,"To make grants to the Girl Scouts of the United States of America, the Boy Scouts of America, the National 4H Council, and the National FFA Organization to establish pilot projects to expand the programs carried out by the organizations in rural areas and small towns, and for other purposes.",['bill'],[],119,United States,lower
ocd-bill/bdac7b58-5fcf-415d-b2f6-14815b443e31,HR 2843,"To establish a process for the Board on Geographic Names to review and revise offensive place names, to create an advisory committee to recommend offensive place names to be reviewed by the Board, and for other purposes.",['bill'],[],119,United States,lower
ocd-bill/a19c3495-d25c-4214-ba15-84b25cc7ffc8,S 1410,A bill to provide for health coverage with no cost-sharing for additional breast screenings for certain individuals at greater risk for breast cancer.,['bill'],[],119,United States,upper
ocd-bill/c02c3106-5266-4b99-87ee-ae85f344c330,S 1487,"A bill to amend title 28, United States Code, to clarify that international organizations are not immune from the jurisdiction of the courts of the United States in certain cases related to terrorism.",['bill'],[],119,United States,upper
ocd-bill/cd1a1483-1507-4692-8423-c2c693f508bb,SRES 181,"A resolution designating the week of April 14 through April 20, 2025, as ""National Osteopathic Medicine Week"".",['resolution'],[],119,United States,upper
ocd-bill/2402789c-20f7-421d-ab67-438025a550a8,S 1494,"A bill to amend the Federal Agriculture Improvement and Reform Act of 1996 to make additional coverage under the Noninsured Crop Disaster Assistance Program available for crops and grasses used for grazing, and for other purposes.",['bill'],[],119,United States,upper
ocd-bill/bbd6cc39-62b8-4fed-99fb-f009a9f1b92d,S 1464,A bill to withdraw certain Bureau of Land Management land from mineral development.,['bill'],[],119,United States,upper
ocd-bill/ece68f1e-93e9-4da5-9607-76cb02598c30,S 1447,"A bill to amend the Richard B. Russell National School Lunch Act to improve the child and adult care food program, and for other purposes.",['bill'],[],119,United States,upper
ocd-bill/da1589cd-f2c1-4187-89e8-8dcb4e9f78f8,HR 2811,"To amend the Food and Nutrition Act of 2008 to allow for blended workforces to carry out the supplemental nutrition assistance program under certain conditions, and for other purposes.",['bill'],[],119,United States,lower
ocd-bill/a7ac7bba-2936-4c86-b61c-a905f2c1d176,S 1437,"A bill to require the Administrator of the National Aeronautics and Space Administration to establish a program to identify, evaluate, acquire, and disseminate commercial Earth remote sensing data and imagery in order to satisfy the scientific, operational, and educational requirements of the Administration, and for other purposes.",['bill'],[],119,United States,upper
ocd-bill/72ea4c07-03a9-4edc-ae09-0e2809a6ef78,SJRES 45,"A joint resolution providing for congressional disapproval under chapter 8 of title 5, United States Code, of the rule submitted by the Environmental Protection Agency relating to ""California State Motor Vehicle and Engine Pollution Control Standards; Advanced Clean Cars II; Waiver of Preemption; Notice of Decision"".",['resolution'],[],119,United States,upper
ocd-bill/5ca5bcf9-be39-40ad-bf8f-ac42e328fad9,HR 2828,"To direct the Secretary of Veterans Affairs to restrict the access and use of veterans' data by the US DOGE Service and special Government employees, and for other purposes.",['bill'],[],119,United States,lower
ocd-bill/ae1e7dc9-8df0-4dd1-9aca-5a5ae22a38a5,S 1419,"A bill to amend the Public Works and Economic Development Act of 1965 with respect to the eligibility of youth sports facilities for certain grants, and for other purposes.",['bill'],[],119,United States,upper
ocd-bill/8666b636-13b2-47d5-93ca-71c95e2c73ed,HR 2849,"To amend the Outer Continental Shelf Lands Act to permanently prohibit oil and gas exploration, development, and production on the outer Continental Shelf off the coast of California, Oregon, and Washington.",['bill'],[],119,United States,lower
ocd-bill/0a28ea24-6433-41ce-993a-fcec4b0cd52d,HR 2895,To direct the Secretary of the Interior to study the suitability and feasibility of including Saratoga and Washington Counties in the Maurice D. Hinchey Hudson River Valley National Heritage Area.,['bill'],[],119,United States,lower
ocd-bill/d763258a-ded1-4465-bfa9-3284660d71ea,HR 2841,To amend the Internal Revenue Code of 1986 to require the public disclosure of the names and partial addresses of contributors to 501(c) organizations that receive Federal funding.,['bill'],[],119,United States,lower
ocd-bill/cc8cc3e4-fe4c-48c3-85e8-4123ea8eb4b4,S 1449,A bill to reauthorize the trade adjustment assistance program.,['bill'],[],119,United States,upper
ocd-bill/60a6107a-46a3-4b51-a800-c4b686978bcb,SRES 172,"A resolution supporting the designation of the week of April 11 through April 17, 2025, as the eighth annual ""Black Maternal Health Week"", founded by Black Mamas Matter Alliance, Inc., to bring national attention to the maternal and reproductive health crisis in the United States and the importance of reducing maternal mortality and morbidity among Black women and birthing people.",['resolution'],[],119,United States,upper
ocd-bill/123aca7e-2501-4b6d-8c84-90f99fa5364a,HR 2899,To provide for accountability in higher education.,['bill'],[],119,United States,lower
ocd-bill/ad0aec7b-ac6d-46b7-8561-75f48dfd720f,S 1467,"A bill to amend the Fair Credit Reporting Act to prevent consumer reporting agencies from furnishing consumer reports under certain circumstances, and for other purposes.",['bill'],[],119,United States,upper
ocd-bill/7b326703-848d-4d95-a0c1-b352a4dd029e,HR 2891,To amend the Internal Revenue Code of 1986 to allow charitable rollovers from individual retirement accounts to donor advised funds.,['bill'],[],119,United States,lower
ocd-bill/4bc17301-4c10-4079-ade4-afc99e28508f,S 1435,A bill to prohibit the use of taxpayer dollars to support animal experimentation in the laboratories of adversarial nations.,['bill'],[],119,United States,upper
ocd-bill/82419020-0639-481a-8224-7ebe648a3549,S 1460,A bill to amend title XVIII of the Social Security Act to extend incentive payments for participation in eligible alternative payment models under the Medicare program.,['bill'],[],119,United States,upper
ocd-bill/dfff2503-0228-4728-9c79-14f34c01ae21,HR 425,Repealing Big Brother Overreach Act,['bill'],[],119,United States,lower
ocd-bill/a8111ad2-76bf-4ce0-bb61-b81439ab73b3,HR 999,Right to Contraception Act,['bill'],[],119,United States,lower
ocd-bill/3fe9aea5-c8aa-47d6-9131-c10db413cb9b,HR 1993,25th Anniversary of 9/11 Commemorative Coin Act,['bill'],[],119,United States,lower
ocd-bill/a1c34392-674a-40bb-9137-d15880599103,S 527,Prescription Pricing for the People Act of 2025,['bill'],[],119,United States,upper
ocd-bill/25b94e7b-82ef-4d95-b4d4-69ef743e877d,S 1442,"A bill to amend title 49, United States Code, to allow for eligibility for projects for the installation of human trafficking awareness signs at rest stops, and for other purposes.",['bill'],[],119,United States,upper
ocd-bill/f27c0728-5840-4d64-a4c8-e13aea8443bf,HR 2871,"To amend the Internal Revenue Code of 1986 to restrict the advanced manufacturing production credit with respect to components produced by, or in connection with, foreign entities of concern.",['bill'],[],119,United States,lower
ocd-bill/96c47e9c-6a93-4439-9586-7d4a4addee6a,HR 2839,"To amend the Food, Agriculture, Conservation, and Trade Act of 1990 to reauthorize the Genome to Phenome Initiative, and for other purposes.",['bill'],[],119,United States,lower
ocd-bill/7d9dae80-7315-4bc7-9079-0bccc6dfd18c,S 1411,"A bill to establish competitive Federal grants that will empower community colleges and minority-serving institutions to become incubators for infant and toddler child care talent, training, and access on their campuses and in their communities, and for other purposes.",['bill'],[],119,United States,upper
ocd-bill/32bded84-4d97-4611-8d6b-1510e696d89d,S 1493,"A bill to require the Secretary of Agriculture to provide regular updates to Livestock Indemnity Program payment rates to reflect market prices, and for other purposes.",['bill'],[],119,United States,upper
ocd-bill/c34072ef-1c2b-457f-8e30-72249d6752dd,S 1491,"A bill to amend title 18, United States Code, to modify the definition of special Government employee, and for other purposes.",['bill'],[],119,United States,upper
ocd-bill/d54c14f2-0c1f-498e-a9a8-3a39add2c500,HR 2864,"To amend the Wild Free-Roaming Horses and Burros Act to direct the Secretary of the Interior to implement fertility controls to manage populations of wild free-roaming horses and burros, and to encourage training opportunities for military veterans to assist in range management activities, and for other purposes.",['bill'],[],119,United States,lower
ocd-bill/5a65483b-d2ed-4fee-8a1c-4f8fe9657eb6,S 1417,A bill to authorize the Department of Labor's voluntary protection program.,['bill'],[],119,United States,upper
ocd-bill/44d1c128-779c-49a3-8290-d7d645d615af,SJRES 46,"A joint resolution providing for congressional disapproval under chapter 8 of title 5, United States Code, of the rule submitted by the Environmental Protection Agency relating to ""California State Motor Vehicle and Engine Pollution Control Standards; Heavy-Duty Vehicle and Engine Emission Warranty and Maintenance Provisions; Advanced Clean Trucks; Zero Emission Airport Shuttle; Zero-Emission Power Train Certification; Waiver of Preemption; Notice of Decision"".",['resolution'],[],119,United States,upper
ocd-bill/beb88347-bc83-4c09-9bdc-7102c2fd0e13,S 1439,"A bill to reaffirm and improve the participation of members of the Federal Home Loan Bank System to meet the short- and long-term housing, including affordable housing, agricultural and small business lending, and community economic development financing needs of the communities they serve, including rural, urban, low-income, and Tribal communities, improve the ability of community development financial institutions and credit unions to meet community economic development financing needs for their communities, and aligning executive compensation to mission achievements, and for other purposes.",['bill'],[],119,United States,upper
ocd-bill/40bfbffc-7f15-4ca0-834e-8e85049ac8c6,S 773,Disaster Management Costs Modernization Act,['bill'],[],119,United States,upper
ocd-bill/e2cf664f-2a5a-45c1-ac9f-5149e11c045c,HR 2258,"To designate the Maine Forest and Logging Museum, located in Bradley, Maine, as the National Museum of Forestry and Logging History.",['bill'],[],119,United States,lower
ocd-bill/e1fcfa40-3bd3-4a91-9bc7-db90f492d582,HR 2823,"To require the Board of Governors of the Federal Reserve System, in consultation with the heads of other relevant Federal agencies, to develop and conduct financial risk analyses relating to climate change, and for other purposes.",['bill'],[],119,United States,lower
ocd-bill/b1f08893-0512-4671-8168-578be54d8cf4,HR 2861,"To provide for the withdrawal and protection of certain Federal land in the State of New Mexico, and for other purposes.",['bill'],[],119,United States,lower
ocd-bill/d3bb4867-a478-4ea6-9849-af54983248e7,S 1470,"A bill to require the Secretary of Agriculture and the Secretary of the Interior to prioritize the completion of the Continental Divide National Scenic Trail, and for other purposes.",['bill'],[],119,United States,upper
ocd-bill/5df2fac3-27b2-4134-8f68-079064bf805a,S 1404,A bill to combat organized crime involving the illegal acquisition of retail goods and cargo for the purpose of selling those illegally obtained goods through physical and online retail marketplaces.,['bill'],[],119,United States,upper
ocd-bill/f42c73ef-5b58-49f5-b502-cba2234a2273,HR 2875,To amend the Internal Revenue Code of 1986 to allow refunds of Federal motor fuel excise taxes on fuels used in mobile mammography vehicles.,['bill'],[],119,United States,lower
ocd-bill/43346393-c1ee-4909-88e9-5d4a498d69d3,HR 2897,"To amend the Small Business Act to make disaster loans available for damages caused by prolonged power outages, and for other purposes.",['bill'],[],119,United States,lower
ocd-bill/e69f8f16-2fdc-4570-95aa-b732a3371c63,S 1438,"A bill to amend the Internal Revenue Code of 1986 to make the postponement of certain deadlines by reason of disasters applicable to the limitation on credit or refund, and to take postponements into account for purposes of sending collection notices.",['bill'],[],119,United States,upper
ocd-bill/786f41c2-ddf1-4195-a820-0d87477b6c0a,HR 2867,"To amend the Internal Revenue Code of 1986 to prohibit the use of foreign feedstocks for purposes of the clean fuel production credit, and for other purposes.",['bill'],[],119,United States,lower
ocd-bill/aa4a5076-8574-47c2-87c6-9472ddaa7e28,S 1457,"A bill to maintain the rocket propulsion system testing capabilities necessary to achieve the goals of the human spaceflight exploration programs of the National Aeronautics and Space Administration, and for other purposes.",['bill'],[],119,United States,upper
ocd-bill/20b7e1d6-7eb6-43e1-94b1-4d8c09fb8c7b,S 1455,"A bill to establish new ZIP Codes for certain communities, and for other purposes.",['bill'],[],119,United States,upper
ocd-bill/e6a57e51-c4b3-4959-9c82-fb0fca630fa3,S 1477,"A bill to address the homelessness and housing crises, to move toward the goal of providing for a home for all Americans, and for other purposes.",['bill'],[],119,United States,upper
ocd-bill/b3ab7bc5-40da-47bc-873e-5c738624d027,S 1420,"A bill to amend the Richard B. Russell National School Lunch Act to increase the amount of reimbursements under the child and adult care food program, and for other purposes.",['bill'],[],119,United States,upper
ocd-bill/6d2f70aa-14e4-49bb-b9d4-05d715f81c2d,S 1475,"A bill to amend the Clean Air Act to establish requirements on the collection of electricity consumption data and emissions standards for servers and other computing equipment used for cryptocurrency mining, and for other purposes.",['bill'],[],119,United States,upper
ocd-bill/9249df22-2d56-436e-b73b-0ecb5485f278,S 1421,A bill to amend the Internal Revenue Code of 1986 to enhance the Child and Dependent Care Tax Credit and make the credit fully refundable for certain taxpayers.,['bill'],[],119,United States,upper
ocd-bill/da8d08eb-434b-4666-a2f9-b5993b2129fb,S 1427,A bill to provide that persons having seriously delinquent tax debts shall be ineligible for employment by the Internal Revenue Service.,['bill'],[],119,United States,upper
ocd-bill/5381642d-b0d7-4b04-b41a-880a990772a4,HRES 329,"Commemorating the second anniversary of the shootings that occurred in Louisville, Kentucky, on April 10, 2023, in the Old National Bank building, and near Jefferson Community and Technical College and the shooting on April 15, 2023, in Chickasaw Park, honoring the memory of the victims of the attacks, expressing support to all those impacted by these tragedies, and reaffirming the commitment of the House of Representatives to support all victims of gun violence.",['resolution'],[],119,United States,lower
ocd-bill/73c4280a-2208-44ef-836d-dd08941d6388,S 1497,"A bill to amend the John D. Dingell, Jr. Conservation, Management, and Recreation Act to estblish the Cerro de la Olla Wilderness in the Rio Grande del Norte National Monument and to modify the boundary of the Rio Grande del Norte National Monument.",['bill'],[],119,United States,upper
ocd-bill/b798385f-fdeb-4e4e-9535-c1693df36f9d,HCONRES 27,Expressing support for the work of open water lifeguards as first responders and emergency response providers.,['resolution'],[],119,United States,lower
ocd-bill/e23dcb27-2720-4b26-83da-4cc3ac6092b1,S 1415,"A bill to amend section 3(b)(4) of the United States Housing Act of 1937 to exclude certain disability benefits from income for the purposes of determining eligibility for the supported housing program under section 8(o)(19), and for other purposes.",['bill'],[],119,United States,upper
ocd-bill/40509ea4-dcc1-42a5-8810-0ecabaa9d040,HR 1422,Enhanced Iran Sanctions Act of 2025,['bill'],[],119,United States,lower
ocd-bill/4d119125-19ca-4dd0-8306-8fdb4733b508,HR 2822,"To extend the National Flood Insurance Program through December 31, 2026.",['bill'],[],119,United States,lower
ocd-bill/b8205587-776d-4d4c-b679-205b2eccfb4c,S 1465,"A bill to amend the Fair Credit Reporting Act to clarify Federal law with respect to reporting certain positive consumer credit information to consumer reporting agencies, and for other purposes.",['bill'],[],119,United States,upper
ocd-bill/e092dd2e-47b2-4587-a888-0c23f8495e59,HR 2877,"To require the Secretary of Agriculture and the Secretary of the Interior to prioritize the completion of the Continental Divide National Scenic Trail, and for other purposes.",['bill'],[],119,United States,lower
ocd-bill/8165e8c2-b927-489b-bdd1-05f532209ea6,S 1440,"A bill to amend title II of the Public Health Service Act to include as an additional right or privilege of commissioned officers of the Public Health Service (and their beneficiaries) certain leave provided under title 10, United States Code to commissioned officers of the Army (or their beneficiaries).",['bill'],[],119,United States,upper
ocd-bill/3f957158-8d2e-48ad-a085-014c36e45aed,S 1490,A bill to establish and authorize funding for a Russia Sanctions Enforcement Fund to enforce United States sanctions with respect to the Russian Federation and its illegal ghost ship fleet to pay off the United States public debt and to codify the Export Enforcement Coordination Center.,['bill'],[],119,United States,upper
ocd-bill/9af97ac5-3b73-477a-b7e7-5c1d9de5782a,S 1425,A bill to amend the Internal Revenue Code of 1986 to modify the exception for de minimis payments by third party settlement organizations.,['bill'],[],119,United States,upper
ocd-bill/90dcde37-0150-4f25-a13d-fd711ca9966d,S 1095,Stop STALLING Act,['bill'],[],119,United States,upper
ocd-bill/685fe026-ec1a-47e8-ad13-52b7968c305e,HR 2820,"To permanently prohibit oil and gas leasing off the coast of the State of California, and for other purposes.",['bill'],[],119,United States,lower
ocd-bill/21105efc-2011-487d-9bea-bdf5d8b394d5,HRES 330,"Commending Volkert, Inc. on the occasion of its 100th anniversary and its century of service to the State of Alabama and the United States.",['resolution'],[],119,United States,lower
ocd-bill/73200b51-c5e7-4283-9860-55d6253b8cfb,S 1444,A bill to require an annual report of Federal employees and retirees with delinquent tax debt.,['bill'],[],119,United States,upper
ocd-bill/a733dcbb-32f2-4d36-845d-3b71f2b387d9,HRES 324,"Raising awareness of esophageal cancer by expressing support for the designation of April 2025 as ""Esophageal Cancer Awareness Month"".",['resolution'],[],119,United States,lower
ocd-bill/7cbabcc4-b00b-4e13-9ecc-45cfdcf9e89b,S 1469,A bill to amend the Child Nutrition Act of 1966 to include food allergy information in existing training modules for local food service personnel.,['bill'],[],119,United States,upper
ocd-bill/0bf5f57a-4427-44af-8d1c-3e3edeeb6774,S 1474,"A bill to codify the PARTS program of the Department of Transportation, and for other purposes.",['bill'],[],119,United States,upper
ocd-bill/8fa3c279-0dc8-45fc-93c2-1782a042e40e,S 1310,A bill to amend the Internal Revenue Code of 1986 to end the tax subsidy for employer efforts to influence their workers' exercise of their rights around labor organizations and engaging in collective actions.,['bill'],[],119,United States,upper
ocd-bill/304b848d-ed5f-4d32-9a06-116c6cb90009,S 1409,A bill to require the Secretary of Health and Human Services to collect and disseminate information on concussion and traumatic brain injury among public safety officers.,['bill'],[],119,United States,upper
ocd-bill/3b0986fe-1e59-4830-b665-144e5ca09a4c,S 1428,"A bill to amend title 1, United States Code, to clarify that certain tax exemptions are not treated as Federal financial assistance.",['bill'],[],119,United States,upper
ocd-bill/f90a06c5-905a-4998-b3e9-e37c6350991f,HR 1522,Federal Retirement Fairness Act,['bill'],[],119,United States,lower
ocd-bill/2cfcf720-9104-4fde-9269-89d605c8ad17,S 1408,"A bill to establish the Chesapeake National Recreation Area as a unit of the National Park System, and for other purposes.",['bill'],[],119,United States,upper
ocd-bill/e8c6ed5d-3142-4eba-8543-111aa1b67206,HR 2817,To provide that a project for the deployment or modification of a communications facility entirely within a floodplain is not subject to requirements to prepare certain environmental or historical preservation reviews.,['bill'],[],119,United States,lower
ocd-bill/d3a14829-fa4c-4f01-8467-163e8fdf8038,S 1424,A bill to rescind an amount appropriated to the United States Agency for International Development and appropriate such amount to the Department of Veterans Affairs for the construction of State homes for veterans.,['bill'],[],119,United States,upper
ocd-bill/9d6c8113-4df6-4d63-91c1-398392844d0b,S 1452,A bill to extend certain authorities under the Defense Production Act of 1950.,['bill'],[],119,United States,upper
ocd-bill/e181c2ae-3b05-4f0f-b72f-99f2001c21b1,S 1456,"A bill to amend title 10, United States Code, to establish requirements relating to long-term concessions agreements between the Secretary of Defense and retailers controlled by covered nations, and for other purposes.",['bill'],[],119,United States,upper
ocd-bill/190a54ce-8083-43c1-a015-1f923b840c5b,HR 2833,To amend the Internal Revenue Code of 1986 to provide for a refundable adoption tax credit.,['bill'],[],119,United States,lower
ocd-bill/561d15ce-d20a-4f37-861d-ed70fb886ee3,S 1446,A bill to direct the Secretary of the Treasury to issue Clean Energy Victory Bonds.,['bill'],[],119,United States,upper
ocd-bill/01f3f6ff-574d-40fb-a911-1414c4d2f32b,S 1478,"A bill to provide the United States Government with additional tools to deter state and non-state actors from wrongfully detaining United States nationals for political leverage, and for other purposes.",['bill'],[],119,United States,upper
ocd-bill/7cb9420d-28f2-47ee-a420-fd66684bb236,S 1461,"A bill to reauthorize the recovery housing program, and for other purposes.",['bill'],[],119,United States,upper
ocd-bill/65de57fd-057c-42ce-9b91-05ff0d1a37ff,SRES 178,A resolution honoring the life and legacy of the late George Foreman.,['resolution'],[],119,United States,upper
ocd-bill/755b411e-e898-4740-944f-5cb26d19dd35,HR 2879,"To direct the Director of the Bureau of Prisons to conduct a comprehensive review of understaffing across the Bureau, and for other purposes.",['bill'],[],119,United States,lower
ocd-bill/db47c377-9dea-4e7e-9dec-7c4e85436ccd,S 1416,A bill to amend the Internal Revenue Code of 1986 for purposes of the tax on private foundation excess business holdings to treat as outstanding any employee-owned stock purchased by a business enterprise pursuant to certain employee stock ownership retirement plans.,['bill'],[],119,United States,upper
ocd-bill/b1067316-53b1-46d3-82e2-7f73960acc02,SRES 174,A resolution commemorating the 30th anniversary of the attack on the Alfred P. Murrah Federal Building.,['resolution'],[],119,United States,upper
ocd-bill/1d3af7a9-2b77-4258-9eec-0efcc2225342,HR 2598,IDEA Full Funding Act,['bill'],[],119,United States,lower
ocd-bill/126f2f9e-8172-47a7-a7e6-a9e25c66f879,SRES 177,"A resolution recognizing the 200th anniversary of the incorporation of the city of Vicksburg, Mississippi, and the historical significance of the city.",['resolution'],[],119,United States,upper
ocd-bill/8ffb83b9-fdb4-498d-a6f0-35d5f1d5615d,SRES 176,"A resolution designating April 5, 2025, as ""Gold Star Wives Day"".",['resolution'],[],119,United States,upper
ocd-bill/ee846f52-f03e-4709-bfe6-8d41f3430125,S 1432,"A bill to amend the Outer Continental Shelf Lands Act to permanently prohibit oil and gas exploration, development, and production on the outer Continental Shelf off the coast of California, Oregon, and Washington.",['bill'],[],119,United States,upper
ocd-bill/ebf4b46a-e6ce-4560-a36d-3dba6a0ec6f5,S 1423,A bill to provide authorization for nonpecuniary damages in an action resulting from a cruise ship voyage occurring on the high seas.,['bill'],[],119,United States,upper
ocd-bill/359582f2-8c20-4d30-8044-a66ea90adca2,SJRES 49,A joint resolution terminating the national emergency declared to impose global tariffs.,['resolution'],[],119,United States,upper
ocd-bill/865ea62c-b2a5-4e9c-a447-a92dd691030a,HR 2846,"To amend title II of the Public Health Service Act to include as an additional right or privilege of commissioned officers of the Public Health Service (and their beneficiaries) certain leave provided under title 10, United States Code to commissioned officers of the Army (or their beneficiaries).",['bill'],[],119,United States,lower
ocd-bill/74192f58-492d-40e6-abc1-e6368f577a19,S 1418,"A bill to require the Attorney General to develop reports relating to violent attacks against law enforcement officers, and for other purposes.",['bill'],[],119,United States,upper
ocd-bill/e7329a58-ef24-4c8b-80fd-ba34c17e676c,HJRES 92,"Providing for congressional disapproval under chapter 8 of title 5, United States Code, of the rule submitted by the Office of the Comptroller of the Currency of the Department of the Treasury relating to the review of applications under the Bank Merger Act.",['resolution'],[],119,United States,lower
ocd-bill/b5cd3586-e758-42b1-8833-afa42427cef8,HR 2819,"To prohibit the Administrator of the Federal Motor Carrier Safety Administration from issuing a rule or regulation requiring certain vehicles to be equipped with speed limiting devices, and for other purposes.",['bill'],[],119,United States,lower
ocd-bill/06bbbb1c-8473-4a13-b06b-68c575ae0101,S 1492,"A bill to require the Secretary of Commerce support the leadership of the United States with respect to the deployment, use, application, and competitiveness of blockchain technology, and for other purposes.",['bill'],[],119,United States,upper
ocd-bill/c678a44b-a941-4daa-becf-b195ccdb3c1e,S 1463,"A bill to allow the Secretary of the Interior to enter into memoranda of understanding for the purpose of scientific and technical cooperation in the mapping of critical minerals and rare earth elements, and for other purposes.",['bill'],[],119,United States,upper
ocd-bill/c0143cba-754e-4700-aa9b-2113387d7690,HR 2887,To direct the Administrator of the Federal Aviation Administration to issue or revise regulations to provide for temporary flight restrictions in the vicinity of outdoor music festivals.,['bill'],[],119,United States,lower
ocd-bill/df15546e-eaaa-485b-b21e-274ae570ca34,HR 2809,To amend the Higher Education Act of 1965 to prohibit institutions of higher education participating in Federal student assistance programs from giving preferential treatment in the admissions process to legacy students or donors.,['bill'],[],119,United States,lower
ocd-bill/5ef6fc4a-7716-4ca4-b735-ec95c1ac5a78,HR 2848,To prohibit drilling in the Arctic Ocean.,['bill'],[],119,United States,lower
ocd-bill/11cae6a5-10a4-4559-8bfe-d2ce1ae3f702,SRES 171,"A resolution supporting the goals and ideals of ""National Youth HIV/AIDS Awareness Day"".",['resolution'],[],119,United States,upper
ocd-bill/9cf1ace9-b98c-4ca9-85a7-5709ebaf5f48,HR 2813,To direct the Secretary of Energy to establish a working group on the commercialization and industrialization of small modular reactors and to modernize thresholds for electrical output of small modular reactors.,['bill'],[],119,United States,lower
ocd-bill/10ef4349-008d-495f-b1c6-bc6dcc2c1fba,SRES 173,A resolution supporting the goals and ideals of World Malaria Day.,['resolution'],[],119,United States,upper
ocd-bill/9a7de131-0049-4f93-b1ff-91c023042ace,S 1405,"A bill to impose requirements on digital exchanges, and for other purposes.",['bill'],[],119,United States,upper
ocd-bill/c326e3e1-dadc-44e0-b660-06db0b2ac8ca,HR 22,SAVE Act,['bill'],[],119,United States,lower
ocd-bill/a5b69729-b20c-442f-81c4-b619960f3a38,HR 2857,To codify Executive Order 13989 (relating to ethics commitments by executive branch personnel).,['bill'],[],119,United States,lower
ocd-bill/27569018-a3b9-4753-8135-56c6fd73273f,HR 2892,"To direct the Secretary of Health and Human Services to develop and nationally disseminate accurate, relevant, and accessible resources to promote understanding about sensitivities regarding adoption in the health care industry, and for other purposes.",['bill'],[],119,United States,lower
ocd-bill/0f202619-f0d4-4b9d-b6a0-277c36e8692c,S 1484,"A bill to improve weather research and forecasting by the National Oceanic and Atmospheric Administration, and for other purposes.",['bill'],[],119,United States,upper
ocd-bill/576816a6-3bb6-4077-926b-a848b02dbf85,HR 2865,To prohibit oil and gas leasing on the outer Continental Shelf off the coast of New England.,['bill'],[],119,United States,lower
ocd-bill/304437c3-4a6f-4147-b0fb-5c07148ac997,S 1426,"A bill to amend title 5, United States Code, to designate Easter Monday as a legal public holiday.",['bill'],[],119,United States,upper
ocd-bill/9c3635ab-fb27-4e32-93bf-5ae2ca5ab3b7,HR 247,Health Care Affordability Act of 2025,['bill'],[],119,United States,lower
ocd-bill/960130e2-a6a7-4fae-a560-6255fbdb5842,HRES 328,"Expressing support for the staff of public, school, academic, and special libraries in the United States and the essential services those libraries provide to communities, recognizing the need for funding commensurate with the broad scope of social service and community supports provided by libraries, preserving the right of all citizens of the United States to freely access information and resources in their communities, supporting a strong union voice for library workers, and defending the civil rights of library staff.",['resolution'],[],119,United States,lower
ocd-bill/c066bd42-2c4d-422e-a08f-112849319763,HRES 331,"Supporting the goals and ideals of ""National Youth HIV/AIDS Awareness Day"".",['resolution'],[],119,United States,lower
ocd-bill/2376598d-232d-4401-9e78-55f1776bc24d,S 1453,"A bill to confirm the use of certain non-Federal land in Salt Lake City, Utah, for public purposes, and for other purposes.",['bill'],[],119,United States,upper
ocd-bill/47e7a6d8-20b1-41c1-beba-a8c3c9d1cd37,S 1488,"A bill to amend the Foreign Agents Registration Act of 1938, as amended, to clarify the exemption relating to commercial activities, to grant the Attorney General authority to issue civil investigative demands under that Act, and to create civil penalties for failure to meet the registration requirements under that Act, and for other purposes.",['bill'],[],119,United States,upper
ocd-bill/770b5432-6ab9-4d7a-ad0d-0564b4ea52ed,HR 2902,"To amend title XVIII of the Social Security Act to improve the payment method for oxygen and oxygen related equipment, supplies, and services, to increase beneficiary access to oxygen and oxygen related equipment, supplies, and services, and for other purposes.",['bill'],[],119,United States,lower
ocd-bill/8d4239b9-0adb-4c22-afe0-a81f9846241b,S 1431,"A bill to amend the Richard B. Russell National School Lunch Act to improve program requirements and direct certification, and for other purposes.",['bill'],[],119,United States,upper
ocd-bill/310cce75-ab3a-411b-93b8-7ce59f88fa7d,S 1458,A bill to amend the Internal Revenue Code of 1986 to provide for a refundable adoption tax credit.,['bill'],[],119,United States,upper
ocd-bill/2bc884f8-8775-4cee-9a79-944bc468a1e8,HR 2873,To continue Executive Order 14220 in effect indefinitely.,['bill'],[],119,United States,lower
ocd-bill/5c62b20b-68f9-4dfc-a75b-c81cc0c42350,SRES 182,A resolution supporting the goals and ideals of National Public Health Week.,['resolution'],[],119,United States,upper
ocd-bill/5556fe57-819a-40d9-b9b1-1d16331c23a5,SRES 180,"A resolution designating the week of April 19 through April 27, 2025, as ""National Park Week"".",['resolution'],[],119,United States,upper
ocd-bill/b881b995-f29d-40b3-b010-38d7b34ef67d,S 1459,"A bill to amend the Internal Revenue Code of 1986 to improve the historic rehabilitation tax credit, and for other purposes.",['bill'],[],119,United States,upper
ocd-bill/48125966-9a8e-4ba2-9bc5-72f589b56930,S 1480,A bill to amend the Internal Revenue Code of 1986 to provide a credit to issuers of American infrastructure bonds.,['bill'],[],119,United States,upper
ocd-bill/656b6c8a-f724-44ed-9553-40d7fce3d053,SRES 170,"A resolution to authorize representation by the Senate Legal Counsel in the case of Desmond Bellard v. Ronald Wyden, U.S. Senator.",['resolution'],[],119,United States,upper
ocd-bill/191a3a83-3fd0-444a-8f32-c56938514577,HR 2881,"To amend the Outer Continental Shelf Lands Act to permanently prohibit the conduct of offshore drilling on the outer Continental Shelf in the Mid-Atlantic, South Atlantic, North Atlantic, and Straits of Florida planning areas.",['bill'],[],119,United States,lower
ocd-bill/b11ed8f5-1958-4eb7-a49c-1ee69138465b,S 1413,A bill to authorize additional funding for the San Joaquin River Restoration Settlement Act.,['bill'],[],119,United States,upper
ocd-bill/b66cbb1f-0932-4bbc-a452-4aa9969be95d,HR 2896,"To amend title 1, United States Code, to clarify that certain tax exemptions are not treated as Federal financial assistance.",['bill'],[],119,United States,lower
ocd-bill/07a48fe6-33a0-4808-8d26-31a85cd5df1e,HJRES 93,Withdrawing approval of the Agreement Establishing the World Trade Organization.,['resolution'],[],119,United States,lower
ocd-bill/51e033ba-4a06-4828-b083-1f387d1225ba,SRES 179,A resolution recognizing and supporting the goals and ideals of National Sexual Assault Awareness and Prevention Month.,['resolution'],[],119,United States,upper
ocd-bill/a2bc7b79-2545-481b-8b3c-15ce78f71cd2,SRES 169,"A resolution expressing support for the staff of public, school, academic, and special libraries in the United States and the essential services those libraries provide to communities, recognizing the need for funding commensurate with the broad scope of social service and community supports provided by libraries, preserving the right of all citizens of the United States to freely access information and resources in their communities, supporting a strong union voice for library workers, and defending the civil rights of library staff.",['resolution'],[],119,United States,upper
ocd-bill/47cc2d33-b7cc-45bd-a7f9-8a513c122f7b,HR 2853,To combat organized crime involving the illegal acquisition of retail goods and cargo for the purpose of selling those illegally obtained goods through physical and online retail marketplaces.,['bill'],[],119,United States,lower
ocd-bill/abcae35b-2b0c-46f4-9007-2ac5b81c8a58,S 1471,"A bill to require the Board of Governors of the Federal Reserve System, in consultation with the heads of other relevant Federal agencies, to develop and conduct financial risk analyses relating to climate change, and for other purposes.",['bill'],[],119,United States,upper
ocd-bill/69c85abf-af4a-4b58-9f46-c0c41749810d,HRES 327,"Of inquiry requesting the President of the United States to furnish certain information to the House of Representatives relating to the operations of the Social Security Administration after March 12, 2025, including information on the Department of Government Efficiency's access to the Social Security Administration and to information in the possession of such Administration.",['resolution'],[],119,United States,lower
ocd-bill/21e79cf8-f892-4f01-84f8-9f9c88a213f8,S 1434,"A bill to track taxpayer dollars sent to adversarial countries and foreign entities of concern, and for other purposes.",['bill'],[],119,United States,upper
ocd-bill/c8c6c8d5-8220-4577-9f33-d1f09a7eac78,S 1406,"A bill to amend title XVIII of the Social Security Act to improve the payment method for oxygen and oxygen related equipment, supplies, and services, to increase beneficiary access to oxygen and oxygen related equipment, supplies, and services, and for other purposes.",['bill'],[],119,United States,upper
ocd-bill/af772d4d-6767-4e0c-94ed-908999cec187,HR 2883,"To authorize the Secretary of Agriculture to carry out activities to reduce food loss and waste, and for other purposes.",['bill'],[],119,United States,lower
ocd-bill/a8789d9f-794d-4135-a5ff-6873bbff42f4,S 1495,"A bill to require reforms to programs of the Natural Resources Conservation Service, and for other purposes.",['bill'],[],119,United States,upper
ocd-bill/7ce3d36a-27a7-4de3-bd23-8b0c235ef2a9,S 1485,"A bill to establish a more uniform, transparent, and modern process to authorize the construction, connection, operation, and maintenance of international border-crossing facilities for the import and export of oil and natural gas and the transmission of electricity.",['bill'],[],119,United States,upper
ocd-bill/ece7e997-54e6-4476-b40a-b2c808370e81,HR 2890,"To amend the Consumer Financial Protection Act of 2010 to direct the Office of Community Affairs to identify causes leading to, and solutions for, under-banked, un-banked, and underserved consumers, and for other purposes.",['bill'],[],119,United States,lower
ocd-bill/66277791-e6f5-4ef1-82fb-9c8712d2f234,HR 2821,"To require the Secretary of Health and Human Services, acting through the Commissioner of Food and Drugs, to publish a final rule relating to nonclinical testing methods.",['bill'],[],119,United States,lower
ocd-bill/36da6f9c-6489-4199-9bb3-f1445e8fd53a,S 1451,"A bill to provide for a waiver of duplication of benefits for certain assistance under the Robert T. Stafford Disaster Relief and Emergency Assistance Act as a result of a major disaster or emergency, and for other purposes.",['bill'],[],119,United States,upper
ocd-bill/f8d12a67-f025-4dfe-978b-ca4ff255ae56,HR 1637,Protect Veteran Jobs Act,['bill'],[],119,United States,lower
ocd-bill/1bc3ef82-2541-4aa0-895e-8384b21fdd71,HR 2878,"To amend titles 10 and 38, United States Code, to make certain improvements in the Transition Assistance Program and Solid Start Program to address mental health issues, and for other purposes.",['bill'],[],119,United States,lower
ocd-bill/8aaa9450-9d57-4234-8c4a-e5ecb982d8d0,S 1422,"A bill to amend the Internal Revenue Code of 1986 to prohibit the use of foreign feedstocks for purposes of the clean fuel production credit, and for other purposes.",['bill'],[],119,United States,upper
ocd-bill/2754b701-dda4-4724-bdcf-8fc95a21556f,HR 2810,"To amend the Internal Revenue Code of 1986 to treat amounts paid for private umbilical cord blood, or umbilical cord tissue, banking services as medical care expenses.",['bill'],[],119,United States,lower
ocd-bill/a71658d0-5bcd-4683-9f21-4a74fd53f80a,S 1482,"A bill to amend the Public Health Service Act to support and stabilize the existing nursing workforce, establish programs to increase the number of nurses, and for other purposes.",['bill'],[],119,United States,upper
ocd-bill/46cd0d14-869c-488a-bed8-865e467e821d,S 1441,"A bill to require the Secretary of Veterans Affairs to award grants to nonprofit entities to assist such entities in carrying out programs to provide service dogs to eligible veterans, and for other purposes.",['bill'],[],119,United States,upper
ocd-bill/2fdb023a-75ad-4270-b31a-9775776af715,S 1448,"A bill to address mental health issues for youth, particularly youth of color, and for other purposes.",['bill'],[],119,United States,upper
ocd-bill/1e22c898-aa50-4acb-bca5-066a22ed769c,HR 2856,"To limit the impoundment, transfer, or reprogramming of certain Federal funds made available to the National Oceanic and Atmospheric Administration, and for other purposes.",['bill'],[],119,United States,lower
ocd-bill/6c4f1654-186c-4933-8cee-ad712807216d,S 1489,A bill to amend the Public Health Service Act to provide for public health research and investment into understanding and eliminating structural racism and police violence.,['bill'],[],119,United States,upper
ocd-bill/85c1cef7-0b12-4143-9f03-f0cf6ac41c0b,S 1412,"A bill to provide for the withdrawal and protection of certain Federal land in the State of New Mexico, and for other purposes.",['bill'],[],119,United States,upper
ocd-bill/60556de1-458c-4e5c-a921-744629e9486b,HR 2814,"To amend the Internal Revenue Code of 1986 to establish an enhanced deduction for wages paid to automobile manufacturing workers, and for other purposes.",['bill'],[],119,United States,lower
ocd-bill/4580f24f-7149-440f-afd3-57d09495e85a,HR 987,Fair Access to Banking Act,['bill'],[],119,United States,lower
ocd-bill/dd61f12e-7b8b-42ad-9e1f-da4853899423,S 1429,"A bill to amend the Robert T. Stafford Disaster Relief and Emergency Assistance Act to authorize Federal agencies to provide certain essential assistance for hazard mitigation for electric utilities, and for other purposes.",['bill'],[],119,United States,upper
ocd-bill/64bc7e71-41fd-40ad-8a39-209dd940c37b,S 1473,A bill to amend the Export Control Reform Act of 2018 to establish a whistleblower incentive program and provide protections to whistleblowers.,['bill'],[],119,United States,upper
ocd-bill/0061dded-1f02-4e31-8ece-e9811dc44a5c,HR 2868,"To amend the Food, Agriculture, Conservation, and Trade Act of 1990 to add highly pathogenic avian influenza as a high priority research and extension area.",['bill'],[],119,United States,lower
ocd-bill/6d1c0a4c-b2d9-4002-8d04-ed4d0b5a8ca4,HR 2869,To amend the Employee Retirement Income Security Act of 1974 to require that the Employee Benefit Security Administration make an annual report to Congress on investigations.,['bill'],[],119,United States,lower
ocd-bill/32745686-92e2-486e-b2dd-45c237d91d6f,HCONRES 26,Calling for the end of impunity of unpunished Serbian sexual war crimes during the 1999 Kosovo war in the case of United States citizen and sexual war crime survivor Vasfije Krasniqi Goodman and other survivors of sexual and gender-based violence.,['resolution'],[],119,United States,lower
ocd-bill/1d0b5e62-50fe-4b32-8261-3437c71241c5,S 1407,"A bill to ban the use of Federal funds for the purchase of drugs manufactured in the People's Republic of China, and for other purposes.",['bill'],[],119,United States,upper
ocd-bill/f8b084e0-3eb1-44fc-b682-6b05e1245fba,S 1483,"A bill to reduce commuting burdens on Transportation Security Administration employees, and for other purposes.",['bill'],[],119,United States,upper
ocd-bill/9b664f95-0e72-42fd-88a1-26024e2dcfbd,HRES 323,Congratulating The Ohio State University football team for winning the 2025 College Football Playoff National Championship.,['resolution'],[],119,United States,lower
ocd-bill/c278ded9-d351-422a-94af-30838ce25150,HR 2838,To amend the Internal Revenue Code of 1986 to phase-out the clean electricity production and investment credits with respect to wind and solar energy.,['bill'],[],119,United States,lower
ocd-bill/573f6d5f-614f-43b8-aa23-09db92dc6840,HR 2904,"To address mental health issues for youth, particularly youth of color, and for other purposes.",['bill'],[],119,United States,lower
ocd-bill/6255a759-ddf5-42f3-87ff-87ddb082a0f6,S 1414,"A bill to amend the Public Health Service Act to provide that clinical studies required for licensure of biological products as biosimilar shall not be required to include the assessment of immunogenicity, pharmacodynamics, or comparative clinical efficacy.",['bill'],[],119,United States,upper
ocd-bill/bb00ea2c-7559-435c-bd0a-596931caafda,S 1481,A bill to amend the Internal Revenue Code of 1986 to reinstate advance refunding bonds.,['bill'],[],119,United States,upper
ocd-bill/08d1c32d-0afa-47aa-8779-914b3f842957,S 1433,"A bill to reauthorize the Northwest Straits Marine Conservation Initiative Act to promote the protection of the resources of the Northwest Straits, and for other purposes.",['bill'],[],119,United States,upper
ocd-bill/03b59298-75d9-494a-acdf-fddaed2410c0,HR 2872,To amend the Internal Revenue Code of 1986 to require adjusted financial statement income to be reduced by the amount of certain deductions relating to repair and maintenance of certain public utility property.,['bill'],[],119,United States,lower
ocd-bill/433022bf-b568-42f6-a55c-646456abfefa,HR 2808,"To amend the Fair Credit Reporting Act to prevent consumer reporting agencies from furnishing consumer reports under certain circumstances, and for other purposes.",['bill'],[],119,United States,lower
ocd-bill/75a43c13-398e-4725-8688-b4622d8e1c21,HR 2818,"To amend the Richard B. Russell National School Lunch Act to improve the child and adult care food program, and for other purposes.",['bill'],[],119,United States,lower
ocd-bill/ce374d84-02e7-43ef-aa74-cdb663e65951,HR 2816,"To amend title 18, United States Code, to prohibit the establishment of a corporation to conceal election contributions and donations by foreign nationals.",['bill'],[],119,United States,lower
ocd-bill/9cc54b04-a1a9-40d5-8e66-de48825c1004,HR 2829,To amend the Higher Education Act of 1965 to improve the Public Service Loan Forgiveness program and reduce interest rates.,['bill'],[],119,United States,lower
ocd-bill/fe426d28-e0c3-41f6-9a67-e2d5be5a9245,HR 2874,To provide for regulations on protecting statutory conscience rights in health care.,['bill'],[],119,United States,lower
ocd-bill/a019481d-458f-41f3-9f27-4b9b47e55be4,HR 2854,"To amend the Internal Revenue Code of 1986 to establish a tax credit for neighborhood revitalization, and for other purposes.",['bill'],[],119,United States,lower
ocd-bill/6c5f5c6d-6c20-4d0e-9f0f-6ddc58d79915,HR 2851,"To extend immigration benefits to survivors of domestic violence, sexual assault, human trafficking, and other gender-based violence, and for other purposes.",['bill'],[],119,United States,lower
ocd-bill/4eee6d1b-e81a-4b71-865a-3adaded2946d,HR 2847,"To amend the Help America Vote Act of 2002 to allow all eligible voters to vote by mail in Federal elections, to amend the National Voter Registration Act of 1993 to streamline the procedures under which individuals may apply to register to vote in such elections through State motor vehicle authorities, to permit automatic voter registration through such authorities for eligible citizens of the United States, and for other purposes.",['bill'],[],119,United States,lower
ocd-bill/951eb2a0-4ce6-4ba9-aa1f-92fb90fa9ab2,HR 2855,"To limit the impoundment, transfer, or reprogramming of Federal funds made available for the National Institutes of Health, and for other purposes.",['bill'],[],119,United States,lower
ocd-bill/44a1cae1-0096-4a73-8236-74e0f544b3e0,HR 2898,To amend the Internal Revenue Code of 1986 to establish a permanent lookback provision with respect to the Earned Income Credit.,['bill'],[],119,United States,lower
ocd-bill/eee551b4-f0c8-47d8-8b79-cdca77805b6e,HR 2860,"To reauthorize the Northwest Straits Marine Conservation Initiative Act to promote the protection of the resources of the Northwest Straits, and for other purposes.",['bill'],[],119,United States,lower
ocd-bill/604e8e63-7c26-4df8-8aca-f7c06176f648,HR 2888,"To terminate certain tariffs imposed pursuant to emergency authorities and require congressional approval for the imposition of similar tariffs, and for other purposes.",['bill'],[],119,United States,lower
ocd-bill/9e569ee1-f6fa-4698-b919-0a1e610f9c19,HR 2885,"To require the Bureau of Consumer Financial Protection to issue a rule before deleting or modifying certain small business loan data, and for other purposes.",['bill'],[],119,United States,lower
ocd-bill/246d536f-6b3b-4ecc-b5b0-a385dfaa9761,HR 2893,To withdraw certain Bureau of Land Management land from mineral development.,['bill'],[],119,United States,lower
ocd-bill/6f8d8977-ba5b-4f12-83d4-fcc937edc51f,HR 2863,"To prohibit the use of any United States weapon, weapons system, munition, aircraft, vessel, boat, or other implement of war against Christian properties and Christian civilians in any foreign country.",['bill'],[],119,United States,lower
ocd-bill/14b4395c-e013-4196-bd79-eb944cbcbe09,HR 2901,"To amend the Homeland Security Act of 2002 to make certain improvements with respect to the Officer for Civil Rights and Civil Liberties of the Department of Homeland Security, and for other purposes.",['bill'],[],119,United States,lower
ocd-bill/4a9e4b51-bb30-4e6b-bfcb-4e5a20660267,HR 2880,"To provide employment protections for, and reinstatement of, certain probationary Federal career employees, and for other purposes.",['bill'],[],119,United States,lower
ocd-bill/32944665-cab8-42f1-9798-61106ca987bb,HR 2831,To amend the Small Business Investment Act of 1958 to increase the maximum loan amount for certain loans.,['bill'],[],119,United States,lower
ocd-bill/b0f20cce-f99b-49ba-a697-f2304e231c2c,HR 2837,To establish a Federal Advisory Council to Support Victims of Gun Violence.,['bill'],[],119,United States,lower
ocd-bill/dd69764d-91a7-441b-8681-34efbfaefe91,HR 2850,"To amend the Public Works and Economic Development Act of 1965 with respect to the eligibility of youth sports facilities for certain grants, and for other purposes.",['bill'],[],119,United States,lower
ocd-bill/70b92dbf-d3f3-4c19-8aa7-df28729274fe,HR 2836,"To amend the Robert T. Stafford Disaster Relief and Emergency Assistance Act to provide for the authority to reimburse local governments or electric cooperatives for interest expenses, and for other purposes.",['bill'],[],119,United States,lower
ocd-bill/00d6b83a-f97c-4378-b097-33421253c045,HR 2824,"To prohibit Federal awards for special Government employees, and for other purposes.",['bill'],[],119,United States,lower
ocd-bill/e38cab77-356b-458e-af09-039368253c86,HR 2900,"To amend the Internal Revenue Code of 1986 to increase and make fully refundable the Child and Dependent Care Tax Credit, to increase the maximum amount excludable from gross income for employer-provided dependent care assistance, and for other purposes.",['bill'],[],119,United States,lower
ocd-bill/a52ea71b-4e00-4985-bd66-6aff7c64266c,HR 2905,"To require Executive agencies to have employment levels in accordance with the levels for which amounts are appropriated, and for other purposes.",['bill'],[],119,United States,lower
ocd-bill/e18b6cc6-990f-4651-a076-2021f5744223,HR 2870,To amend the Fair Labor Standards Act of 1938 to provide compensatory time for employees in the private sector.,['bill'],[],119,United States,lower
ocd-bill/4bdce650-05f8-47ff-9591-65e1afd07c4e,HR 2845,"To establish competitive Federal grants that will empower community colleges and minority-serving institutions to become incubators for infant and toddler child care talent, training, and access on their campuses and in their communities, and for other purposes.",['bill'],[],119,United States,lower
ocd-bill/90a6d669-37f0-40cc-835b-a14e56a5a250,HR 2852,To amend the Internal Revenue Code of 1986 to allow students to take the saver's credit and receive the saver's match.,['bill'],[],119,United States,lower
ocd-bill/7bc96dc5-b0cb-4373-af1e-6dfc54427399,HR 2830,To require the Secretary of Health and Human Services to collect and disseminate information on concussion and traumatic brain injury among public safety officers.,['bill'],[],119,United States,lower
ocd-bill/69cdaa5d-e9c2-4e41-b686-5103e4b8fcc6,HR 2862,"To amend the Outer Continental Shelf Lands Act to prohibit oil and gas leasing in the Southern California Planning Area, and for other purposes.",['bill'],[],119,United States,lower
ocd-bill/adf2e51d-a481-4621-bc72-2d61be2efd53,HR 2825,"To amend title 39, United States Code, to require the United States Postal Service to continue maintaining cluster mailboxes that the Postal Service has historically maintained, and for other purposes.",['bill'],[],119,United States,lower
ocd-bill/f6c8a993-d680-4856-8bc6-aa7d74472e90,HR 2894,"To amend title 18, United States Code, to modify the definition of special Government employee, and for other purposes.",['bill'],[],119,United States,lower
ocd-bill/b17313d7-0032-41ac-a79e-3534dedc970d,HR 2886,"To amend the Outer Continental Shelf Lands Act to withdraw the outer Continental Shelf in the Mid-Atlantic Planning Area from disposition, and for other purposes.",['bill'],[],119,United States,lower
ocd-bill/ea339904-d452-4c7a-8e87-685415955099,HR 2903,"To amend the Wild and Scenic Rivers Act to designate certain segments of the Gila River system in the State of New Mexico as components of the National Wild and Scenic Rivers System, to provide for the transfer of administrative jurisdiction over certain Federal land in the State of New Mexico, and for other purposes.",['bill'],[],119,United States,lower
ocd-bill/47f1e196-92ed-42b6-b9fa-3d17d2ee124a,HR 2889,To clarify that a violation of certain terms of service and related materials is an unfair or deceptive act or practice and subject to enforcement by the Federal Trade Commission.,['bill'],[],119,United States,lower
ocd-bill/cccfdc47-aa13-402a-8063-af1db53a053d,HR 2844,To authorize the Department of Labor's voluntary protection program.,['bill'],[],119,United States,lower
ocd-bill/635c18a4-7fbf-4595-93a5-39a4994bb712,HR 2827,"To provide for the equitable settlement of certain Indian land disputes regarding land in Illinois, and for other purposes.",['bill'],[],119,United States,lower
ocd-bill/7a020e14-50ed-4e9d-b44e-cf7fbec2277e,HR 2884,To amend the Public Health Service Act to provide for public health research and investment into understanding and eliminating structural racism and police violence.,['bill'],[],119,United States,lower
ocd-bill/cc520dac-adf1-489f-863f-a002ab73ca08,HR 2876,"To confirm the use of certain non-Federal land in Salt Lake City, Utah, for public purposes, and for other purposes.",['bill'],[],119,United States,lower
ocd-bill/fe66de00-841b-46b6-8f02-d16b8a44e05d,HR 2858,"To require the Secretary of Agriculture to carry out research and development with respect to winter canola, and for other purposes.",['bill'],[],119,United States,lower
ocd-bill/9837fefb-97cc-455b-872a-609f2210c5e4,HR 2832,"To direct the Secretary of Commerce to continue to operate the Hollings Manufacturing Extension Partnership, and for other purposes.",['bill'],[],119,United States,lower
ocd-bill/bdf17f62-e90c-4e1b-a2e4-88b10c9e5c5c,HR 2882,To amend the Outer Continental Shelf Lands Act to prohibit oil and gas leasing of the Central California Planning Area.,['bill'],[],119,United States,lower
ocd-bill/785d12c7-f2bf-48ed-9001-ba6f2c1e4e3a,HR 2826,"To require a report evaluating an expansion of the mission of the Joint Interagency Taskforce South to provide additional resources to combat the illegal trafficking of firearms from the United States to the Caribbean, and for other purposes.",['bill'],[],119,United States,lower
ocd-bill/19a9c110-8e2b-4f77-8cc4-691260ff161b,HR 2840,"To direct the Secretary of Housing and Urban Development, acting through the Assistant Secretary for Policy Development and Research, to publish guidelines and best practices for State zoning and local zoning frameworks, and for other purposes.",['bill'],[],119,United States,lower
ocd-bill/06296746-3014-4528-850a-5519d0bc9dbd,HR 2807,"To amend title 39, United States Code, to provide for increased oversight over significant proposed changes to postal services, and for other purposes.",['bill'],[],119,United States,lower
ocd-bill/3cd4daa8-f7bd-47d6-9bdd-d2a53eca2dc4,HR 2842,To limit the authority of the President to impose new or additional duties with respect to articles imported from countries that are major agricultural trade partners with the United States.,['bill'],[],119,United States,lower
ocd-bill/6fcc35be-0cae-4fae-ae2b-9b4ed25e1981,HR 2859,"To amend the Richard B. Russell National School Lunch Act to increase the amount of reimbursements under the child and adult care food program, and for other purposes.",['bill'],[],119,United States,lower
ocd-bill/5d86b9ef-0668-4cab-8e24-036a9e7befa8,HR 2834,To require the Secretary of the Treasury to mint commemorative coins in recognition of Selena Quintanilla.,['bill'],[],119,United States,lower
ocd-bill/b20e509b-66e2-4b3f-b048-64a9dd971ced,HR 2866,"To direct the Secretary of State to revoke the visas of students who have engaged in antisemitic activities, and for other purposes.",['bill'],[],119,United States,lower
ocd-bill/cd6a59ca-eca2-4fc7-9a81-e5dbc447142a,HR 2906,"To limit workforce reduction at Federal agencies, and for other purposes.",['bill'],[],119,United States,lower
ocd-bill/2334cd7c-64bb-48bc-b405-5ec37f1c854c,HR 178,"To require the Secretary of Agriculture to carry out activities to suppress wildfires, and for other purposes.",['bill'],[],119,United States,lower
ocd-bill/aa231a7b-a9ad-4d51-bcf4-4a66955608d7,HR 293,Making Agricultural Products Locally Essential (MAPLE) Act,['bill'],[],119,United States,lower
ocd-bill/417467d9-5c6d-4a36-bf6c-bf2992279da1,HR 499,"To rename the medical center of the Department of Veterans Affairs in Dallas, Texas, as the ""Eddie Bernice Johnson VA Medical Center"".",['bill'],[],119,United States,lower
ocd-bill/d3725ee8-52b8-4ca5-9a38-3678245c7af8,HRES 199,Condemning woke foreign aid programs.,['resolution'],[],119,United States,lower
ocd-bill/0f9a1413-7c15-413d-be96-2ebae17e081b,HRES 200,Expressing support for a comprehensive political reform plan.,['resolution'],[],119,United States,lower
ocd-bill/15a4d126-9ecc-4c2e-b0d8-a0bc2e50451a,HR 1532,Scientific EXPERT Act of 2025,['bill'],[],119,United States,lower
ocd-bill/5ac3b22b-38c1-4f0a-aeb8-2f7bd4636eb9,HR 1479,Hotel Fees Transparency Act of 2025,['bill'],[],119,United States,lower
ocd-bill/2e827c9b-243a-4724-a7a1-7b2645ddc863,HR 2037,Open RAN Outreach Act,['bill'],[],119,United States,lower
ocd-bill/8a23a2af-8047-4fe9-9181-d3aafce018c4,HRES 151,"Expressing support for the designation of February 16, 2025, as ""International Black Aviation Professionals Day"".",['resolution'],[],119,United States,lower
ocd-bill/5b168fd7-5d3d-4fca-b818-ed1a11d4be4a,HR 14,John R. Lewis Voting Rights Advancement Act of 2025,['bill'],[],119,United States,lower
ocd-bill/a21a5aef-1ab1-482d-bc00-924aa4969ea1,HJRES 13,Proposing an amendment to the Constitution of the United States limiting the pardon power of the President.,['resolution'],[],119,United States,lower
ocd-bill/00a49947-d889-44ab-946a-5a13b0f03635,HRES 41,"Expressing support for the designation of the month of January, as ""Tamil Language and Heritage Month"".",['resolution'],[],119,United States,lower
ocd-bill/a9895ad8-5964-44ae-9af7-071316e7a931,HRES 68,Expressing strong disapproval of the President's announcement to withdraw the United States from the Paris Agreement.,['resolution'],[],119,United States,lower
ocd-bill/dd4da3ed-961b-4a5a-aad4-e0a9f66d1e95,HR 485,Muhammad Ali Congressional Gold Medal Act,['bill'],[],119,United States,lower
ocd-bill/b2fd3a4d-c960-4924-a398-51a8bdc5bb20,HR 764,"Global Health, Empowerment and Rights Act",['bill'],[],119,United States,lower
ocd-bill/b61d1d68-238d-4034-9cf6-346ff3e159b2,HR 1099,CLEAR Act,['bill'],[],119,United States,lower
ocd-bill/4aaa4533-fa76-461b-9102-bf8b066a21d1,HR 1530,American Victims of Terrorism Compensation Act,['bill'],[],119,United States,lower
ocd-bill/0103d6f7-38c5-4611-9700-e32cc1d6bef8,HR 1449,Energy Resilient Communities Act,['bill'],[],119,United States,lower
ocd-bill/6ae83098-cb5e-4654-a1a8-b286a3a550b3,HR 1661,SAFE Act of 2025,['bill'],[],119,United States,lower
ocd-bill/699642e6-9003-4c70-be49-89bab6835638,HR 1596,"To designate the U.S. National Poultry Research Center of the Department of Agriculture located in Athens, Georgia, as the ""Abit Massey Poultry Research Center"".",['bill'],[],119,United States,lower
ocd-bill/e5048ab4-58bc-41fd-b5b5-17b9e6a25296,HR 995,No Tax Breaks for Outsourcing Act,['bill'],[],119,United States,lower
ocd-bill/eb9be0d2-895a-4b8d-b16c-af6b06734dae,HR 964,Rosa Parks Day Act,['bill'],[],119,United States,lower
ocd-bill/e206c00d-b7cd-48db-a77b-52a4e286e101,HR 1611,RAISE Act of 2025,['bill'],[],119,United States,lower
ocd-bill/b2abed24-21aa-494b-b23e-b538ed850b4f,HCONRES 16,"Providing for a joint session of the Congress in Philadelphia, Pennsylvania, on Thursday, July 2, 2026, in honor of the semiquincentennial of the Declaration of Independence.",['resolution'],[],119,United States,lower
ocd-bill/99ea5c6e-05e3-4b6e-b88e-b168254bf084,HR 2011,Sarah Debbink Langenkamp Active Transportation Safety Act,['bill'],[],119,United States,lower
ocd-bill/c1ad65fc-92ff-4af6-ad59-2a117264962c,HR 2002,MATCH IT Act of 2025,['bill'],[],119,United States,lower
ocd-bill/8d505f1e-db50-49a4-ab22-29836b7ae754,HR 1981,Choice in Affordable Housing Act of 2025,['bill'],[],119,United States,lower
ocd-bill/95772098-8838-4a99-8058-13c272bb298c,HR 1976,Woman on the Twenty Act of 2025,['bill'],[],119,United States,lower
ocd-bill/2059af1e-29bb-4e5d-b2dd-8db168561fe6,HRES 207,Recognizing and commemorating the contributions of contemporary Latinas in the State of Illinois.,['resolution'],[],119,United States,lower
ocd-bill/734fb5f2-d17e-4b1e-abd0-a128277db763,HCONRES 18,"Expressing support for the recognition of March 10, 2025, as ""Abortion Provider Appreciation Day"".",['resolution'],[],119,United States,lower
ocd-bill/f2b0c4d3-c6a4-44cb-8e43-655baa8cf648,HR 874,"To amend title 38, United States Code, to modify the rate of pay for care or services provided under the Community Care Program of the Department of Veterans Affairs based on the location at which such care or services were provided, and for other purposes.",['bill'],[],119,United States,lower
ocd-bill/956ac68d-f8cd-4afb-84da-31ba266e1388,HR 932,Protecting VA Employees Act,['bill'],[],119,United States,lower
ocd-bill/b66eda38-6c79-4d2f-8e50-401672d407cd,HR 962,Defending Veterans’ Second Amendment Rights Act,['bill'],[],119,United States,lower
ocd-bill/25388213-e635-4d9e-b11b-386efe882dbf,HR 530,ACES Act,['bill'],[],119,United States,lower
ocd-bill/54ecf643-3cdd-475c-ba15-a55eeba6d32d,HR 668,Coordinating Care for Senior Veterans and Wounded Warriors Act,['bill'],[],119,United States,lower
ocd-bill/a050bed5-0ef5-4313-9a56-83e5affaebf1,HR 842,Nancy Gardner Sewell Medicare Multi-Cancer Early Detection Screening Coverage Act,['bill'],[],119,United States,lower
ocd-bill/28633dcf-46f6-488f-952e-76ece9e2c619,HR 1844,PAGER Act,['bill'],[],119,United States,lower
ocd-bill/deed0aa1-4e3f-4d65-bac7-861adeb2277c,HR 1876,Keeping Our Field Offices Open Act,['bill'],[],119,United States,lower
ocd-bill/fbb2cc9c-0f48-44f4-8e49-920edb1dda98,HR 1041,Veterans 2nd Amendment Protection Act,['bill'],[],119,United States,lower
ocd-bill/4d5c9cca-6114-40a1-81fa-aef8c62861fb,HR 984,"To amend title 38, United States Code, to direct the Secretary of Veterans Affairs to provide timely equitable relief to an individual who suffers a loss based on an administrative error by the Secretary, and for other purposes.",['bill'],[],119,United States,lower
ocd-bill/69d6ea7e-41e3-4a3f-b8ce-ab1133c8605d,HR 1321,Ending DOGE Conflicts Act,['bill'],[],119,United States,lower
ocd-bill/86ba91dd-ed5d-420e-8b76-27ab85eefef8,HR 1742,Access to Reproductive Care for Servicemembers Act,['bill'],[],119,United States,lower
ocd-bill/34308e4a-3f58-4c39-8e77-9102184f7b8f,HR 2009,Global Criminal Justice Act,['bill'],[],119,United States,lower
ocd-bill/06de3b6d-6b94-46f0-8ded-f75f963f391b,HR 1996,Retirement Proxy Protection Act,['bill'],[],119,United States,lower
ocd-bill/174906ce-e943-47cf-8821-be84f46e46ed,HR 1999,Disclose GIFT Act,['bill'],[],119,United States,lower
ocd-bill/0e1e722f-5f47-4c21-ae7f-6e755def9e33,HR 2005,DMEPOS Relief Act of 2025,['bill'],[],119,United States,lower
ocd-bill/f585ba20-6861-41b3-88df-f941b2dcdb35,HR 1970,Providing Veterans Essential Medications Act,['bill'],[],119,United States,lower
ocd-bill/d734d2bd-e107-4c67-9d53-ef31a19f54a8,HR 2018,BODEGA Act of 2025,['bill'],[],119,United States,lower
ocd-bill/338ec7dd-69c0-40bb-97fd-11adbb7e032c,HR 1984,BLOC Act,['bill'],[],119,United States,lower
ocd-bill/62ee8e34-2683-4533-841c-9b095eae46de,HR 1983,Tax Return Preparer Accountability Act of 2025,['bill'],[],119,United States,lower
ocd-bill/05a21de3-161c-4d82-9c8a-d7768ba6330d,HR 1977,"To direct the Secretary of Defense to conduct a study relating to obesity in the Armed Forces, and for other purposes.",['bill'],[],119,United States,lower
ocd-bill/9d6584d5-df93-4e2f-a372-f92890239edb,HR 1991,Producer and Agricultural Credit Enhancement Act of 2025,['bill'],[],119,United States,lower
ocd-bill/a4bde1e1-e1b3-4c0f-9e14-b2fbd3adae7c,HR 2007,Salary Transparency Act,['bill'],[],119,United States,lower
ocd-bill/81babb12-f02b-4fa0-8b43-7f2721935e81,HR 1973,No Pay for Congress During Default or Shutdown Act,['bill'],[],119,United States,lower
ocd-bill/879628cf-aeeb-4c67-93e0-2adf1ba03742,HR 1980,State Strategic Stockpile Act of 2025,['bill'],[],119,United States,lower
ocd-bill/a49f6b5f-4778-48d2-abdb-9d9a6643f6df,HR 2021,American Teacher Act,['bill'],[],119,United States,lower
ocd-bill/0cee797d-1729-4ad9-90c5-be2b34000f61,HR 2003,Affordable Loans for Students Act,['bill'],[],119,United States,lower
ocd-bill/702cc40a-b096-4584-a49c-0835dd3c791f,HR 2016,Feed Our Families Act of 2025,['bill'],[],119,United States,lower
ocd-bill/470473d0-334e-4ba9-8c11-db110b784170,HR 1972,START Act of 2025,['bill'],[],119,United States,lower
ocd-bill/a1291d1a-0755-46d6-b73a-7d8dfcd2a644,HR 2019,TLDR Act,['bill'],[],119,United States,lower
ocd-bill/95d79454-d4ee-491f-9924-6f0e3de6c1e5,HR 1987,"To amend title 38, United States Code, to direct the Secretary of Veterans Affairs to establish a program to furnish to certain individuals items used for the secure storage of firearms, and for other purposes.",['bill'],[],119,United States,lower
ocd-bill/0b93b6cb-ec5b-4708-b8e4-16ac28109e81,HR 1988,Pay Federal Workers and Servicemembers Act,['bill'],[],119,United States,lower
ocd-bill/f450039e-eec9-4bb9-b59d-c94d0f2b25f7,HR 2017,Pay Our Military Act,['bill'],[],119,United States,lower
ocd-bill/bc0c4c7c-026b-42f2-886d-dea80f8b75ba,HR 2020,New Mexico Rural Veteran Health Care Access Act,['bill'],[],119,United States,lower
ocd-bill/2c3987d5-532e-43c0-b1fd-bc8a53dae442,HR 2013,Medicare Home Health Accessibility Act,['bill'],[],119,United States,lower
ocd-bill/b9a413d0-db77-46e4-a303-1f6176f9c30e,HR 2022,To provide for the reliquidation of certain entries of golf cart tires.,['bill'],[],119,United States,lower
ocd-bill/951f4209-e192-48c6-9bfd-69b18acc7689,HR 2008,Infant Formula Made in America Act of 2025,['bill'],[],119,United States,lower
ocd-bill/ec3ed283-d0f2-45ff-852f-f1462b8b5162,HR 1968,"Full-Year Continuing Appropriations and Extensions Act, 2025",['bill'],[],119,United States,lower
ocd-bill/c4e88d6a-275f-403a-8c38-1ecc4f029c2f,HR 1975,BEAD FEE Act of 2025,['bill'],[],119,United States,lower
ocd-bill/94c50764-d893-4425-aacf-c70621055f9d,HR 2004,Tyler’s Law,['bill'],[],119,United States,lower
ocd-bill/3fadf1d5-da7b-4350-b0f3-1d5bb384698e,HR 1974,"Further Additional Continuing Appropriations and Other Extensions Act, 2025",['bill'],[],119,United States,lower
ocd-bill/31aa8605-b098-4c37-beb4-0862bee0d380,HR 1992,Kangaroo Protection Act of 2025,['bill'],[],119,United States,lower
ocd-bill/0f9d5e6e-1b39-4e26-a879-dd730461deff,HR 2000,"To establish a program to monitor the Arctic region, promote United States interests in that region, and combat Russian, Chinese, and other foreign malign influence in the region.",['bill'],[],119,United States,lower
ocd-bill/09151122-997d-460c-8c87-50ce2508ed09,HR 2014,Reduction of Excess Business Holding Accrual Act,['bill'],[],119,United States,lower
ocd-bill/a61d9655-6559-42de-9a00-c0b4cb3c35e3,HR 1986,"To designate the facility of the United States Postal Service located at 620 East Pecan Boulevard in McAllen, Texas, as the ""Agent Raul H. Gonzalez Jr. Memorial Post Office Building"".",['bill'],[],119,United States,lower
ocd-bill/2f32fb64-47be-42ed-95c2-87969aae0cae,HR 1997,Productive Public Lands Act,['bill'],[],119,United States,lower
ocd-bill/d2c2e4b7-187f-4b1e-a432-07b59911bafd,HR 1978,"To direct the Secretary of Defense to develop a strategy to treat obesity as a disease and reduce the prevalence of obesity in certain Armed Forces, and for other purposes.",['bill'],[],119,United States,lower
ocd-bill/23f2d4b4-c1b9-4ca3-b658-0a29a6b3b94d,HR 2010,NATO Edge Act,['bill'],[],119,United States,lower
ocd-bill/723e7596-6d06-4778-8592-4e0cdcb25e92,HR 1969,No Wrong Door for Veterans Act,['bill'],[],119,United States,lower
ocd-bill/839d1012-ac2e-499b-bb8c-e90374d5b3c2,HR 1985,Promoting Precision Agriculture Act,['bill'],[],119,United States,lower
ocd-bill/66284408-8463-479f-9fb3-6545fea3969e,HR 2015,GIFT Act of 2025,['bill'],[],119,United States,lower
ocd-bill/c6d88cb3-5e11-4502-8c7a-06ebee009eb9,HR 1982,Return to Sender Act,['bill'],[],119,United States,lower
ocd-bill/b87647fe-6262-40e4-b3ce-7f23a09d561e,HR 1971,Veterans SPORT Act,['bill'],[],119,United States,lower
ocd-bill/fb5b37c8-48c4-4689-86e2-5a4fef200aef,HR 2001,To amend the Public Health Service Act to reauthorize a grant program for addressing dental workforce needs.,['bill'],[],119,United States,lower
ocd-bill/9d115597-06ab-43b9-ab58-1dcc7e8c0fd1,HR 2012,Iran Sanctions Relief Review Act of 2025,['bill'],[],119,United States,lower
ocd-bill/5d4af424-acec-4c24-85ba-c47d5c413146,HR 2006,DOGE Act,['bill'],[],119,United States,lower
ocd-bill/8cbc73a2-b299-4c6e-8dd7-62b6c5022198,HR 1998,Sanction Sea Pirates Act of 2025,['bill'],[],119,United States,lower
ocd-bill/c70f5380-62f1-4156-bcbb-ab4964448f5a,HR 1995,Securing American Agriculture Act,['bill'],[],119,United States,lower
ocd-bill/5322e893-774d-44be-9538-c8b9fd765d21,HR 1994,Public Land Renewable Energy Development Act of 2025,['bill'],[],119,United States,lower
ocd-bill/0ad891d5-d55a-499b-8811-f6ffbc9e5945,HR 1990,American Innovation and R&D Competitiveness Act of 2025,['bill'],[],119,United States,lower
ocd-bill/b122173a-52ed-4fb5-b98d-41283c448c8d,SCONRES 9,"A concurrent resolution expressing support for the recognition of March 10, 2025, as ""Abortion Provider Appreciation Day"".",['resolution'],[],119,United States,upper
ocd-bill/c131e8c7-8977-486a-ab37-e1c8599d9c5f,HJRES 76,"Providing for congressional disapproval under chapter 8 of title 5, United States Code, of the rule submitted by the Environmental Protection Agency relating to ""Updates to New Chemicals Regulations Under the Toxic Substances Control Act (TSCA)"".",['resolution'],[],119,United States,lower
ocd-bill/2e1e1de7-8b0d-4263-bdcd-326a5dc5dd09,HJRES 12,Proposing an amendment to the Constitution of the United States to limit the number of terms that a Member of Congress may serve.,['resolution'],[],119,United States,lower
ocd-bill/ca2c593e-985b-49f7-b252-352c1429367a,HRES 210,Supporting the goals and ideals of National Women and Girls HIV/AIDS Awareness Day.,['resolution'],[],119,United States,lower
ocd-bill/bfe90043-0003-4f47-93c9-ed5ff93b3c99,HRES 206,Recognizing the importance of stepped-up basis under section 1014 of the Internal Revenue Code of 1986 in preserving family-owned farms and small businesses.,['resolution'],[],119,United States,lower
ocd-bill/c2e4b253-ae62-4287-bf17-20d84377c4a0,HRES 204,Removing a certain Member from a certain standing committee of the House.,['resolution'],[],119,United States,lower
ocd-bill/4f5ce8fa-dcf7-436a-9510-1fb4bca0aef9,HCONRES 12,Supporting the Local Radio Freedom Act.,['resolution'],[],119,United States,lower
ocd-bill/311d6bbc-c600-4e57-b89b-5dfdea240400,HRES 202,Censuring Representative Lauren Boebert of Colorado for her recent disparaging and derogatory comments about Representative Al Green of Texas.,['resolution'],[],119,United States,lower
ocd-bill/5a409a80-bf02-42c1-b60e-610abe0fcad7,HRES 209,"Expressing support for the designation of April 5, 2025, as ""Barth Syndrome Awareness Day"".",['resolution'],[],119,United States,lower
ocd-bill/258a8e8f-4e52-4f5d-b755-1992a411cb66,HRES 203,"Recognizing the roles and contributions of military animals and their valiant human handlers for bravery in both war and peace, and acknowledging the importance of honoring their valor and meritorious achievements.",['resolution'],[],119,United States,lower
ocd-bill/19ab09ba-2ace-42a8-81ce-d69ebffb40b1,HRES 195,"Of inquiry requesting the President of the United States to furnish certain information to the House of Representatives relating to the operations of the Social Security Administration after January 20, 2025, including information on the Department of Government Efficiency's access to the Social Security Administration and to information in the possession of such Administration.",['resolution'],[],119,United States,lower
ocd-bill/57a2b113-eb56-434b-9b7a-623b949f6d09,HRES 205,Denouncing the human trafficking and forced labor of and profiteering from Cuban medical personnel serving in third-world countries.,['resolution'],[],119,United States,lower
ocd-bill/17d7d63f-7e98-4651-84d2-3ca750b76687,HRES 208,Expressing solidarity with the New York State corrections officers striking for better working conditions.,['resolution'],[],119,United States,lower
ocd-bill/4008ae44-6007-4c77-92c3-04f4fa225992,SRES 122,A resolution recognizing the contributions of AmeriCorps members and alumni and AmeriCorps Seniors volunteers in the lives of the people and communities of the United States.,['resolution'],[],119,United States,upper
ocd-bill/120a454e-4f6c-4666-89a1-b65342977709,SRES 121,A resolution establishing the Senate Human Rights Commission.,['resolution'],[],119,United States,upper
ocd-bill/6172d498-34dc-4061-8fed-96c43e864527,SRES 120,"A resolution recognizing Girl Scouts of the United States of America on its 113th birthday and celebrating its founder, Juliette Gordon Low, and the legacy of providing girls with a secure and inclusive space where they can explore their world, build meaningful relationships, and have access to experiences that prepare them for a life of leadership.",['resolution'],[],119,United States,upper
ocd-bill/df692345-059d-4c6f-a795-5a80594564d1,S 808,Stop Russian Market Manipulation Act,['bill'],[],119,United States,upper
ocd-bill/9f6bf883-e810-4ca8-8e86-2ec1ae57bace,S 750,Protecting Rural Seniors’ Access to Care Act,['bill'],[],119,United States,upper
ocd-bill/0d6d67d8-aff9-4929-b5a1-82a0e61863b5,S 742,Haiti Economic Lift Program Extension Act of 2025,['bill'],[],119,United States,upper
ocd-bill/1c6dcac9-3502-46e1-bc4b-ef5bf0aca2ac,SJRES 34,A joint resolution providing for congressional disapproval of the proposed foreign military sale to the Government of Israel of certain defense articles and services.,['resolution'],[],119,United States,upper
ocd-bill/cbc982df-f9e9-4633-ae98-1bee09da6d32,S 916,Stop Shackling and Detaining Pregnant Women Act,['bill'],[],119,United States,upper
ocd-bill/8628e307-d37c-4718-a70f-f936fdbba957,S 919,GENIUS Act of 2025,['bill'],[],119,United States,upper
ocd-bill/1bf7dbe8-f8c0-4aa3-9bea-16a04d2654da,S 913,Return to Sender Act,['bill'],[],119,United States,upper
ocd-bill/0314c9a8-e693-4ce4-a324-157ca5d8cef6,S 915,TLDR Act,['bill'],[],119,United States,upper
ocd-bill/7d07a7a2-5104-4a87-8949-b0aaba30385d,S 924,"Further Additional Continuing Appropriations and Other Extensions Act, 2025",['bill'],[],119,United States,upper
ocd-bill/66d87b23-e772-432e-9b99-d1e89acfee98,S 909,La Paz County Solar Energy and Job Creation Act,['bill'],[],119,United States,upper
ocd-bill/82d92761-8748-43ae-a867-7d31760dd6a9,S 918,Protect Our Probationary Employees Act,['bill'],[],119,United States,upper
ocd-bill/7e1b60f0-fe03-4754-a71d-e3c99676df24,S 917,"A bill to designate the facility of the United States Postal Service located at 620 East Pecan Boulevard in McAllen, Texas, as the ""Agent Raul H. Gonzalez Jr. Memorial Post Office"".",['bill'],[],119,United States,upper
ocd-bill/afd37a17-b324-4e1b-816e-52fe85441b00,S 921,Tyler’s Law,['bill'],[],119,United States,upper
ocd-bill/874f9be6-3326-4c5a-936a-c79201bda74b,S 912,Securing American Agriculture Act,['bill'],[],119,United States,upper
ocd-bill/633018d1-90db-43f3-99e7-a1925d820340,S 914,Protect Veteran Jobs Act,['bill'],[],119,United States,upper
ocd-bill/4cbfce12-c120-49c2-b6bb-bfa1db184a37,S 923,Harriet Tubman Tribute Act of 2025,['bill'],[],119,United States,upper
ocd-bill/8a755fd5-f4cd-4ec5-b9bd-f051716ee1cb,S 911,Chief Herbert D. Proffitt Act of 2025,['bill'],[],119,United States,upper
ocd-bill/22ca12cb-b234-4c3b-a01a-69b591751a64,SJRES 32,A joint resolution providing for congressional disapproval of the proposed foreign military sale to the Government of Israel of certain defense articles and services.,['resolution'],[],119,United States,upper
ocd-bill/a78abead-d44b-43e7-b935-e6fe744d3dd5,SJRES 35,A joint resolution providing for congressional disapproval of the report of enhancement or upgrade of sensitive foreign military related to a sale to the Government of Israel of certain defense articles and services.,['resolution'],[],119,United States,upper
ocd-bill/0ee336c3-e4eb-4770-97fd-0edace484bdb,SJRES 33,A joint resolution providing for congressional disapproval of the proposed foreign military sale to the Government of Israel of certain defense articles and services.,['resolution'],[],119,United States,upper
ocd-bill/72eab10e-65d5-427f-8329-ac773f5ebf1d,HRES 164,"Providing for the consideration of the resolution (H. Res. 23) permitting parental remote voting by proxy, and for other purposes.",['resolution'],[],119,United States,lower
ocd-bill/beb913f4-033a-4fa5-a44a-9d987a40edff,S 376,Expanded Food Safety Investigation Act of 2025,['bill'],[],119,United States,upper
ocd-bill/d63a5659-1dde-40d7-af9e-305792fec147,SRES 91,A resolution acknowledging the third anniversary of Russia's further invasion of Ukraine and expressing support for the people of Ukraine.,['resolution'],[],119,United States,upper
ocd-bill/943677ed-c3a2-4783-9b7d-3c8e616087b3,SRES 119,A resolution memorializing those lost to the COVID-19 pandemic.,['resolution'],[],119,United States,upper
ocd-bill/f67f4a8d-64dc-4ad1-a40f-02b1871e7aaa,SRES 105,A resolution condemning the mass terminations of employees of the Department of Veterans Affairs carried out with no justification or analysis of the impact on veterans and their families.,['resolution'],[],119,United States,upper
ocd-bill/d2cfa068-51c1-4cca-85fd-dfec86cb6c7e,S 213,Main Street Tax Certainty Act,['bill'],[],119,United States,upper
ocd-bill/340d2c1b-bd74-4dcb-923f-0111fcf8bce8,S 150,Combating Cartels on Social Media Act of 2025,['bill'],[],119,United States,upper
ocd-bill/384c86e1-69ad-44d6-92db-3bab751572cb,S 65,Constitutional Concealed Carry Reciprocity Act of 2025,['bill'],[],119,United States,upper
ocd-bill/48d2126e-890c-435c-89db-f69a2d593517,S 475,Alternatives to PAIN Act,['bill'],[],119,United States,upper
ocd-bill/bd9fc5f2-8dd9-4c92-a491-460c6ffdb8a6,S 694,PLASMA Act,['bill'],[],119,United States,upper
ocd-bill/237f3042-8fcb-4815-a10d-b6cd11578011,S 702,Veterans Mental Health and Addiction Therapy Quality of Care Act,['bill'],[],119,United States,upper
ocd-bill/1e595015-9bba-4c7a-8a8f-d68d67365445,S 798,Capital Gains Inflation Relief Act of 2025,['bill'],[],119,United States,upper
ocd-bill/8929b67c-c19a-4970-b7b3-4093a6737cb2,S 797,Family Building FEHB Fairness Act,['bill'],[],119,United States,upper
ocd-bill/be7bb742-7bec-4850-917e-07aa7de1e513,S 811,RTP Full Funding Act of 2025,['bill'],[],119,United States,upper
ocd-bill/32cfea64-a45e-4c6e-a8cd-8dd47c0739b3,S 779,EARLY Minds Act,['bill'],[],119,United States,upper
ocd-bill/03351ad1-e08f-46ae-866d-f82e20c5d8d1,S 754,Farm and Food Cybersecurity Act of 2025,['bill'],[],119,United States,upper
ocd-bill/466b2b47-4f64-4240-ab40-fdb25da66c6e,S 783,Assistance for Rural Water Systems Act of 2025,['bill'],[],119,United States,upper
ocd-bill/f4829a9f-a1b6-47d5-bbf8-63b246bead07,S 709,Conrad State 30 and Physician Access Reauthorization Act,['bill'],[],119,United States,upper
ocd-bill/b15d9a06-eb75-4f03-8442-1d3490ee68ca,S 770,Social Security Expansion Act,['bill'],[],119,United States,upper
ocd-bill/25c5441a-dd22-4263-bbd9-a12c138bb0da,S 66,Transparency in Bureaucratic Communications Act,['bill'],[],119,United States,upper
ocd-bill/17243873-7ba9-4650-9fa1-08620d278d81,S 691,Leveling the Playing Field 2.0 Act,['bill'],[],119,United States,upper
ocd-bill/53853aec-6f46-4c40-9eff-80dccbabb18a,S 725,Enhancing First Response Act,['bill'],[],119,United States,upper
ocd-bill/e3f7b751-9185-461a-8d1a-8aaa4d5834e3,S 800,Precision Brain Health Research Act of 2025,['bill'],[],119,United States,upper
ocd-bill/60e6d84c-13bf-4999-ae71-25c30a5dea45,S 788,HOPE (Humans over Private Equity) for Homeownership Act,['bill'],[],119,United States,upper
ocd-bill/9c687eeb-61b9-41f4-9d54-ed3aab76697c,S 803,Keep Americans Safe Act,['bill'],[],119,United States,upper
ocd-bill/28d49ea8-ee0b-45f9-9d35-3595c8c16373,SRES 95,"A resolution expressing support for the designation of February 23, 2025, to March 1, 2025, as ""National Fentanyl Awareness Week"" and raising awareness of the negative impacts of fentanyl in the United States.",['resolution'],[],119,United States,upper
ocd-bill/8985a391-8140-4b0d-991e-689b2897b151,S 734,"Edward J. Dwight, Jr. Congressional Gold Medal Act of 2025",['bill'],[],119,United States,upper
ocd-bill/6b658360-7d4c-40fd-9e73-64556854ceb1,SRES 80,"A resolution expressing gratitude to the Joint Congressional Committee on Inaugural Ceremonies, the Architect of the Capitol, the Sergeant at Arms, the Secretary of the Senate, law enforcement officers, emergency personnel, and volunteers for their support in making the Presidential Inauguration a success.",['resolution'],[],119,United States,upper
ocd-bill/6d5d4a94-0aaa-4828-bf29-787622b7228c,SRES 55,"A resolution recognizing January 2025 as ""National Mentoring Month"".",['resolution'],[],119,United States,upper
ocd-bill/ac9a0ea5-08b2-4e6f-9644-147e21460cfb,S 271,Stop Illegal Reentry Act,['bill'],[],119,United States,upper
ocd-bill/1ca666db-f0e5-4ec0-8bdb-b60ccd9c80ca,S 668,SAFE STEPS for Veterans Act of 2025,['bill'],[],119,United States,upper
ocd-bill/d0a2ea67-06a0-46cf-9c76-e8b339f933a8,S 726,Ethan's Law,['bill'],[],119,United States,upper
ocd-bill/cd67f91d-bf94-45ba-9f99-25e4ab304ad2,S 741,Protecting Mushroom Farmers Act,['bill'],[],119,United States,upper
ocd-bill/27aa9f38-8a66-4257-b9a6-116f340d8a70,S 707,No Bailout for Sanctuary Cities Act,['bill'],[],119,United States,upper
ocd-bill/fa588469-f6cb-466b-a0d1-bd907dd6b0a8,S 740,Affordable College Textbook Act,['bill'],[],119,United States,upper
ocd-bill/d8d29512-f0e1-4684-837e-01a804aaf9bf,S 168,Energy for America’s Economic Future Act,['bill'],[],119,United States,upper
ocd-bill/58023f3a-896d-4fe6-a884-99f10352e7f2,S 108,Protecting Higher Education from the Chinese Communist Party Act of 2025,['bill'],[],119,United States,upper
ocd-bill/9a9935a8-9cdd-4901-9bec-4946af392889,SRES 66,"A resolution supporting the goals and ideals of ""Career and Technical Education Month"".",['resolution'],[],119,United States,upper
ocd-bill/8af2d991-f5a9-4c43-a3f4-56b2ea2e11cb,S 674,Broadband Grant Tax Treatment Act,['bill'],[],119,United States,upper
ocd-bill/adb966df-18f2-4056-a3f4-be7ab2ef180e,S 685,Stop Dangerous Sanctuary Cities Act,['bill'],[],119,United States,upper
ocd-bill/dcc1ffac-f35e-4597-a325-d855de417675,SRES 53,A resolution recognizing the 80th anniversary of the amphibious landing on the Japanese island of Iwo Jima during World War II and the raisings of the flag of the United States on Mount Suribachi.,['resolution'],[],119,United States,upper
ocd-bill/0a2afc2a-0ff4-46ab-a0c1-71cf2a5ec426,S 198,PLO and PA Terror Payments Accountability Act of 2025,['bill'],[],119,United States,upper
ocd-bill/602b7c1a-f3f0-4536-a29d-c4d7e7d1b5cf,HR 1011,Emergency Conservation Program Improvement Act of 2025,['bill'],[],119,United States,lower
ocd-bill/4b5c1bd9-b81d-4fd1-b1b6-d9fbe7b92724,HR 993,Emerging Innovative Border Technologies Act,['bill'],[],119,United States,lower
ocd-bill/2bb73646-b40d-4d2f-9c21-b3315dcc0159,HR 569,Birthright Citizenship Act of 2025,['bill'],[],119,United States,lower
ocd-bill/4068fde9-f0b0-4e3b-bb3a-6a99c3761c9a,HR 605,Headwaters Protection Act of 2025,['bill'],[],119,United States,lower
ocd-bill/e535db1b-36fd-4ac6-844d-444ae5e4546f,HR 641,Coordination for Soil Carbon Research and Monitoring Act,['bill'],[],119,United States,lower
ocd-bill/23edccb3-117c-4960-bc18-c52822f91b4c,HR 722,Life at Conception Act,['bill'],[],119,United States,lower
ocd-bill/b6a62d0b-9b98-41df-8460-5be9247f1d80,HR 1102,Commission To Study the Potential of a National Museum of Italian American History and Culture Act,['bill'],[],119,United States,lower
ocd-bill/cf72a274-02a5-418d-8739-e3ab79920f94,HR 1107,Protecting Veteran Access to Telemedicine Services Act of 2025,['bill'],[],119,United States,lower
ocd-bill/e8541340-5b0f-4a8c-b502-03011aa7f3aa,HR 956,Aerial Firefighting Enhancement Act of 2025,['bill'],[],119,United States,lower
ocd-bill/85eb9e75-5b59-4f6d-b19f-7228d6f8f35e,HR 1410,9/11 Responder and Survivor Health Funding Correction Act of 2025,['bill'],[],119,United States,lower
ocd-bill/9af72def-17b7-4df6-933f-b343200c24a4,HR 1565,Voluntary Public Access Improvement Act of 2025,['bill'],[],119,United States,lower
ocd-bill/fa444b94-735b-4b7a-87fe-1ad04e8cc1ba,HR 1616,Promoting Access to Diabetic Shoes Act,['bill'],[],119,United States,lower
ocd-bill/28cb520f-3d35-49b9-84bd-b761e51e0559,HR 1233,"To prohibit the obligation or expenditure of Federal funds for disinformation research grants, and for other purposes.",['bill'],[],119,United States,lower
ocd-bill/b826c7a4-2250-4937-9408-fbe67673c51b,HR 1527,Reforming Education for Veterans Act,['bill'],[],119,United States,lower
ocd-bill/83ee1fcd-b1fa-4c04-bb25-6b724711c577,HR 1458,VETS Opportunity Act of 2025,['bill'],[],119,United States,lower
ocd-bill/1ce15567-5395-4974-b481-f1629b25de9e,HR 1457,IDs for an Inclusive Democracy Act,['bill'],[],119,United States,lower
ocd-bill/330f1b79-69aa-40c9-9af9-8c483c62176a,HR 1713,Agricultural Risk Review Act of 2025,['bill'],[],119,United States,lower
ocd-bill/46871bdb-a004-43e7-88b6-5e485e36c892,HR 1814,Restoring the VA Home Loan Program in Perpetuity Act of 2025,['bill'],[],119,United States,lower
ocd-bill/c9fc8394-0c14-4bae-b6e6-b70552abfd66,HR 1803,Fair Access to Co-ops for Veterans Act of 2025,['bill'],[],119,United States,lower
ocd-bill/cbaaecc2-983f-41ce-88ab-18bc8f7d8c43,HR 2051,Coast Guard Sustained Funding Act of 2025,['bill'],[],119,United States,lower
ocd-bill/73c4489a-dbb4-4c79-ac6b-11455d6aac59,HR 2042,Space National Guard Establishment Act of 2025,['bill'],[],119,United States,lower
ocd-bill/8f7fc796-edc3-444b-a9e0-51355fa92ded,HR 1859,Apprenticeship Opportunity Act,['bill'],[],119,United States,lower
ocd-bill/3742b5a4-89f0-41cd-90d5-9704ffdf8826,HR 2060,Traveler’s Gun Rights Act,['bill'],[],119,United States,lower
ocd-bill/a30453e8-4699-4e5e-b1d3-45d210bcf087,HR 2087,SAFE Bet Act of 2025,['bill'],[],119,United States,lower
ocd-bill/132c0690-6975-4d04-9e8b-c8d940f312db,HR 2089,Generating Retirement Ownership through Long-Term Holding,['bill'],[],119,United States,lower
ocd-bill/88b9859a-1462-4f4d-af67-778f875ef387,HR 2061,Information and Communication Technology Strategy Act,['bill'],[],119,United States,lower
ocd-bill/87db8025-e82a-44bd-8804-00ad762885ed,HR 2044,Suicide Prevention Assistance Act,['bill'],[],119,United States,lower
ocd-bill/5ddbb662-8e9d-40b1-85fa-95e55dfbc609,HR 2073,Defending our Dams Act,['bill'],[],119,United States,lower
ocd-bill/cccc0b0b-2417-42b2-9c05-d6736de21ad3,HR 2028,REDI Act,['bill'],[],119,United States,lower
ocd-bill/91f1b87d-f25f-49ae-8059-1c323f6d6172,HR 2075,Protecting Life and Integrity in Research Act of 2025,['bill'],[],119,United States,lower
ocd-bill/d89142c2-34e3-43b7-bd8c-7b65e0e743b6,HR 2072,To require the Federal Energy Regulatory Commission to extend the time period during which licensees are required to commence construction of certain hydropower projects.,['bill'],[],119,United States,lower
ocd-bill/b061de1e-f2ea-4bcf-a62c-e921de6ce489,HR 2064,Home of Your Own Act of 2025,['bill'],[],119,United States,lower
ocd-bill/54399d61-db48-4733-8217-0e3818b73f3d,HR 2058,To amend the Workforce Innovation and Opportunity Act to define the term evidence-based.,['bill'],[],119,United States,lower
ocd-bill/5d383b01-9ee3-4ab3-b0ea-e66a0657ff14,HR 2057,To affirm and protect the First Amendment rights of students and student organizations at public institutions of higher education.,['bill'],[],119,United States,lower
ocd-bill/7e8db7ac-df77-48aa-9a9e-96720afbafae,HR 2054,VOTE Act,['bill'],[],119,United States,lower
ocd-bill/0dbc6532-6fd4-4ef0-a8d2-c6878486e8ba,HR 2074,POWER Act,['bill'],[],119,United States,lower
ocd-bill/9d2e95dd-5d69-4d14-a6c4-a68b9a676695,HR 2078,Bertie’s Respect for National Cemeteries Act,['bill'],[],119,United States,lower
ocd-bill/cbfbd145-00db-4a69-bf2a-1a296d7409e2,HR 2047,Pink Tariffs Study Act,['bill'],[],119,United States,lower
ocd-bill/9b7cb921-6b8a-480f-873b-c48ab09bd1ac,HR 2033,Military Spouse Hiring Act,['bill'],[],119,United States,lower
ocd-bill/1e860c53-4fdb-456a-8208-5886ad7aa4fd,HR 2077,Helping Heroes Act,['bill'],[],119,United States,lower
ocd-bill/ea35f691-0f8f-4512-814f-9a75dd7d0781,HR 2032,BITCOIN Act of 2025,['bill'],[],119,United States,lower
ocd-bill/f8d15c17-41a2-4a16-8d55-6ee871e531a4,HR 2048,Metastatic Breast Cancer Access to Care Act,['bill'],[],119,United States,lower
ocd-bill/c7a24d3a-6d20-4ab2-800c-43e5bc479911,HR 2070,Protect Our Military Families’ 2nd Amendment Rights Act,['bill'],[],119,United States,lower
ocd-bill/1d8d4e08-8363-4ae1-a3a5-0644a85af88d,HR 2071,Save Our Shrimpers Act,['bill'],[],119,United States,lower
ocd-bill/7577f355-86f5-436e-bc9f-97f02a44b23e,HR 2082,WISH Act,['bill'],[],119,United States,lower
ocd-bill/c958b15b-16e9-4574-a719-595551ae4e6b,HR 2053,Stop Giving Big Oil Free Money Act,['bill'],[],119,United States,lower
ocd-bill/433a1718-d7a1-4567-88ba-c14fb0db9900,HR 2080,Crucial Communism Teaching Act,['bill'],[],119,United States,lower
ocd-bill/e2ffde7a-d9f3-4844-b286-59c6f9d7147c,HR 2065,Unmasking Hamas Act of 2025,['bill'],[],119,United States,lower
ocd-bill/2e246aba-bcd0-4895-b732-ef281d84866a,HR 2023,Women's Retirement Protection Act,['bill'],[],119,United States,lower
ocd-bill/e2953c8f-ca7d-40bd-af76-0eaf9b4ec741,HR 2045,"Medicare Dental, Vision, and Hearing Benefit Act of 2025",['bill'],[],119,United States,lower
ocd-bill/421afd1d-e090-48fe-97cd-55f69b23291d,HR 2041,Hidden Fee Disclosure Act of 2025,['bill'],[],119,United States,lower
ocd-bill/504a2cb5-e904-49a4-b6ac-516835a1d334,HR 2083,Veterans First Act of 2025,['bill'],[],119,United States,lower
ocd-bill/7474f3a8-b02c-498d-b511-96c0e3d4980c,HR 2084,Smoke Exposure Research Act of 2025,['bill'],[],119,United States,lower
ocd-bill/d0708930-b14f-412e-b8a3-3f455945c33f,HR 1979,To amend the Congressional Budget and Impoundment Control Act of 1974 to provide for the expedited consideration of certain proposed rescissions of budget authority and for other purposes.,['bill'],[],119,United States,lower
ocd-bill/ce4663eb-ccc0-47e4-b861-041c35d3d8b3,HR 2039,Protecting the Right to Keep and Bear Arms Act of 2025,['bill'],[],119,United States,lower
ocd-bill/cc29b550-70f9-424a-9c2f-5ec731babf4b,HR 2056,District of Columbia Federal Immigration Compliance Act,['bill'],[],119,United States,lower
ocd-bill/f68b7e95-f39d-4b25-8046-d681621434de,HR 2050,Homeland Heroes Pay Act,['bill'],[],119,United States,lower
ocd-bill/2703e57d-abfd-41d1-81d7-86b3bc7f3f07,HR 2025,"To provide for the settlement of the water rights claims of the Navajo Nation, the Hopi Tribe, and the San Juan Southern Paiute Tribe, and for other purposes.",['bill'],[],119,United States,lower
ocd-bill/911f642a-856a-4dda-95bc-317c34ab6a3f,HR 2026,Ending Major Borderland Environmental Ruin from Wildfires (EMBER) Act,['bill'],[],119,United States,lower
ocd-bill/b4bbf0dc-4904-4397-8712-3aa33387c7d6,HR 2062,"To amend the Internal Revenue Code of 1986 to treat membership in a health care sharing ministry as a medical expense, and for other purposes.",['bill'],[],119,United States,lower
ocd-bill/2c20b415-e249-4af9-a386-7f51b560a2b6,HR 2030,Maintaining Cooperative Permitting Act of 2025,['bill'],[],119,United States,lower
ocd-bill/d7940b66-a61a-4b65-9a7b-96c2ac90635c,HR 2035,American Cargo for American Ships Act,['bill'],[],119,United States,lower
ocd-bill/9c01c42f-8bfa-46b6-81a5-8ee1ea00ffa5,HR 2049,Access to Family Building Act,['bill'],[],119,United States,lower
ocd-bill/31aabbf0-32f9-47e5-aa7d-7e1edf69be41,HRES 148,"Expressing the sense of the House of Representatives regarding United Nations General Assembly Resolution 2758 (XXVI) and the harmful conflation of China's ""One China Principle"" and the United States ""One China Policy"".",['resolution'],[],119,United States,lower
ocd-bill/8bbb3679-448d-465b-9879-acccb4f0c3a8,HR 2034,Edith Nourse Rogers STEM Scholarship Opportunity Act,['bill'],[],119,United States,lower
ocd-bill/5cbb5c97-2f6b-4145-b69e-6252fc771876,HR 2068,Veterans Patient Advocacy Act,['bill'],[],119,United States,lower
ocd-bill/84852fc0-0812-4416-86e9-2106dae512d8,HR 2081,Donut Dollies Congressional Gold Medal Act,['bill'],[],119,United States,lower
ocd-bill/982bd7b5-76f0-4da8-92b9-424de8ad5b94,HR 2052,Combating Houthi Threats and Aggression Act,['bill'],[],119,United States,lower
ocd-bill/7f5120a0-654d-4a86-8fb5-5b6d2150c799,HR 2090,Identifying Potential Terrorist at the Border Act of 2025,['bill'],[],119,United States,lower
ocd-bill/0cafb19d-6762-4a5b-9612-cc7ed2a1d077,HR 2038,American Housing and Economic Mobility Act of 2025,['bill'],[],119,United States,lower
ocd-bill/7361d7ab-d173-4390-9e79-0c92f3b0c5f5,HR 2076,Lulu’s Law,['bill'],[],119,United States,lower
ocd-bill/cbfd1a52-28d3-4c3d-b6ff-1b4ef4f09dd2,HR 2091,Chesapeake Bay Conservation Acceleration Act of 2025,['bill'],[],119,United States,lower
ocd-bill/9f8a42e2-8233-4327-8d59-a136f92c89be,HR 2088,"To direct the Secretary of Transportation, in coordination with the Secretary of Housing and Urban Development, to establish a thriving communities grant program.",['bill'],[],119,United States,lower
ocd-bill/6f715f39-5370-42ce-ab73-84e623919a61,HR 2067,PARSA,['bill'],[],119,United States,lower
ocd-bill/6b72fb73-5861-4878-b941-a1b58ad41ddc,HR 2040,NEWBORN Act,['bill'],[],119,United States,lower
ocd-bill/43cc1992-eede-4825-89b4-4b201e3cfed0,HR 2024,Joint Task Force to Counter Illicit Synthetic Narcotics Act of 2025,['bill'],[],119,United States,lower
ocd-bill/64d76d98-7aa2-49b7-9dd3-9fc3841f9be1,HR 2059,"To prohibit the issuance of licenses for the exportation of certain defense articles to the United Arab Emirates, and for other purposes.",['bill'],[],119,United States,lower
ocd-bill/8b23ee37-8eef-4b6a-b931-f59a708e0407,HR 2043,Agricultural Commodities Price Enhancement Act,['bill'],[],119,United States,lower
ocd-bill/dddf6807-5db0-42a4-8df8-7a8815ce07a8,HR 2027,Returning SBA to Main Street Act,['bill'],[],119,United States,lower
ocd-bill/c4d3011c-1892-4a41-b40d-32ea89b2cb9d,HRES 217,"Recognizing Girl Scouts of the United States of America on its 113th birthday and celebrating its founder Juliette Gordon Low and the legacy of providing girls with a secure and inclusive space where they can explore their world, build meaningful relationships, and have access to experiences that prepare them for a life of leadership.",['resolution'],[],119,United States,lower
ocd-bill/91ef4af0-6db1-4a64-866f-6143c77a81e1,S 704,Voluntary Public Access Improvement Act of 2025,['bill'],[],119,United States,upper
ocd-bill/930ef1b4-e7af-43ff-a70f-f4bc85eb93c9,HRES 218,Recognizing and honoring teachers who have earned or maintained National Board Certification.,['resolution'],[],119,United States,lower
ocd-bill/842245e9-ce49-4f73-ae25-67ca5114feae,HCONRES 19,Recognizing the essential work of the League of Oregon Cities.,['resolution'],[],119,United States,lower
ocd-bill/eb3353f6-9462-4b97-b3ab-88a138f22182,HRES 214,Electing Members to certain standing committees of the House of Representatives.,['resolution'],[],119,United States,lower
ocd-bill/7301b1eb-f053-47d1-82ef-723f9cc4c96a,HRES 213,Electing Members to a certain standing committee of the House of Representatives.,['resolution'],[],119,United States,lower
ocd-bill/814d6eb0-444a-47a3-9947-e26211cf3e1b,SCONRES 10,A concurrent resolution recognizing the essential work of the League of Oregon Cities.,['resolution'],[],119,United States,upper
ocd-bill/da536a90-7ffd-4deb-9ce6-0251b75433f3,HRES 220,"Expressing the sense of Congress regarding the need to designate Nigeria a Country of Particular Concern for engaging in and tolerating systematic, ongoing, and egregious violations of religious freedom, and for other purposes.",['resolution'],[],119,United States,lower
ocd-bill/cc2679f2-569e-4f92-8f3e-b5edd5fec095,HRES 219,"Recognizing the contributions of the Charles B. Rangel Graduate Fellowship Program, the Thomas R. Pickering Foreign Affairs Graduate Fellowship Program, the William D. Clarke, Sr. Diplomatic Security Fellowship, and the Donald M. Payne International Development Graduate Fellowship Program to advance America's national security, development, and diplomacy efforts.",['resolution'],[],119,United States,lower
ocd-bill/dbcb005d-9f63-4baf-90a1-4534be5307d6,HRES 215,"Supporting the designation of March 15, 2025, as ""National Osceola Turkey Day"".",['resolution'],[],119,United States,lower
ocd-bill/94a59a10-c291-4064-af5f-8f21f2c6933f,SRES 123,"A resolution recognizing the contributions of the Charles B. Rangel Graduate Fellowship Program, the Thomas R. Pickering Foreign Affairs Graduate Fellowship Program, the William D. Clarke, Sr. Diplomatic Security Fellowship, and the Donald M. Payne International Development Graduate Fellowship Program in advancing the national security and the development and diplomacy efforts of the United States.",['resolution'],[],119,United States,upper
ocd-bill/a952eaef-b29b-41f2-8690-4d16d1f44557,HRES 211,"Providing for consideration of the joint resolution (H.J. Res. 25) providing for congressional disapproval under chapter 8 of title 5, United States Code, of the rule submitted by the Internal Revenue Service relating to ""Gross Proceeds Reporting by Brokers That Regularly Provide Services Effectuating Digital Asset Sales""; providing for consideration of the bill (H.R. 1156) to amend the CARES Act to extend the statute of limitations for fraud under certain unemployment programs, and for other purposes; providing for consideration of the bill (H.R. 1968) making further continuing appropriations and other extensions for the fiscal year ending September 30, 2025, and for other purposes; and for other purposes.",['resolution'],[],119,United States,lower
ocd-bill/1f085217-5652-4f79-b22c-26a739a79685,HRES 212,Returning Senate Joint Resolution 3 to the Senate.,['resolution'],[],119,United States,lower
ocd-bill/ad22e737-c2b8-412f-9b37-ff9bb77992fb,HRES 216,Condemning the Members of Congress constituting the leadership team of the House Republican Conference.,['resolution'],[],119,United States,lower
ocd-bill/bdf6c964-fa35-4d7e-8567-651333711582,S 478,Veterans 2nd Amendment Protection Act of 2025,['bill'],[],119,United States,upper
ocd-bill/4c5491a5-924a-4481-9377-0f8652686c42,S 654,"A bill to amend title 38, United States Code, to establish an external provider scheduling program to assist the Department of Veterans Affairs in scheduling appointments for care and services under the Veterans Community Care Program, and for other purposes.",['bill'],[],119,United States,upper
ocd-bill/ff9a9468-e9ad-4459-801f-ea1d10fbd417,S 935,"A bill to prohibit sales and the issuance of licenses for the export of certain defense articles to the United Arab Emirates, and for other purposes.",['bill'],[],119,United States,upper
ocd-bill/5db7d2c3-ff2c-4379-ac97-269c9078471f,S 958,Tech to Save Moms Act,['bill'],[],119,United States,upper
ocd-bill/723a101b-ef1c-4633-b60b-2d0de9894691,S 959,Tariff Transparency Act of 2025,['bill'],[],119,United States,upper
ocd-bill/fd945655-964c-43e3-8ceb-f9480b813ed2,S 941,A bill to prohibit natural asset companies from entering into any agreement with respect to land in the State of Utah or natural assets on or in land in the State of Utah.,['bill'],[],119,United States,upper
ocd-bill/eef7c210-1602-4fa4-ae29-27dd1b1a1ca3,S 968,Rent Relief Act of 2025,['bill'],[],119,United States,upper
ocd-bill/bd11dcd4-8cc4-4dd4-803b-b831398665ae,S 928,PARSA,['bill'],[],119,United States,upper
ocd-bill/624db5f7-a8b0-4eae-8f38-7e63d7e1aff3,S 802,Pay Our Coast Guard Act,['bill'],[],119,United States,upper
ocd-bill/8fea8af8-c73c-4c7d-8756-b04a8f441405,S 787,VetPAC Act of 2025,['bill'],[],119,United States,upper
ocd-bill/e00e4905-6c4f-40b9-b41a-30d07f13f933,S 930,A bill to amend the Internal Revenue Code of 1986 to exclude from gross income capital gains from the sale of certain farmland property which are reinvested in individual retirement plans.,['bill'],[],119,United States,upper
ocd-bill/75934266-6471-4d36-8139-d4be73bcbac6,S 937,No Student Loans for Campus Criminals Act,['bill'],[],119,United States,upper
ocd-bill/95cb81c5-b430-447d-a092-e9b75c15ad0e,S 947,United States Citrus Protection Act,['bill'],[],119,United States,upper
ocd-bill/328306e0-c758-4dcf-a9c3-7e20cccaabe0,S 932,Give Kids a Chance Act of 2025,['bill'],[],119,United States,upper
ocd-bill/5cae215f-16d2-4574-a5e8-a6dcbb26a1f4,S 971,Chesapeake Bay Conservation Acceleration Act of 2025,['bill'],[],119,United States,upper
ocd-bill/8ef574bc-707a-46e3-a127-f5b3a017a30b,S 948,HOME Investment Partnerships Reauthorization and Improvement Act of 2025,['bill'],[],119,United States,upper
ocd-bill/0cf43292-4d90-41fe-bd16-8c721022e25c,S 960,Justice for Murder Victims Act,['bill'],[],119,United States,upper
ocd-bill/906ed332-0587-48c7-88aa-5a6e2f3a2bf6,S 944,Sarah Debbink Langenkamp Active Transportation Safety Act,['bill'],[],119,United States,upper
ocd-bill/581dbfd1-7ba4-462b-88bc-611434b53934,S 938,Joint Task Force to Counter Illicit Synthetic Narcotics Act of 2025,['bill'],[],119,United States,upper
ocd-bill/40ea35dd-63b1-49af-b257-254dfd5ebae9,S 925,Credit for Caring Act of 2025,['bill'],[],119,United States,upper
ocd-bill/46a27689-892f-483d-8e67-ed2cab5e60bc,S 962,Protecting Children Over Profits Act,['bill'],[],119,United States,upper
ocd-bill/f34fc740-4287-45f5-a55e-d3d43af8aae4,S 950,Save Our Forests Act of 2025,['bill'],[],119,United States,upper
ocd-bill/4281b8e8-aa4c-4208-b226-f6307a4d3ebe,S 933,NASA Transition Authorization Act of 2025,['bill'],[],119,United States,upper
ocd-bill/fa6eb2fb-6c74-49bd-a504-4e82fdb40015,S 954,BITCOIN Act of 2025,['bill'],[],119,United States,upper
ocd-bill/93d51a91-9468-4b02-bfff-70183624d7f1,S 952,A bill to amend the Harmonized Tariff Schedule of the United States to provide a uniform 8-digit subheading number for all whiskies.,['bill'],[],119,United States,upper
ocd-bill/7ba13371-c6d2-4e73-89dd-54d7fe14ee4b,S 934,American Housing and Economic Mobility Act of 2025,['bill'],[],119,United States,upper
ocd-bill/a799aae7-5966-4498-ba64-2fa438005eaa,S 955,NCAA Accountability Act of 2025,['bill'],[],119,United States,upper
ocd-bill/a9ff735d-b380-4dad-a0cb-97e8d1f2e0ee,S 966,Traveler's Gun Rights Act,['bill'],[],119,United States,upper
ocd-bill/5b12e914-c143-41c2-8f7d-60d18e0ec121,S 927,Protecting Pharmacies in Medicaid Act,['bill'],[],119,United States,upper
ocd-bill/3f6deb16-32cf-4a31-be38-da3b4abc4577,S 972,Fairness in Veterans' Education Act of 2025,['bill'],[],119,United States,upper
ocd-bill/9e99b0b5-e9a5-4181-838b-f17c80329d08,S 949,Protect our Parks Act of 2025,['bill'],[],119,United States,upper
ocd-bill/2d60f5d0-9fb1-4c67-a9ad-76de2d005fa6,S 939,"Medicare Dental, Hearing, and Vision Expansion Act of 2025",['bill'],[],119,United States,upper
ocd-bill/fc94ba1d-64a0-4e0a-a60c-0186595c02fa,S 926,"A bill to amend title 38, United States Code, to direct the Secretary of Veterans Affairs to establish a program to furnish to certain veterans items used for the secure storage of firearms, and for other purposes.",['bill'],[],119,United States,upper
ocd-bill/6acc7165-cee9-4ec9-98e3-fd64e8dcc4ab,S 964,Property Improvement and Manufactured Housing Loan Modernization Act of 2025,['bill'],[],119,United States,upper
ocd-bill/5649e1e7-db6e-419a-8d6b-eece2c00864f,S 969,Stop Predatory Investing Act,['bill'],[],119,United States,upper
ocd-bill/1d4ee15e-653d-4f54-be7f-d4f8f76119f7,S 942,REDI Act,['bill'],[],119,United States,upper
ocd-bill/436961f7-e7c4-43f6-83bc-fcf2a4668217,S 943,PRICE Act,['bill'],[],119,United States,upper
ocd-bill/8c8c82c0-70dd-4c77-a242-0bd302ea3479,S 967,Downpayment Toward Equity Act of 2025,['bill'],[],119,United States,upper
ocd-bill/a038338b-31f6-4634-a210-dcbaeb85e9be,S 931,COMPLETE Care Act,['bill'],[],119,United States,upper
ocd-bill/57c2bf8c-9432-4b65-ac1d-8fe7d5b48f1d,S 956,Customs Facilitation Act of 2025,['bill'],[],119,United States,upper
ocd-bill/7eb16352-ff35-4c49-9d52-405bd7d8b3c6,S 957,Honor Our Living Donors Act,['bill'],[],119,United States,upper
ocd-bill/238fe9cc-1eeb-4a6b-bfcd-593ee3c6f488,S 953,Northeastern Arizona Indian Water Rights Settlement Act of 2025,['bill'],[],119,United States,upper
ocd-bill/ecfa1045-1b30-4212-ae55-371d3d1f99e5,S 965,A bill to strengthen the United States Interagency Council on Homelessness.,['bill'],[],119,United States,upper
ocd-bill/acea2ef7-063e-4cd2-810a-ef0d5e8ba4d9,S 940,Transparency in Banking Act,['bill'],[],119,United States,upper
ocd-bill/cbfa61ab-4997-4d92-a49e-9bff8afc757f,S 970,Helping More Families Save Act,['bill'],[],119,United States,upper
ocd-bill/826faad4-28ed-4311-a0b6-c5803cac90f1,S 946,MATE Improvement Act,['bill'],[],119,United States,upper
ocd-bill/744dad2a-fb9b-4943-a7b3-92c463baa62c,S 929,GATE Act of 2025,['bill'],[],119,United States,upper
ocd-bill/9b11eab1-b729-480d-9a4b-2b13f63096df,S 945,Smith River National Recreation Area Expansion Act,['bill'],[],119,United States,upper
ocd-bill/835d8a64-e6e9-47d5-90d9-fe79c7e4c5b9,S 961,Protect Our Military Families’ 2nd Amendment Rights Act,['bill'],[],119,United States,upper
ocd-bill/450c4082-ae7d-4943-ab76-ed1efd959ce6,SJRES 37,A joint resolution terminating the national emergency declared to impose duties on articles imported from Canada.,['resolution'],[],119,United States,upper
ocd-bill/4f6457a6-bdbb-4695-964a-a5dabd3a255d,SJRES 36,"A joint resolution providing for congressional disapproval under chapter 8 of title 5, United States Code, of the rule submitted by the Bureau of Consumer Financial Protection relating to ""Prohibition on Creditors and Consumer Reporting Agencies Concerning Medical Information (Regulation V)"".",['resolution'],[],119,United States,upper
ocd-bill/6b0648ed-ea6e-4aab-b429-83cd3f7d35c5,HR 1232,National Right-to-Work Act,['bill'],[],119,United States,lower
ocd-bill/9ecb2b3d-2e19-4a78-895e-8e521e55e112,S 649,Guard and Reserve GI Bill Parity Act of 2025,['bill'],[],119,United States,upper
ocd-bill/0a527b5a-3cee-4a98-a5b6-f7eafb1e00df,S 678,LIVE Beneficiaries Act,['bill'],[],119,United States,upper
ocd-bill/0aacfce6-8b4b-49b9-a34b-72a245c933c5,S 677,Border Airport Fairness Act of 2025,['bill'],[],119,United States,upper
ocd-bill/367257bf-ffa6-46ad-8f33-8426fe2596d5,S 676,Stop Funding Religiously Oppressive Regimes Act of 2025,['bill'],[],119,United States,upper
ocd-bill/f216b8b9-3126-4685-a4d2-1f792c620464,S 660,Bus Rolling Stock Modernization Act of 2025,['bill'],[],119,United States,upper
ocd-bill/974041cf-12c9-4a1d-8eab-7952dd511120,S 665,Fatal Overdose Reduction Act of 2025,['bill'],[],119,United States,upper
ocd-bill/42016737-6bca-413d-8f2b-a5730f0e2780,S 661,Postal Processing Protection Act,['bill'],[],119,United States,upper
ocd-bill/2f46f56a-ea4e-4523-ae82-5c06bf5ad972,S 672,Protect America’s Innovation and Economic Security from CCP Act of 2025,['bill'],[],119,United States,upper
ocd-bill/ce2ac899-0c38-48dc-9204-36810be25d44,S 667,Safer Shrimp Imports Act,['bill'],[],119,United States,upper
ocd-bill/926ed310-91d8-4a77-bcfa-cd70aaf0fde0,S 653,"A bill to amend the Internal Revenue Code of 1986 to treat membership in a health care sharing ministry as a medical expense, and for other purposes.",['bill'],[],119,United States,upper
ocd-bill/14e1446c-9aa5-421f-9806-48fa482df8cb,S 656,Fair Credit for American Hostages Act of 2025,['bill'],[],119,United States,upper
ocd-bill/7a61b145-6300-45c3-b61e-54ba3bf70e15,HR 124,Byron Nash Renal Medullary Carcinoma Awareness Act of 2023,['bill'],[],119,United States,lower
ocd-bill/f25efa3e-94a1-4624-bf63-68fc2539e653,HR 1164,Fair Disaster Assistance Act of 2025,['bill'],[],119,United States,lower
ocd-bill/19432ab9-16ac-478c-b910-1714c16d90f0,HR 1159,Honoring Our Fallen TSA Officers Act,['bill'],[],119,United States,lower
ocd-bill/5edf1397-918c-46cc-9d70-8c2dc37da9ac,HR 1175,Blind Americans Return to Work Act of 2025,['bill'],[],119,United States,lower
ocd-bill/d393fbba-474d-42f5-886e-eb0e898c4a9a,HR 1320,To ensure that the provision of portable benefits to an individual is not considered in determining whether such individual is an employee of a person.,['bill'],[],119,United States,lower
ocd-bill/c8bed5c8-52bb-4742-9b1a-e542c2aad24e,HR 1392,Improving Mental Healthcare in the Re-Entry System Act of 2025,['bill'],[],119,United States,lower
ocd-bill/24f528c9-1843-42e2-a119-3f9d659af1d1,HR 1389,Marriage Equality for Disabled Adults Act,['bill'],[],119,United States,lower
ocd-bill/3d1627b7-4214-4bd2-981b-5b53cf7dfa8d,S 28,Informing Consumers about Smart Devices Act,['bill'],[],119,United States,upper
ocd-bill/b051f104-6992-4813-b521-4e4efd7877bc,S 389,Setting Consumer Standards for Lithium-Ion Batteries Act,['bill'],[],119,United States,upper
ocd-bill/53dbb0e9-97c0-4efe-a72a-1fdd3ca6f8af,S 759,Modernizing Access to Our Public Oceans Act,['bill'],[],119,United States,upper
ocd-bill/3e4aaa49-8894-4a4c-bd90-09e3f5f22dcb,S 763,Telehealth Expansion Act of 2025,['bill'],[],119,United States,upper
ocd-bill/f0c8e52c-9ec5-4d31-a59d-c518b96f4214,S 714,Critical Mineral Consistency Act of 2025,['bill'],[],119,United States,upper
ocd-bill/6a22b553-5d29-4fc1-87ad-6af643e6fb8a,S 841,Romance Scam Prevention Act,['bill'],[],119,United States,upper
ocd-bill/fae51e84-a317-4497-9178-8e36faf3cfe3,HR 1487,Agricultural and Forestry Hauling Efficiency Act,['bill'],[],119,United States,lower
ocd-bill/1b045cc6-3a81-4a46-a8d1-b30d64799a46,S 1006,Federal Workforce Freedom Act,['bill'],[],119,United States,upper
ocd-bill/1f544d42-86c4-4aac-9518-a936942d01c6,S 987,Protecting Life and Integrity in Research Act of 2025,['bill'],[],119,United States,upper
ocd-bill/2c85fd72-30e9-4ce4-afe4-e81d90a67167,S 1005,Southern Nevada Economic Development and Conservation Act,['bill'],[],119,United States,upper
ocd-bill/17682b09-0b63-4038-a011-c9a3222a2fa4,S 974,Taiwan Representative Office Act,['bill'],[],119,United States,upper
ocd-bill/e410f0db-88c1-44a1-b9fd-30870b6e159d,S 997,Rights for the TSA Workforce Act,['bill'],[],119,United States,upper
ocd-bill/22eac94e-d855-46c5-937f-b0327ddaf7ac,S 996,Preserving Choice in Vehicle Purchases Act of 2025,['bill'],[],119,United States,upper
ocd-bill/3f8a69fb-ef92-451f-857a-4cae2938d22e,S 984,Fair Access to Agriculture Disaster Programs Act,['bill'],[],119,United States,upper
ocd-bill/6523716f-51f6-4f4a-b1aa-383b12adb78b,S 1008,Cape Fox Land Entitlement Finalization Act of 2025,['bill'],[],119,United States,upper
ocd-bill/a4e320bc-7ab7-4b72-ab1d-19e821f7552a,S 986,Safe Schools Improvement Act,['bill'],[],119,United States,upper
ocd-bill/b0a65738-c7c9-4f55-b14e-bbd13c74ab59,S 973,LIBERATE Act,['bill'],[],119,United States,upper
ocd-bill/5846d972-3a69-4650-9278-26458cb83250,S 998,Medical Supply Chain Resiliency Act,['bill'],[],119,United States,upper
ocd-bill/35267a65-06bc-4b69-9428-11ca872889cb,S 999,Public Health Improvement Act,['bill'],[],119,United States,upper
ocd-bill/894dbad3-4b9e-4cd4-a56c-b2b51fc2cc7b,S 1002,Deliver for Democracy Act,['bill'],[],119,United States,upper
ocd-bill/bbb8bacd-d641-4e21-899b-a4a51edfe229,S 983,Hearing Device Coverage Clarification Act,['bill'],[],119,United States,upper
ocd-bill/31e6260d-a301-4205-91a9-01e19993c507,S 1000,A bill to establish an Ambassador-at-Large for Arctic Affairs.,['bill'],[],119,United States,upper
ocd-bill/86950afe-5fd8-46af-8882-0b95d5d14033,S 991,A bill to amend the Small Business Act to eliminate certain requirements relating to the award of construction subcontracts within the county or State of performance.,['bill'],[],119,United States,upper
ocd-bill/ef9acc21-626d-4bdd-ba05-ae9ba73caf4e,S 994,PROTECT Students Act of 2025,['bill'],[],119,United States,upper
ocd-bill/d8920f60-c8bc-42a1-8853-cace133a9a36,S 995,Choice in Automobile Retail Sales Act of 2025,['bill'],[],119,United States,upper
ocd-bill/9448a581-89a8-4aec-a31e-2a7738af9ce0,S 989,Precious Metals Parity Act,['bill'],[],119,United States,upper
ocd-bill/7668c6fc-a3ea-4147-a637-6be8eaba379e,S 1009,Baltic Security Initiative Act,['bill'],[],119,United States,upper
ocd-bill/c2f01f6e-345b-4b4c-92e4-03ae937463a7,S 1001,Crucial Communism Teaching Act,['bill'],[],119,United States,upper
ocd-bill/7ce0b073-5843-4cb5-ae88-bffd7488662b,S 982,No Tax Dollars for College Encampments Act of 2025,['bill'],[],119,United States,upper
ocd-bill/24c863b7-29cd-476e-a8ba-4d884d3d3f0d,S 992,NEWBORN Act,['bill'],[],119,United States,upper
ocd-bill/c9bcd38b-4353-4531-bd11-4c8bd7766107,S 1004,Pregnant and Postpartum Women Treatment Reauthorization Act,['bill'],[],119,United States,upper
ocd-bill/959011f4-8451-4af8-b778-833262553ed6,S 1007,9–8–8 Lifeline Cybersecurity Responsibility Act,['bill'],[],119,United States,upper
ocd-bill/a4c3b904-a22f-47fc-9ab8-a733c5076120,S 985,PROTECT USA Act of 2025,['bill'],[],119,United States,upper
ocd-bill/a3a1fd54-5182-4fb4-a212-c29835a81b0e,S 1010,CAMPUS Act,['bill'],[],119,United States,upper
ocd-bill/decf6b3b-1b3d-4cf7-b5fc-c6817ea0d1d7,S 993,School Lunch Debt Cancellation Act of 2025,['bill'],[],119,United States,upper
ocd-bill/443cd742-a493-40b9-ad16-80a19ccd18d2,S 1003,Lulu’s Law,['bill'],[],119,United States,upper
ocd-bill/fd90e05f-fa96-43f9-bb06-030a93053394,S 988,Women's Retirement Protection Act,['bill'],[],119,United States,upper
ocd-bill/6edb4cc0-7ef7-4821-a793-e01c79ad4fcf,S 978,HELPER Act of 2025,['bill'],[],119,United States,upper
ocd-bill/67eb14f3-5216-4da5-9e7a-487ca3152f7c,S 975,Expanding Medical Education Act,['bill'],[],119,United States,upper
ocd-bill/1de96aab-6207-40b3-80cb-9636aea0301c,S 1011,Belt and Road Oversight Act,['bill'],[],119,United States,upper
ocd-bill/c21e6546-a3a5-4cd6-9b9d-d2255f65a889,S 1012,SOIL Act of 2025,['bill'],[],119,United States,upper
ocd-bill/f077ea76-2c78-4d5e-8242-5e1568111e95,S 976,Insurance Fraud Accountability Act,['bill'],[],119,United States,upper
ocd-bill/4b522380-c9be-4f6d-af5b-953b54a80399,S 981,Foreign Agents Transparency Act,['bill'],[],119,United States,upper
ocd-bill/117d42d1-5cca-4d04-b643-056e4352a4a1,S 977,End Taxpayer Funding of Gender Experimentation Act of 2025,['bill'],[],119,United States,upper
ocd-bill/15bd0624-776f-4c18-a48c-28ab79834d37,S 980,Alleviating Spaceport Traffic by Rewarding Operators Act of 2025,['bill'],[],119,United States,upper
ocd-bill/ef9938e6-495b-42fe-804f-6ca83a528552,S 979,"A bill to promote defense innovation, and for other purposes.",['bill'],[],119,United States,upper
ocd-bill/caeef451-ce85-473c-8b4f-d38d40d01fdb,HRES 127,"Of inquiry requesting the President and directing the Secretary of the Treasury to transmit, respectively, certain documents to the House of Representatives relating to the Department of Government Efficiency's access to the Treasury payment systems and confidential taxpayer information.",['resolution'],[],119,United States,lower
ocd-bill/b04519fb-474d-4f13-86dc-e9c331edae35,S 1022,Strengthening Communities of Recovery Act,['bill'],[],119,United States,upper
ocd-bill/6551c7d4-6189-46e0-a49f-c7ce0f72943e,S 1054,United States African Development Foundation Dissolution Act,['bill'],[],119,United States,upper
ocd-bill/553be4e2-fa8a-4aed-bf6b-ca69d3a51c7f,S 682,Independent and Objective Oversight of Ukrainian Assistance Act,['bill'],[],119,United States,upper
ocd-bill/13eacb20-6635-45df-acbb-3f5a53122d0a,S 671,Inspector General for Ukraine Act,['bill'],[],119,United States,upper
ocd-bill/c0743152-9629-4cc0-b312-4fe2033cca4e,S 990,Freedom to Haul Act of 2025,['bill'],[],119,United States,upper
ocd-bill/e70eaa2e-2fee-494c-8804-4658c09f78ba,S 1027,Military Spouse Hiring Act,['bill'],[],119,United States,upper
ocd-bill/ffad5850-ca77-4a1d-a522-0d7cdb48bf12,S 1013,CAPE Canaveral Act,['bill'],[],119,United States,upper
ocd-bill/a4291d5c-4226-483a-b721-3a1b9b06798a,S 1034,Southwestern Power Administration Fund Establishment Act,['bill'],[],119,United States,upper
ocd-bill/8a27f8a1-f8d8-4851-b6c0-305f9fc2eb85,S 1062,Suicide Prevention Act,['bill'],[],119,United States,upper
ocd-bill/591cf743-c61b-49d7-a6ee-3b59137bf760,S 1021,Dairy Nutrition Incentive Program Act of 2025,['bill'],[],119,United States,upper
ocd-bill/b47fecbe-a246-4661-a72a-011193123d22,S 1024,Seizure Awareness and Preparedness Act,['bill'],[],119,United States,upper
ocd-bill/dd659c3b-1076-4415-9ada-dfe01494ecb6,S 1030,Stop Giving Big Oil Free Money Act,['bill'],[],119,United States,upper
ocd-bill/2ff6461e-e319-4441-90eb-52496c35c04c,S 1025,FCC Legal Enforcement Act,['bill'],[],119,United States,upper
ocd-bill/7228ce05-316d-4a2a-b71c-742773acf7d0,S 1067,Concrete and Asphalt Innovation Act of 2025,['bill'],[],119,United States,upper
ocd-bill/9925859b-a674-408d-8dc4-fa87a780c2e3,S 1057,A bill to modify the requirements for transfers of United States defense articles and defense services among the Baltic states.,['bill'],[],119,United States,upper
ocd-bill/fd550067-2a1f-4e55-a9d4-1c35e089e7b0,S 1041,Affordable Prescriptions for Patients Act,['bill'],[],119,United States,upper
ocd-bill/5ef61246-f6cc-4029-a5c9-c67c22bc4f5d,S 1040,Drug Competition Enhancement Act,['bill'],[],119,United States,upper
ocd-bill/d148057c-217c-44ce-b6ad-ed99fcdfebbe,S 1047,Assisting Small Businesses Not Fraudsters Act,['bill'],[],119,United States,upper
ocd-bill/678c85d1-4d93-44da-a487-49a7d87eb32a,S 1035,"A bill to prohibit certain exports of natural gas produced or refined in the United States, and for other purposes.",['bill'],[],119,United States,upper
ocd-bill/109fe372-9f32-4a3e-b92c-f2b774b67b79,S 1018,Cybersecurity for Rural Water Systems Act,['bill'],[],119,United States,upper
ocd-bill/09ac09d9-d956-4475-b374-2cb4b2775cf1,S 1069,RECLAIM Act,['bill'],[],119,United States,upper
ocd-bill/43f9757d-788c-4ca4-a426-0494c06a340b,S 1053,FIGHT China Act of 2025,['bill'],[],119,United States,upper
ocd-bill/82af6da6-f56c-4bce-8b40-1dc6a418b8e9,S 1046,No Tax On Overtime Act of 2025,['bill'],[],119,United States,upper
ocd-bill/aed20111-b95e-430d-aa98-a8223171d092,S 1014,Maintaining Cooperative Permitting Act of 2025,['bill'],[],119,United States,upper
ocd-bill/6047eb8d-73d3-4357-af6e-a4708a291ea4,S 1068,Putting Veterans First Act of 2025,['bill'],[],119,United States,upper
ocd-bill/224a10a8-e260-4f54-9329-6357de3ddf2f,S 1050,Forest Conservation Easement Program Act of 2025,['bill'],[],119,United States,upper
ocd-bill/0344ba68-c54e-4483-8df2-aa56142e5ac0,S 1016,Vicksburg National Military Park Boundary Modification Act,['bill'],[],119,United States,upper
ocd-bill/06393f29-6bd7-457e-9d52-6060cd2c2d0f,S 1029,Snow Survey Northeast Expansion Act of 2025,['bill'],[],119,United States,upper
ocd-bill/5b46b7f2-722f-466b-aa3a-bb88f8e71996,S 1055,Indian Health Service Emergency Claims Parity Act,['bill'],[],119,United States,upper
ocd-bill/45e90251-e577-4600-91be-1d6fb0834721,S 1058,Preserving Patient Access to Home Infusion Act,['bill'],[],119,United States,upper
ocd-bill/aac8e446-e9e7-455a-8baa-1d7645d2926b,S 1023,Social Security Overpayment Relief Act,['bill'],[],119,United States,upper
ocd-bill/0c56d9b6-5a2e-4315-8d26-7419fbc62dea,S 1032,Major Richard Star Act,['bill'],[],119,United States,upper
ocd-bill/b18b8efa-555f-4ba2-bce3-3f3553c240c3,S 1051,Historic Greenwood District—Black Wall Street National Monument Establishment Act,['bill'],[],119,United States,upper
ocd-bill/18c5114a-1462-4f7b-aa15-5c2b9276d86a,S 1017,Safe and Secure Transportation of American Energy Act,['bill'],[],119,United States,upper
ocd-bill/c946a32b-6214-4b5a-ba0f-65c35c241386,S 1066,Highway Funding Flexibility Act of 2025,['bill'],[],119,United States,upper
ocd-bill/3b327e9c-051d-4ecc-8748-515b36d1c925,S 1026,Tar Sands Tax Loophole Elimination Act,['bill'],[],119,United States,upper
ocd-bill/37ef58ea-541c-4db0-b0f8-0281be0c394a,S 1059,One Agency Act,['bill'],[],119,United States,upper
ocd-bill/81c16972-c3f2-4b93-b873-7a6d422cf7e2,S 1060,AMERICA Act,['bill'],[],119,United States,upper
ocd-bill/4119f4f9-1c29-4843-a9b6-fbb182fef5db,S 1020,A bill to require the Federal Energy Regulatory Commission to extend the time period during which licensees are required to commence construction of certain hydropower projects.,['bill'],[],119,United States,upper
ocd-bill/448b1c41-2ebf-4ce4-9566-3769aeb8e563,S 1052,"A bill to amend the John D. Dingell, Jr. Conservation, Management, and Recreation Act to reauthorize the National Volcano Early Warning and Monitoring System, and for other purposes.",['bill'],[],119,United States,upper
ocd-bill/a94a131d-b762-4ed4-a145-44a72b97eedd,S 1019,Rural Water System Disaster Preparedness and Assistance Act,['bill'],[],119,United States,upper
ocd-bill/3731098f-2774-4d87-ac55-cb2f2d3347b7,S 1037,PARC Act,['bill'],[],119,United States,upper
ocd-bill/02035d74-fcf7-4cf5-a67f-db164fcf2c59,S 1031,ROCR Value Based Program Act,['bill'],[],119,United States,upper
ocd-bill/e802b3ca-b207-45e8-a7f9-3a55a760b45e,S 1063,Safe Routes Act of 2025,['bill'],[],119,United States,upper
ocd-bill/2777d526-9237-4a28-aa2c-adec1a2660b7,S 1049,Preventing Child Trafficking Act of 2025,['bill'],[],119,United States,upper
ocd-bill/af4d6b66-0ec5-4140-a32a-548910dad545,S 1042,Smoke Exposure Research Act,['bill'],[],119,United States,upper
ocd-bill/4509470e-9fa0-468e-a0d8-ca9fff7f2e6a,S 1044,Physicians for Underserved Areas Act,['bill'],[],119,United States,upper
ocd-bill/9a6e75c2-7691-4eb4-b670-b1a0da64d7c2,S 1038,TRACE Act,['bill'],[],119,United States,upper
ocd-bill/c2f77feb-85ce-4419-a744-f604f0b7bb3b,S 1061,Forest Service Accountability Act,['bill'],[],119,United States,upper
ocd-bill/1b9225c6-f066-4150-a5bd-570ef90ae7fb,S 1036,Improving Access to Addiction Medicine Providers Act,['bill'],[],119,United States,upper
ocd-bill/ddc23838-e919-40bb-8371-a4bad265c4ca,S 1064,FOCA Act,['bill'],[],119,United States,upper
ocd-bill/8bad44f7-e1d2-4f5b-883b-e360eddc7652,S 1039,"A bill to amend the definitions of firearm silencer and firearm muffler in section 921 of title 18, United States Code, and for other purposes.",['bill'],[],119,United States,upper
ocd-bill/a76a1a50-8eb9-421d-a800-114e6dfd353d,S 1048,Connecting Small Businesses with Career and Technical Education Graduates Act,['bill'],[],119,United States,upper
ocd-bill/ff474410-2c6c-4de9-91d9-056ea0824441,S 1033,SAFE Bet Act,['bill'],[],119,United States,upper
ocd-bill/3951f590-4510-4d6b-9280-e3bfb5f29759,S 1028,Honey Integrity Act,['bill'],[],119,United States,upper
ocd-bill/3967e178-785c-4b2a-95da-45bae2ff4f6b,S 1043,A bill to amend the Internal Revenue Code of 1986 to extend the energy credit for qualified fuel cell property.,['bill'],[],119,United States,upper
ocd-bill/18bd3bbf-b997-4e93-9c4a-e89b19e4a182,S 1015,"A bill to extend the National Flood Insurance Program through December 31, 2026.",['bill'],[],119,United States,upper
ocd-bill/7d5f6f06-4eca-4b3a-96a4-75a88b1fa168,S 647,Regional Leadership in Wildland Fire Research Act of 2025,['bill'],[],119,United States,upper
ocd-bill/ec023df6-7296-40e1-b421-8e98d1c85789,S 644,Modernizing Retrospective Regulatory Review Act,['bill'],[],119,United States,upper
ocd-bill/6c9167ee-084d-4392-9607-ddd1ac8be97d,HR 2094,HELPER Act of 2025,['bill'],[],119,United States,lower
ocd-bill/1475ff0a-51ec-4941-a916-d20ee8f7700e,HR 2145,Recycling Infrastructure and Accessibility Act of 2025,['bill'],[],119,United States,lower
ocd-bill/9f892979-466a-4f5b-a1af-f49468ce9d17,SRES 128,"A resolution recognizing March 14, 2025, as ""Black Midwives Day"" and the longstanding and invaluable contributions of Black midwives to maternal and infant health in the United States.",['resolution'],[],119,United States,upper
ocd-bill/38f6918a-19b8-4da5-94b1-4f5b3be19809,HR 2121,Commission to Study the Creation of a National Museum of Irish American History,['bill'],[],119,United States,lower
ocd-bill/ecac5a21-1d1a-4c28-b7ab-47a4a7a9be01,HR 2142,Social Security Overpayment Relief Act,['bill'],[],119,United States,lower
ocd-bill/c2b68361-7abd-48aa-8fd7-9d8691e701d9,HR 2151,Seizure Awareness and Preparedness Act,['bill'],[],119,United States,lower
ocd-bill/e3516def-6f56-47e1-85fb-1887c046e4c3,HRES 226,Commemorating the centennial of Delta Air Lines.,['resolution'],[],119,United States,lower
ocd-bill/ccd33761-5e9b-4d44-9e1f-3de0ee931ab8,HR 2160,Maintaining and Enhancing Hydroelectricity and River Restoration Act,['bill'],[],119,United States,lower
ocd-bill/9000e152-c17d-429a-a32f-bbc5864bcd0a,HR 2117,Crop Insurance for Future Farmers Act,['bill'],[],119,United States,lower
ocd-bill/f3f4de42-6e1b-4906-93f7-2c1a14af548d,SRES 127,A resolution honoring the 108th anniversary of Selfridge Air National Guard Base and the contributions of Selfridge Air National Guard Base to the Armed Forces and national security of the United States.,['resolution'],[],119,United States,upper
ocd-bill/4b3d82e6-11f4-42f0-93ab-202c13d5a643,HR 2165,Choice in Automobile Retail Sales Act of 2025,['bill'],[],119,United States,lower
ocd-bill/6f8a65b1-1ae4-444c-979c-9e8b882a7506,HR 2135,Caza Ranches LLC and Department of Homeland Security Land Exchange Act of 2025,['bill'],[],119,United States,lower
ocd-bill/adc9be14-f2a3-476c-ae36-3a656396b607,HR 2136,SHRED Act of 2025,['bill'],[],119,United States,lower
ocd-bill/5872db65-4555-4316-a45f-7023ff913fbe,HR 2156,Fair Access to Agriculture Disaster Programs Act,['bill'],[],119,United States,lower
ocd-bill/371107f2-2bc1-461b-be69-ea8db4a3b9c4,HR 1897,ESA Amendments Act of 2025,['bill'],[],119,United States,lower
ocd-bill/241a7536-3cce-4abe-a3ad-317db7f48a11,S 1081,Comprehensive NASA Reporting Act of 2025,['bill'],[],119,United States,upper
ocd-bill/8910f522-5db6-4a68-8bc0-9d75dda1cee2,SRES 131,"A resolution designating the third week of March 2025 as ""National CACFP Week"".",['resolution'],[],119,United States,upper
ocd-bill/b2ef0d07-00f7-47fb-aeae-f7162dbe1acd,S 1080,Dental Loan Repayment Assistance Act of 2025,['bill'],[],119,United States,upper
ocd-bill/85bc623a-2e28-4a06-8b32-fbd11050de9b,S 1077,"District of Columbia Local Funds Act, 2025",['bill'],[],119,United States,upper
ocd-bill/ecd04bb2-98cd-4f38-bfd2-94a7987ec274,HR 1790,Golden Age Act of 2025,['bill'],[],119,United States,lower
ocd-bill/5d8adc93-0fa9-4129-bf09-e643225bd1f5,HR 2139,Strengthening State and Local Efforts to Counter Transnational Repression Act,['bill'],[],119,United States,lower
ocd-bill/7abe8263-05e6-4321-a9e0-23bd68efc66b,HR 2168,BO’s Act,['bill'],[],119,United States,lower
ocd-bill/9777c19f-068d-460d-a111-eb342a23251c,HR 2141,"To designate the facility of the United States Postal Service located at 409 South Hicks Street in Lawrenceville, Virginia, as the ""James Solomon Russell Post Office"".",['bill'],[],119,United States,lower
ocd-bill/9298a4c8-f043-46ce-8dd9-bfa2537b1af6,HR 2144,No Fuel Credits for Batteries Act of 2025,['bill'],[],119,United States,lower
ocd-bill/22f36cf9-f02b-4924-8281-18fab042a71c,SRES 130,A resolution honoring the life and legacy of Dr. Mary Edwards Walker.,['resolution'],[],119,United States,upper
ocd-bill/2bb8dd6b-e742-4e47-bccd-90635654db90,S 1074,Agricultural Access to Substance Use Disorder Treatment and Mental Health Care Act of 2025,['bill'],[],119,United States,upper
ocd-bill/6dd38eaa-1c12-49dc-9eb5-c282d77ee4e8,SRES 129,A resolution recognizing and honoring teachers who have earned or maintained National Board Certification.,['resolution'],[],119,United States,upper
ocd-bill/1699a08a-e330-412e-bfd7-c95900df33ef,HR 2114,Block Organ Transplant Purchases from China Act of 2025,['bill'],[],119,United States,lower
ocd-bill/271c5064-4cb0-46ac-a05f-e489c6dd2b19,HR 51,"Washington, D.C. Admission Act",['bill'],[],119,United States,lower
ocd-bill/1e0cfa9d-94b7-4d6d-a26c-9337a9818c12,HRES 225,"Supporting the designation of March as ""Autoimmune Awareness Month"" and supporting efforts to increase awareness of autoimmune diseases and increase funding for autoimmune disease research.",['resolution'],[],119,United States,lower
ocd-bill/e81f13e6-cb47-4bca-b692-89ca83a3e3d3,HR 2109,Cybersecurity for Rural Water Systems Act,['bill'],[],119,United States,lower
ocd-bill/01d813d0-93b4-4aca-be08-197a7d0a69b5,HR 2095,Postal Police Reform Act of 2025,['bill'],[],119,United States,lower
ocd-bill/1c0eb55e-e55f-4359-a98e-2aac8ce74004,S 1085,MedShield Act of 2025,['bill'],[],119,United States,upper
ocd-bill/5a5193c5-23e3-4cd0-9191-b69149257f54,S 1084,North Dakota Trust Lands Completion Act of 2025,['bill'],[],119,United States,upper
ocd-bill/9f671a6b-df2d-4d66-befa-e89c09e9bbe6,S 1086,Stop CCP VISAs Act of 2025,['bill'],[],119,United States,upper
ocd-bill/d0fdfe44-bbe9-4e99-b056-725f7afcf817,HR 1820,FLASH Act,['bill'],[],119,United States,lower
ocd-bill/525c43ac-f2f9-4167-949c-a8490f5b3fa4,HR 2119,St. Patrick’s Day Act,['bill'],[],119,United States,lower
ocd-bill/faa308e6-644f-4c35-8e26-bbc88c8af0e8,HR 2155,Saving Privacy Act,['bill'],[],119,United States,lower
ocd-bill/f7012f82-b189-49e5-a97a-fb2d70fd9a2c,HR 2154,American Cybersecurity Literacy Act,['bill'],[],119,United States,lower
ocd-bill/793d7881-c568-4627-8927-2370d88bde77,HR 2106,Expanding Medical Education Act,['bill'],[],119,United States,lower
ocd-bill/def6a9e7-224a-4a7d-90a7-e0f4b47561c5,HR 2046,"To require congressional approval before the sale, disposal, declaration of excess or surplus, transfer, or conveyance of Federal property with historical significance, and for other purposes.",['bill'],[],119,United States,lower
ocd-bill/49c7df7a-f134-4217-9744-77daa5379ca7,HR 2108,TANF State Expenditure Integrity Act of 2025,['bill'],[],119,United States,lower
ocd-bill/39a18b48-6db6-46dd-b832-5034c5024b95,HR 2093,"To amend the Federal Water Pollution Control Act with respect to permitting terms, and for other purposes.",['bill'],[],119,United States,lower
ocd-bill/d65d4d22-d117-4436-b91b-3fa924d30a73,HR 2105,Preventing Illegal Weapons Trafficking Act of 2025,['bill'],[],119,United States,lower
ocd-bill/c69e9224-760b-45ba-92fd-1c56f0cb35f3,HR 2129,No Round Up Act,['bill'],[],119,United States,lower
ocd-bill/015bea78-0d79-4250-977e-9a9cf87d6a96,HR 2152,AI PLAN Act,['bill'],[],119,United States,lower
ocd-bill/4059f7e1-233d-4723-a941-3aeb14e68b50,HR 2162,Honey Integrity Act,['bill'],[],119,United States,lower
ocd-bill/56cd2942-d466-4b44-b561-d7a0a54bee37,HR 2122,IMPACT Act 2.0,['bill'],[],119,United States,lower
ocd-bill/eed30027-d86b-4dc3-84e8-6687dffb61aa,HR 2146,To amend the Internal Revenue Code of 1986 to provide refunds with respect to certain dyed fuels that are exempt from tax and with respect to which tax was previously paid.,['bill'],[],119,United States,lower
ocd-bill/f10ad657-8ecf-4c18-a40a-0bbcb79416b1,S 1073,Crop Insurance for Future Farmers Act,['bill'],[],119,United States,upper
ocd-bill/da4dee8d-2b9a-4954-9018-a7abc8e2f9e5,HR 1703,Choices for Increased Mobility Act of 2025,['bill'],[],119,United States,lower
ocd-bill/86b748c6-844b-40ef-9625-cd0172a6ee19,HR 2159,Count the Crimes to Cut Act of 2025,['bill'],[],119,United States,lower
ocd-bill/b0e5632e-5e8d-4df4-8204-e5c3fcbafe6a,HR 2134,Southern Nevada Economic Development and Conservation Act,['bill'],[],119,United States,lower
ocd-bill/f12ad63b-ebc5-46b1-9347-1245a75fde17,HR 2150,TRACE Act,['bill'],[],119,United States,lower
ocd-bill/c9ab0e54-a307-46db-851a-5a99d2ddbd5d,HR 2163,No Penalties for Victims of Fraud Act,['bill'],[],119,United States,lower
ocd-bill/2aaa7ed9-af3b-4bd7-8ccc-da7fafc0725e,HR 2147,Stop CCP VISAs Act of 2025,['bill'],[],119,United States,lower
ocd-bill/e186a6e3-5474-4119-bc8f-0ad124e5be40,HR 2149,Correcting Guam’s History in the PACT Act,['bill'],[],119,United States,lower
ocd-bill/ae847016-17b7-45d7-87db-fa9f8f3bc95e,HR 2137,Review Every Veterans Claim Act of 2025,['bill'],[],119,United States,lower
ocd-bill/f7adf5f6-34a3-4369-ad85-9095797c62ac,HR 2153,Fight for Families Act of 2025,['bill'],[],119,United States,lower
ocd-bill/fdab4226-cdb2-4471-8c54-3e5d942d9a76,HRES 224,"Expressing support for the recognition of ""Detransition Awareness Day"".",['resolution'],[],119,United States,lower
ocd-bill/c215f015-a1c5-4290-b4fc-867698f5ea9d,HR 2128,Reimbursing Border Communities Act of 2025,['bill'],[],119,United States,lower
ocd-bill/19e91281-315f-4da0-81fb-284feba131b5,HR 2166,Safe Routes Act of 2025,['bill'],[],119,United States,lower
ocd-bill/cb0a1be6-4a05-4af8-a391-185bce396b44,S 1075,MERIT Act,['bill'],[],119,United States,upper
ocd-bill/2dfc29b0-69d7-45be-9216-fb8af26f2d42,HR 2126,FOCA Act of 2025,['bill'],[],119,United States,lower
ocd-bill/72e62061-6751-4461-a2b5-b9afabd77ac7,HRES 116,Condemning the pardons for individuals who were found guilty of assaulting Capitol Police Officers.,['resolution'],[],119,United States,lower
ocd-bill/857e4de1-c39f-4a63-9e21-f4869b841608,HR 2120,ROCR Value Based Program Act,['bill'],[],119,United States,lower
ocd-bill/91082c58-03e5-4d3a-ae46-6108527a229e,HR 2138,Veterans’ Compensation Cost-of-Living Adjustment Act of 2025,['bill'],[],119,United States,lower
ocd-bill/916d29db-197f-4bc1-a7e5-881345d2a225,HR 2113,America Supports Taiwan Act,['bill'],[],119,United States,lower
ocd-bill/8cd979f8-173e-4400-bccb-a09bdfe819cb,S 1072,Stop CARB Act of 2025,['bill'],[],119,United States,upper
ocd-bill/975a6ba1-c988-460c-9867-23e33ff7e507,HR 2125,SOS Act of 2025,['bill'],[],119,United States,lower
ocd-bill/f366e36b-178e-4bff-9db8-608bcf9500f9,HR 2132,Marianas Air Service Improvement Act,['bill'],[],119,United States,lower
ocd-bill/67e4753e-00eb-4b15-a4f0-da293d7f070d,HR 2107,Children’s Hospital GME Support Reauthorization Act of 2025,['bill'],[],119,United States,lower
ocd-bill/791451f8-4cf0-4c79-a9d9-5b96e7264946,HR 2158,Countering Transnational Repression Act of 2025,['bill'],[],119,United States,lower
ocd-bill/6a6bfafd-77ad-4ad0-9270-e7b1ec34fc50,HR 2116,Law Enforcement Support and Counter Transnational Repression Act,['bill'],[],119,United States,lower
ocd-bill/2980de48-fcc0-449d-81f1-80ee16f6062a,S 1076,Preventing Illegal Weapons Trafficking Act of 2025,['bill'],[],119,United States,upper
ocd-bill/90024e95-7514-454d-b9e5-e84f2200298d,HR 1732,GUARD VA Benefits Act,['bill'],[],119,United States,lower
ocd-bill/5ce83531-8af9-4dfd-bc6c-41827db3b24f,HR 2115,Ending China’s Unfair Advantage Act of 2025,['bill'],[],119,United States,lower
ocd-bill/85f843e4-c5ef-4368-aa0c-bcfb066c931d,HR 2111,"To amend the Federal Food, Drug, and Cosmetic Act to exempt the premium cigar industry from certain regulations.",['bill'],[],119,United States,lower
ocd-bill/6d04f0c5-135f-4d63-a906-f430e451369d,HR 2161,Human-Animal Chimera Prohibition Act of 2025,['bill'],[],119,United States,lower
ocd-bill/9afe7761-222a-4ee2-9ba4-cf21045a1600,HR 2140,Diesel Emissions Reduction Act of 2025,['bill'],[],119,United States,lower
ocd-bill/bd2f3da7-841c-4640-b9ee-4cd5ed700f3c,S 1079,Restoring Law and Order Act of 2025,['bill'],[],119,United States,upper
ocd-bill/cbef4675-a6a1-4baf-b7da-97185cc70c1b,HR 2148,"Veteran Caregiver Reeducation, Reemployment, and Retirement Act",['bill'],[],119,United States,lower
ocd-bill/ce45b0b9-eb16-4fac-ab63-336bbb2da8ba,HR 2157,"To provide that members of the Armed Forces performing services in Kenya, Mali, Burkina Faso, and Chad shall be entitled to tax benefits in the same manner as if such services were performed in a combat zone.",['bill'],[],119,United States,lower
ocd-bill/53d3c2fc-460a-42b4-b73f-7e194d078499,HR 2101,Duplicative Grant Consolidation Act,['bill'],[],119,United States,lower
ocd-bill/57590124-1087-48a4-8032-82928f00b8af,HR 2103,Protect Postal Performance Act,['bill'],[],119,United States,lower
ocd-bill/d085708c-650b-4f8c-9053-0cbb79d349cf,HR 2097,"Education, Achievement, and Opportunity Act",['bill'],[],119,United States,lower
ocd-bill/6493de46-7865-4bf5-a717-3956886a1bb5,HR 1725,"Sgt. Isaac Woodard, Jr. and Sgt. Joseph H. Maddox GI Bill Restoration Act of 2025",['bill'],[],119,United States,lower
ocd-bill/8d943508-c3ee-4561-a0fb-d3c352a4e2f0,HR 2164,Dayton National Cemetery Expansion Act of 2025,['bill'],[],119,United States,lower
ocd-bill/a348ad47-3603-4b0a-af30-b89cb630f810,S 1083,Land Manager Housing and Workforce Improvement Act of 2025,['bill'],[],119,United States,upper
ocd-bill/26b3fd1b-4d7f-4ac8-ad32-2b418fbab8cc,S 1082,Safeguarding Medicaid Act,['bill'],[],119,United States,upper
ocd-bill/6bca79ad-0d3f-4539-8880-4541a754dd2e,HR 2112,"To give the force and effect of law to the Executive Order issued on March 6, 2025 entitled ""Establishment of the Strategic Bitcoin Reserve and United States Digital Asset Stockpile"".",['bill'],[],119,United States,lower
ocd-bill/e58ea71f-5e61-4ec0-88e3-b1b810b2e089,S 1087,Rebuild America’s Health Care Schools Act of 2025,['bill'],[],119,United States,upper
ocd-bill/218f1164-8298-491c-852f-7511efac07b0,HR 2110,Safe Vehicle Access for Survivors Act,['bill'],[],119,United States,lower
ocd-bill/b02ce9bb-fce8-4f13-a679-c7881e5e4680,HR 2133,Lakes Before Turbines Act,['bill'],[],119,United States,lower
ocd-bill/a63229ae-0118-4fff-a81f-3902792c58b8,HR 2124,LAND Act,['bill'],[],119,United States,lower
ocd-bill/f8eabc92-cda3-4af3-ba37-f160a34ee27f,HR 2104,National STEM Week Act,['bill'],[],119,United States,lower
ocd-bill/a4b46add-0c54-429a-b271-d3563c3efc33,HR 2099,"To amend the Workforce Innovation and Opportunity Act to authorize a study to review specific outcomes of entrepreneurial skills development programs, and for other purposes.",['bill'],[],119,United States,lower
ocd-bill/c06dd0c7-6913-422d-b4a3-b69211db5e54,HR 2131,Presidential Security Resources Reimbursement Act of 2025,['bill'],[],119,United States,lower
ocd-bill/3812efea-4e99-4ba5-8def-46c1b55ab7f9,HR 2127,Expel Illegal Chinese Police Act of 2025,['bill'],[],119,United States,lower
ocd-bill/57a2a698-cc62-45ab-a937-67c52a5cfad5,HR 2098,Deliver for Democracy Act,['bill'],[],119,United States,lower
ocd-bill/a3b755a6-8c11-4be1-9d32-266210589744,HRES 221,"Expressing support for designation of March 14, 2025, as ""National Pi Day"".",['resolution'],[],119,United States,lower
ocd-bill/34fb9672-7cb0-42f3-82c0-8b522a96be96,HRES 223,Honoring the 108th anniversary of Selfridge Air National Guard Base and the contributions of Selfridge Air National Guard Base to the military and national security of the United States.,['resolution'],[],119,United States,lower
ocd-bill/f833cb4a-2d62-47ff-8141-0a1b06b60fe0,HR 2130,Tribal Trust Land Homeownership Act of 2025,['bill'],[],119,United States,lower
ocd-bill/0495a710-e240-4b65-b831-5cead561208f,HR 2123,NFIP Extension Act of 2025,['bill'],[],119,United States,lower
ocd-bill/9ae49e1f-9faa-4f76-a423-36ec08b73be6,HR 2167,Transportation Equity Act,['bill'],[],119,United States,lower
ocd-bill/ea250719-8227-4ee4-9c72-326fb33b701f,HR 2143,Small Business Transportation Investment Act of 2025,['bill'],[],119,United States,lower
ocd-bill/a7e8519c-3345-455f-b307-4f3be7d4b7dc,HR 2096,Protecting Our Nation’s Capital Emergency Act of 2025,['bill'],[],119,United States,lower
ocd-bill/519ace8d-6bec-4e58-968d-483f7a19894a,HRES 222,"Recognizing the patriotism and contributions of veterans service organizations, veteran advocacy groups, and volunteers.",['resolution'],[],119,United States,lower
ocd-bill/b2aabeeb-aff8-4550-822a-8a3ad0148593,HJRES 7,Proposing an amendment to the Constitution of the United States to prohibit Members of Congress from receiving compensation during a fiscal year unless both Houses of Congress have agreed to a concurrent resolution on the budget for that fiscal year prior to the beginning of that fiscal year.,['resolution'],[],119,United States,lower
ocd-bill/5b824b72-59fd-4e8c-a226-fd5918323b30,S 1071,"A bill to require the Secretary of Veterans Affairs to disinter the remains of Fernando V. Cota from Fort Sam Houston National Cemetery, Texas, and for other purposes.",['bill'],[],119,United States,upper
ocd-bill/85790b7b-3fb1-436a-aba4-701cd47566de,HR 2100,No Bailouts for Reparations Act,['bill'],[],119,United States,lower
ocd-bill/40d0a66d-3f07-4a9c-8479-fecacd5f0f7e,S 1070,National STEM Week Act,['bill'],[],119,United States,upper
ocd-bill/964ff8db-439f-4921-8286-a120eb023f96,S 1078,Mississippi River Basin Fishery Commission Act,['bill'],[],119,United States,upper
ocd-bill/1449eadb-4a83-4498-ad42-88c6315e35bc,HR 1541,Wireless Broadband Competition and Efficient Deployment Act,['bill'],[],119,United States,lower
ocd-bill/0790341a-03f6-4528-ac5b-9a206e45822f,HR 1580,"To amend section 3001 of title 39, United States Code, to require solicitations sent in the mail to be clearly identified as solicitations, and for other purposes.",['bill'],[],119,United States,lower
ocd-bill/4acf89ae-fb91-448e-bb95-2110b9e97d65,HR 1525,Protecting Life from Chemical Abortions Act,['bill'],[],119,United States,lower
ocd-bill/5d32dc4b-d4ea-4d8f-8ab7-49b8341e73c0,HR 1557,Stop Sexual Harassment in K–12 Act,['bill'],[],119,United States,lower
ocd-bill/5cf4f66f-00bd-4d3f-b1b8-cc0e0198202f,HR 1531,PROTECT Taiwan Act,['bill'],[],119,United States,lower
ocd-bill/b1a426ad-b56d-4d2c-928e-e5bddfb36b72,HR 1604,Farm and Food Cybersecurity Act of 2025,['bill'],[],119,United States,lower
ocd-bill/66ec09eb-c236-4c3d-8e6a-85545946625b,HR 1626,"Edward J. Dwight, Jr., Congressional Gold Medal Act of 2025",['bill'],[],119,United States,lower
ocd-bill/0a78d89c-1bae-4706-baf2-0cfa389fbb7c,HR 1482,Navajo-Gallup Water Supply Project Amendments Act of 2025,['bill'],[],119,United States,lower
ocd-bill/3adc0499-eeed-46aa-8b9c-06a13870e101,HR 1615,Strengthening Exports Against China Act,['bill'],[],119,United States,lower
ocd-bill/4ab760ce-324c-40cf-885b-45e57a33b5b2,HR 1617,Wireless Resiliency and Flexible Investment Act of 2025,['bill'],[],119,United States,lower
ocd-bill/914192d0-caa1-404b-b8fb-63392adc7c43,HR 1619,No Funds for Fascists Act,['bill'],[],119,United States,lower
ocd-bill/63949c54-3f5e-4105-8377-57f340f71baa,HR 1630,"To allow States to elect to observe year-round daylight saving time, and for other purposes.",['bill'],[],119,United States,lower
ocd-bill/2b5e4ae7-458a-4d0c-937d-47826c1cf9b3,S 116,"A bill to rename the medical center of the Department of Veterans Affairs in Dallas, Texas, as the ""Eddie Bernice Johnson VA Medical Center"".",['bill'],[],119,United States,upper
